"First Name","Last Name","Product List"
"James","Smith","Smart Watch, Microphone, Microphone, Smart Watch"
"James","Johnson","Bluetooth Headphones"
"James","Williams","Storage Containers, Storage Containers"
"James","Brown","Cable Organizer, Cable Organizer"
"James","Jones","Screen Protector, Bookshelf"
"James","Garcia","Smart Watch, Smart Watch, USB-C Hub"
"James","Miller","Office Chair, Throw Pillows, Office Chair"
"James","Davis","Monitor Stand"
"James","Rodriguez","Screen Protector"
"James","Martinez","Screen Protector, Screen Protector"
"James","Hernandez","Screen Protector"
"James","Lopez","Wireless Charger, Power Strip, Wireless Charger"
"James","Gonzalez","Food Processor"
"James","Wilson","Kitchen Blender, Wireless Presenter, Wireless Presenter"
"James","Anderson","File Cabinet, File Cabinet"
"James","Thomas","Toaster Oven, Toaster Oven, Water Bottle"
"James","Taylor","Mechanical Keyboard, Mechanical Keyboard"
"James","Moore","Bath Towels"
"James","Jackson","Wireless Mouse"
"James","Martin","Webcam HD"
"James","Peter","External SSD, Rice Cooker"
"James","Victoria","WiFi Router, WiFi Router, Storage Containers"
"James","Raymond","Water Bottle"
"James","Julia","Kitchen Blender, Wireless Earbuds"
"James","Scott","Drawer Unit, Drawer Unit, Storage Containers"
"James","Grace","Rice Cooker"
"James","Dennis","Storage Shelf"
"James","Evelyn","WiFi Router"
"James","Gregory","Mechanical Keyboard, Desk Mat, Desk Mat, Mechanical Keyboard"
"James","Anna","WiFi Router, WiFi Router"
"James","Walter","USB-C Hub, Microphone"
"James","Rose","Desk Lamp, Kitchen Blender"
"James","Patrick","Storage Containers"
"James","Judith","File Cabinet, File Cabinet, Noise Cancelling Headset, Noise Cancelling Headset"
"James","Henry","Storage Containers"
"James","Christina","External SSD, Bath Towels"
"James","Douglas","Coffee Maker"
"James","Maria","USB-C Hub"
"James","Harold","Mechanical Keyboard"
"James","Nicole","Throw Pillows"
"James","Alexander","Webcam HD, Standing Desk"
"James","Megan","Monitor Stand"
"James","Samuel","Wireless Earbuds, Desk Mat"
"James","Dorothy","Bluetooth Headphones, Bluetooth Headphones"
"James","Frank","Wireless Earbuds, Wireless Earbuds"
"James","Sophia","Kitchen Blender, Kitchen Blender"
"James","Lawrence","Noise Cancelling Headset, Wireless Earbuds"
"James","Alice","Screen Protector, Screen Protector"
"James","Arthur","Desk Mat, WiFi Router, Desk Mat, WiFi Router"
"James","Ruth","Wireless Presenter, Keyboard Wrist Rest, Keyboard Wrist Rest"
"James","Philip","Keyboard Wrist Rest, Laptop Stand, Keyboard Wrist Rest, Laptop Stand"
"James","Diana","Food Processor"
"James","Roger","Bath Towels, Bath Towels, Bookshelf"
"James","Natalie","File Cabinet"
"James","Benjamin","Gaming Mouse Pad, Bluetooth Headphones, Bluetooth Headphones"
"James","Virginia","Air Purifier, Food Processor"
"James","Bruce","Screen Protector, Screen Protector, WiFi Router"
"James","Madison","Desk Mat"
"James","Adam","File Cabinet"
"James","Abigail","Wireless Presenter"
"James","Gerald","Bath Towels, Bath Towels, Phone Grip"
"James","Lauren","Laptop Sleeve, Bluetooth Headphones, Bluetooth Headphones"
"James","Keith","Wireless Mouse"
"James","Isabella","USB-C Hub, Desk Mat, Desk Mat"
"James","Terry","Mechanical Keyboard"
"James","Jane","Food Processor, Food Processor"
"James","Wayne","Bookshelf, Bookshelf, Coffee Maker"
"James","Amy","Wireless Presenter, Smartphone Case"
"James","Ralph","Bluetooth Headphones, Wireless Earbuds"
"James","Cynthia","Wireless Charger"
"James","Smith","Webcam HD, Noise Cancelling Headset"
"James","Johnson","Laptop Sleeve"
"James","Williams","Storage Shelf, Wireless Presenter, Wireless Presenter"
"James","Brown","Gaming Keyboard, Smartphone Case"
"James","Jones","Air Purifier, Cable Organizer, Air Purifier"
"James","Garcia","Kitchen Blender"
"James","Miller","Wireless Charger, Wireless Charger"
"James","Davis","Storage Shelf"
"James","Rodriguez","Water Bottle, Water Bottle, File Cabinet"
"James","Martinez","4K Monitor, Storage Containers"
"James","Hernandez","File Cabinet, Standing Desk"
"James","Lopez","Bookshelf, Bookshelf"
"James","Gonzalez","Tablet Stand, Storage Containers"
"James","Wilson","Bluetooth Headphones, Bluetooth Headphones"
"James","Anderson","Laptop Stand, Laptop Stand, Standing Desk"
"James","Thomas","4K Monitor, 4K Monitor, Storage Shelf, Storage Shelf"
"James","Taylor","Wireless Earbuds"
"James","Moore","Mechanical Keyboard, Bookshelf"
"James","Jackson","Air Purifier, USB-C Hub"
"James","Martin","Keyboard Wrist Rest, Keyboard Wrist Rest"
"James","Peter","Monitor Stand, Computer Speakers"
"James","Victoria","Air Purifier"
"James","Raymond","Coffee Maker"
"James","Julia","Laptop Stand"
"James","Scott","Desk Lamp, External SSD"
"James","Grace","Bluetooth Headphones"
"James","Dennis","Office Chair, Food Processor, Office Chair"
"James","Evelyn","Bath Towels, Throw Pillows"
"James","Gregory","Noise Cancelling Headset, Noise Cancelling Headset"
"James","Anna","Food Processor"
"James","Walter","Wireless Charger, Smart Watch"
"James","Rose","Laptop Sleeve, Office Chair"
"James","Patrick","Storage Shelf, Storage Shelf, Electric Kettle"
"James","Judith","Bath Towels, Food Processor, Bath Towels"
"James","Henry","Water Bottle, Keyboard Wrist Rest, Water Bottle"
"James","Christina","Monitor Stand, Throw Pillows"
"James","Douglas","Power Strip"
"James","Maria","WiFi Router, Bookshelf, Bookshelf, WiFi Router"
"James","Harold","USB-C Hub"
"James","Nicole","Smart Watch, Smart Watch"
"James","Alexander","Coffee Maker"
"James","Megan","Wireless Charger, Rice Cooker, Rice Cooker"
"James","Samuel","Smart Watch, Wireless Earbuds"
"James","Dorothy","Smart Watch, Smart Watch, Smart Watch"
"James","Frank","Storage Containers"
"James","Sophia","Throw Pillows, Throw Pillows"
"James","Lawrence","Standing Desk, Standing Desk"
"James","Alice","Wireless Earbuds"
"James","Arthur","Desk Organizer, Rice Cooker, Desk Organizer"
"James","Ruth","Food Processor"
"James","Philip","Smart Watch, Storage Shelf"
"James","Diana","Smartphone Case"
"James","Roger","Smart Watch, Smart Watch"
"James","Natalie","Computer Speakers"
"James","Benjamin","Throw Pillows, Throw Pillows, Screen Protector, Screen Protector"
"James","Virginia","Desk Organizer, Desk Organizer, Desk Mat"
"James","Bruce","Mechanical Keyboard, USB-C Hub, Mechanical Keyboard, USB-C Hub"
"James","Madison","Desk Organizer"
"James","Adam","4K Monitor, Wireless Mouse"
"James","Abigail","Smartphone Case, 4K Monitor, Smartphone Case"
"James","Gerald","Smartphone Case"
"James","Lauren","Drawer Unit, Document Scanner"
"James","Keith","Cable Organizer, Cable Organizer"
"James","Isabella","Office Chair, Drawer Unit, Office Chair"
"James","Terry","Gaming Keyboard"
"James","Jane","Bookshelf"
"James","Wayne","Bluetooth Headphones, Wireless Mouse, Wireless Mouse"
"James","Amy","Throw Pillows, Throw Pillows"
"James","Ralph","Toaster Oven, Toaster Oven, Wireless Mouse"
"James","Cynthia","Wireless Earbuds"
"James","Smith","Monitor Stand, Desk Mat"
"James","Johnson","Cable Organizer"
"James","Williams","Air Purifier, Microphone, Microphone"
"James","Brown","Laptop Stand"
"James","Jones","Smart Watch"
"James","Garcia","Power Strip, Keyboard Wrist Rest"
"James","Miller","Power Strip, Coffee Maker"
"James","Davis","Rice Cooker, Rice Cooker, Smartphone Case"
"James","Rodriguez","Toaster Oven, Toaster Oven"
"James","Martinez","Monitor Stand, Throw Pillows"
"James","Hernandez","Laptop Sleeve, Wireless Charger, Laptop Sleeve"
"James","Lopez","Screen Protector"
"James","Gonzalez","Desk Lamp, Desk Lamp"
"James","Wilson","Keyboard Wrist Rest"
"James","Anderson","Gaming Keyboard"
"James","Thomas","Desk Lamp, Portable Charger"
"James","Taylor","Noise Cancelling Headset, Noise Cancelling Headset, Desk Mat"
"James","Moore","Desk Organizer, Desk Organizer"
"James","Jackson","Gaming Keyboard, Cable Organizer, Gaming Keyboard"
"James","Martin","Monitor Stand"
"James","Peter","Gaming Mouse Pad, Gaming Mouse Pad"
"James","Victoria","Wireless Presenter"
"James","Raymond","Gaming Keyboard"
"James","Julia","Food Processor, Food Processor"
"James","Scott","Smart Watch"
"James","Grace","Webcam HD, Laptop Sleeve"
"James","Dennis","Electric Kettle, Electric Kettle"
"James","Evelyn","Laptop Sleeve"
"James","Gregory","Food Processor"
"James","Anna","Screen Protector, Screen Protector, Toaster Oven"
"James","Walter","Coffee Maker, Noise Cancelling Headset, Noise Cancelling Headset"
"James","Rose","Desk Lamp, Electric Kettle, Desk Lamp"
"James","Patrick","Document Scanner, Smartphone Case, Document Scanner"
"James","Judith","Wireless Earbuds, Coffee Maker"
"James","Henry","Monitor Stand, Mechanical Keyboard"
"James","Christina","Drawer Unit"
"James","Douglas","Office Chair, Wireless Mouse, Office Chair"
"James","Maria","Portable Charger, Portable Charger"
"James","Harold","Mechanical Keyboard, Water Bottle"
"James","Nicole","File Cabinet"
"James","Alexander","Gaming Keyboard, Wall Clock, Wall Clock"
"James","Megan","Toaster Oven"
"James","Samuel","Bluetooth Headphones, Document Scanner"
"James","Dorothy","Bookshelf, Wireless Mouse"
"James","Frank","Smartphone Case"
"James","Sophia","Bookshelf"
"James","Lawrence","Laptop Sleeve"
"James","Alice","Monitor Stand"
"James","Arthur","Laptop Sleeve, Wireless Presenter"
"James","Ruth","Wireless Charger, Wireless Charger"
"James","Philip","Laptop Sleeve"
"James","Diana","Webcam HD, Screen Protector, Screen Protector, Webcam HD"
"James","Roger","Webcam HD, 4K Monitor"
"James","Natalie","Standing Desk, Desk Organizer"
"James","Benjamin","Gaming Mouse Pad"
"James","Virginia","Laptop Sleeve, Water Bottle"
"James","Bruce","Noise Cancelling Headset"
"James","Madison","Air Purifier"
"James","Adam","Wireless Presenter, Food Processor, Wireless Presenter"
"James","Abigail","Gaming Keyboard"
"James","Gerald","Food Processor, Laptop Sleeve"
"James","Lauren","Storage Shelf, Smartphone Case"
"James","Keith","Desk Lamp"
"James","Isabella","Storage Shelf, Power Strip"
"James","Terry","4K Monitor, 4K Monitor, Cable Organizer"
"James","Jane","Water Bottle"
"James","Wayne","Throw Pillows, Standing Desk, Throw Pillows"
"James","Amy","Laptop Sleeve, Laptop Sleeve"
"James","Ralph","Storage Shelf, Storage Shelf"
"James","Cynthia","Monitor Stand, Monitor Stand"
"James","Smith","Storage Shelf, Storage Shelf, Smart Watch"
"James","Johnson","Standing Desk"
"James","Williams","Microphone, Microphone"
"James","Brown","Monitor Stand, Monitor Stand"
"James","Jones","WiFi Router"
"James","Garcia","Portable Charger"
"James","Miller","Tablet Stand, Food Processor"
"James","Davis","Smartphone Case"
"James","Rodriguez","Smartphone Case"
"James","Martinez","Noise Cancelling Headset"
"James","Hernandez","Webcam HD, Throw Pillows"
"James","Lopez","Bath Towels, Document Scanner, Document Scanner"
"James","Gonzalez","Phone Grip, Phone Grip"
"James","Wilson","Keyboard Wrist Rest"
"James","Anderson","Throw Pillows, Throw Pillows"
"James","Thomas","Kitchen Blender, Bluetooth Headphones"
"James","Taylor","Keyboard Wrist Rest"
"James","Moore","Gaming Mouse Pad, Noise Cancelling Headset, Noise Cancelling Headset, Gaming Mouse Pad"
"James","Jackson","Gaming Keyboard, Desk Lamp, Desk Lamp"
"James","Martin","Storage Containers, Microphone"
"James","Peter","Wireless Mouse, Phone Grip, Phone Grip"
"James","Victoria","Kitchen Blender, Toaster Oven, Kitchen Blender"
"James","Raymond","Desk Lamp, Screen Protector"
"James","Julia","Computer Speakers, Computer Speakers"
"James","Scott","Webcam HD, Water Bottle, Water Bottle"
"James","Grace","Wireless Earbuds"
"James","Dennis","File Cabinet"
"James","Evelyn","Wireless Mouse, Screen Protector"
"James","Gregory","WiFi Router"
"James","Anna","File Cabinet, Laptop Sleeve"
"James","Walter","Bookshelf, Bookshelf"
"James","Rose","Phone Grip"
"James","Patrick","Wireless Earbuds, Wireless Earbuds"
"James","Judith","Wall Clock"
"James","Henry","Kitchen Blender, Power Strip"
"James","Christina","Desk Organizer, Desk Organizer, Tablet Stand"
"James","Douglas","Document Scanner, Document Scanner"
"James","Maria","Coffee Maker"
"James","Harold","Air Purifier"
"James","Nicole","Bookshelf, External SSD, External SSD"
"James","Alexander","File Cabinet"
"James","Megan","Standing Desk, Standing Desk"
"James","Samuel","USB-C Hub"
"James","Dorothy","Air Purifier"
"James","Frank","Wireless Presenter, Wireless Presenter, Wireless Presenter"
"James","Sophia","Phone Grip"
"James","Lawrence","Drawer Unit, Drawer Unit"
"James","Alice","Laptop Sleeve, Laptop Sleeve"
"James","Arthur","Smart Watch, Wall Clock, Smart Watch"
"James","Ruth","Water Bottle, Water Bottle, Standing Desk"
"James","Philip","Desk Lamp, Tablet Stand"
"James","Diana","Storage Shelf"
"James","Roger","Electric Kettle, Wall Clock"
"James","Natalie","Air Purifier"
"James","Benjamin","Office Chair, Webcam HD"
"James","Virginia","File Cabinet, File Cabinet"
"James","Bruce","Bath Towels, Bath Towels, Bookshelf"
"James","Madison","Throw Pillows, Bookshelf, Bookshelf"
"James","Adam","Microphone"
"James","Abigail","Bluetooth Headphones, Laptop Stand"
"James","Gerald","Cable Organizer"
"James","Lauren","Electric Kettle, Electric Kettle, Storage Containers"
"James","Keith","Phone Grip, Phone Grip"
"James","Isabella","Standing Desk"
"James","Terry","Bath Towels, Water Bottle, Bath Towels"
"James","Jane","USB-C Hub, Gaming Mouse Pad, Gaming Mouse Pad"
"James","Wayne","Microphone"
"James","Amy","USB-C Hub, USB-C Hub"
"James","Ralph","Monitor Stand"
"James","Cynthia","Kitchen Blender"
"James","Smith","Noise Cancelling Headset"
"James","Johnson","Bath Towels, Kitchen Blender"
"James","Williams","Kitchen Blender"
"James","Brown","Webcam HD"
"James","Jones","Air Purifier, Air Purifier"
"James","Garcia","Laptop Sleeve, Laptop Sleeve"
"James","Miller","Gaming Mouse Pad, Tablet Stand, Tablet Stand"
"James","Davis","Water Bottle, Bath Towels"
"James","Rodriguez","Rice Cooker"
"James","Martinez","Kitchen Blender, File Cabinet"
"James","Hernandez","Bath Towels, Coffee Maker"
"James","Lopez","Tablet Stand, Office Chair, Tablet Stand, Office Chair"
"James","Gonzalez","WiFi Router"
"James","Wilson","Bluetooth Headphones, WiFi Router, Bluetooth Headphones"
"James","Anderson","Portable Charger, Wireless Charger, Wireless Charger, Portable Charger"
"James","Thomas","Wireless Presenter, Monitor Stand"
"James","Taylor","Bath Towels"
"James","Moore","Electric Kettle, Electric Kettle"
"James","Jackson","Wireless Earbuds, Computer Speakers, Wireless Earbuds"
"James","Martin","Water Bottle"
"James","Peter","Gaming Mouse Pad, Bluetooth Headphones"
"James","Victoria","Throw Pillows, Desk Lamp, Throw Pillows"
"James","Raymond","Keyboard Wrist Rest, Storage Shelf"
"James","Julia","Power Strip, Power Strip"
"James","Scott","Electric Kettle, Electric Kettle"
"James","Grace","Coffee Maker"
"James","Dennis","Portable Charger"
"James","Evelyn","Toaster Oven"
"James","Gregory","Phone Grip, Phone Grip"
"James","Anna","File Cabinet, File Cabinet, Computer Speakers"
"James","Walter","Electric Kettle, Electric Kettle"
"James","Rose","Power Strip, Kitchen Blender"
"James","Patrick","Office Chair, Kitchen Blender"
"James","Judith","Desk Lamp, Wireless Mouse, Wireless Mouse, Desk Lamp"
"James","Henry","Electric Kettle, Electric Kettle, Electric Kettle"
"James","Christina","Wireless Earbuds, Document Scanner"
"James","Douglas","Rice Cooker, Standing Desk"
"James","Maria","External SSD, Drawer Unit, Drawer Unit"
"James","Harold","Laptop Sleeve, Power Strip"
"James","Nicole","Laptop Stand"
"James","Alexander","Food Processor, Toaster Oven, Food Processor"
"James","Megan","Bath Towels"
"James","Samuel","Food Processor"
"James","Dorothy","File Cabinet, File Cabinet, File Cabinet"
"James","Frank","Coffee Maker, Laptop Stand, Laptop Stand, Coffee Maker"
"James","Sophia","Bath Towels, Wall Clock, Bath Towels"
"James","Lawrence","Bluetooth Headphones"
"James","Alice","Wireless Mouse, Laptop Stand"
"James","Arthur","Food Processor, Noise Cancelling Headset"
"James","Ruth","Coffee Maker, Toaster Oven, Coffee Maker"
"James","Philip","Gaming Mouse Pad"
"James","Diana","4K Monitor"
"James","Roger","Cable Organizer"
"James","Natalie","Electric Kettle, Screen Protector"
"James","Benjamin","Wireless Earbuds, Wireless Earbuds, WiFi Router"
"James","Virginia","Storage Shelf, WiFi Router"
"James","Bruce","Smartphone Case, Smartphone Case"
"James","Madison","External SSD, External SSD, Document Scanner, Document Scanner"
"James","Adam","Noise Cancelling Headset, Noise Cancelling Headset"
"James","Abigail","Phone Grip"
"James","Gerald","Air Purifier, Air Purifier, Smartphone Case"
"James","Lauren","Gaming Keyboard"
"James","Keith","Smart Watch, Smart Watch, Computer Speakers"
"James","Isabella","Storage Containers, Drawer Unit"
"James","Terry","Bookshelf"
"James","Jane","Office Chair, Desk Mat"
"James","Wayne","Document Scanner, Laptop Stand"
"James","Amy","Office Chair, Wireless Presenter"
"James","Ralph","Wireless Presenter"
"James","Cynthia","Wireless Mouse, Wireless Mouse"
"James","Smith","Toaster Oven, Toaster Oven"
"James","Johnson","Standing Desk, Standing Desk"
"James","Williams","Food Processor, Monitor Stand"
"James","Brown","Tablet Stand, Bath Towels"
"James","Jones","Laptop Stand"
"James","Garcia","Storage Containers, Storage Containers, Phone Grip"
"James","Miller","Bath Towels"
"James","Davis","Keyboard Wrist Rest, Keyboard Wrist Rest, Wireless Presenter"
"James","Rodriguez","Desk Lamp, Laptop Sleeve"
"James","Martinez","Laptop Stand, Rice Cooker"
"James","Hernandez","Noise Cancelling Headset"
"James","Lopez","File Cabinet, Desk Lamp"
"James","Gonzalez","Air Purifier, Desk Organizer, Air Purifier"
"James","Wilson","Wall Clock"
"James","Anderson","WiFi Router"
"James","Thomas","Power Strip, Power Strip"
"James","Taylor","Office Chair, Office Chair"
"James","Moore","Desk Lamp, Desk Lamp, Computer Speakers"
"James","Jackson","WiFi Router, Wireless Earbuds, Wireless Earbuds, WiFi Router"
"James","Martin","Bath Towels, Office Chair, Office Chair"
"James","Peter","Portable Charger"
"James","Victoria","Kitchen Blender, Kitchen Blender, Wireless Charger"
"James","Raymond","Bookshelf"
"James","Julia","Cable Organizer, Desk Mat"
"James","Scott","Portable Charger"
"James","Grace","Toaster Oven"
"James","Dennis","Laptop Stand"
"James","Evelyn","Screen Protector, Monitor Stand"
"James","Gregory","Throw Pillows, Throw Pillows, Coffee Maker"
"James","Anna","Keyboard Wrist Rest, Wireless Earbuds, Wireless Earbuds"
"James","Walter","Smart Watch, Smart Watch, External SSD"
"James","Rose","Smart Watch, Office Chair"
"James","Patrick","Air Purifier"
"James","Judith","Food Processor"
"James","Henry","Toaster Oven"
"James","Christina","Rice Cooker, Bluetooth Headphones"
"James","Douglas","Wireless Earbuds, Noise Cancelling Headset"
"James","Maria","Webcam HD, Webcam HD"
"James","Harold","Smartphone Case, Laptop Stand"
"James","Nicole","Storage Shelf, Wall Clock, Wall Clock"
"James","Alexander","Toaster Oven"
"James","Megan","Wireless Mouse"
"James","Samuel","Water Bottle"
"James","Dorothy","Wall Clock, Wall Clock"
"James","Frank","Storage Shelf, Cable Organizer"
"James","Sophia","Computer Speakers, Desk Organizer"
"James","Lawrence","Laptop Sleeve, Laptop Sleeve"
"James","Alice","Monitor Stand, Monitor Stand, Electric Kettle, Electric Kettle"
"James","Arthur","Tablet Stand"
"James","Ruth","Standing Desk, Laptop Sleeve, Standing Desk"
"James","Philip","Document Scanner, Webcam HD"
"James","Diana","External SSD"
"James","Roger","Gaming Keyboard, Gaming Keyboard, Water Bottle"
"James","Natalie","Wireless Charger, Gaming Mouse Pad, Wireless Charger, Gaming Mouse Pad"
"James","Benjamin","Food Processor"
"James","Virginia","Bluetooth Headphones"
"James","Bruce","Throw Pillows, Throw Pillows"
"James","Madison","Food Processor, Laptop Stand"
"James","Adam","Rice Cooker"
"James","Abigail","Office Chair"
"James","Gerald","Wireless Mouse, Wireless Mouse"
"James","Lauren","Wall Clock, Laptop Sleeve, Laptop Sleeve"
"James","Keith","Bookshelf, Drawer Unit"
"James","Isabella","Bookshelf, Bookshelf"
"James","Terry","Food Processor"
"James","Jane","Noise Cancelling Headset, Noise Cancelling Headset, Desk Organizer, Desk Organizer"
"James","Wayne","Smart Watch, Food Processor, Smart Watch"
"James","Amy","USB-C Hub"
"James","Ralph","Bookshelf"
"James","Cynthia","Desk Mat, Office Chair, Desk Mat"
"James","Smith","Water Bottle, Water Bottle, Screen Protector"
"James","Johnson","Bookshelf, Bookshelf, Bookshelf"
"James","Williams","Keyboard Wrist Rest, Noise Cancelling Headset"
"James","Brown","Screen Protector, Screen Protector"
"James","Jones","Wall Clock, Wall Clock"
"James","Garcia","Microphone"
"James","Miller","Electric Kettle, Electric Kettle, Monitor Stand"
"James","Davis","Smart Watch, Smart Watch, Throw Pillows"
"James","Rodriguez","Office Chair, Office Chair"
"James","Martinez","4K Monitor, 4K Monitor, Wireless Mouse"
"James","Hernandez","Phone Grip, Phone Grip, Computer Speakers"
"James","Lopez","USB-C Hub, External SSD, USB-C Hub, External SSD"
"James","Gonzalez","Keyboard Wrist Rest"
"James","Wilson","Cable Organizer, Cable Organizer"
"James","Anderson","Storage Containers, Wireless Mouse, Wireless Mouse"
"James","Thomas","Wireless Charger, Wireless Charger"
"James","Taylor","Desk Organizer"
"James","Moore","Phone Grip, Kitchen Blender"
"James","Jackson","Noise Cancelling Headset, Noise Cancelling Headset, Wireless Earbuds"
"James","Martin","Smart Watch"
"James","Peter","Keyboard Wrist Rest, Bluetooth Headphones"
"James","Victoria","Laptop Sleeve"
"James","Raymond","Water Bottle, Water Bottle"
"James","Julia","Screen Protector, Screen Protector, Air Purifier"
"James","Scott","Mechanical Keyboard"
"James","Grace","Mechanical Keyboard"
"James","Dennis","Wireless Charger"
"James","Evelyn","Bookshelf"
"James","Gregory","Keyboard Wrist Rest, Portable Charger"
"James","Anna","Desk Organizer, Computer Speakers, Computer Speakers, Desk Organizer"
"James","Walter","Wireless Charger, Bluetooth Headphones"
"James","Rose","Noise Cancelling Headset, 4K Monitor, Noise Cancelling Headset"
"James","Patrick","Computer Speakers"
"James","Judith","Air Purifier"
"James","Henry","Bookshelf, Bath Towels"
"James","Christina","Drawer Unit, Drawer Unit"
"James","Douglas","Desk Organizer, Storage Shelf, Desk Organizer"
"James","Maria","Rice Cooker, Smart Watch"
"James","Harold","Gaming Mouse Pad"
"James","Nicole","Drawer Unit, Laptop Sleeve"
"James","Alexander","Storage Containers"
"James","Megan","Gaming Mouse Pad, Gaming Mouse Pad"
"James","Samuel","Wireless Presenter"
"James","Dorothy","Water Bottle"
"James","Frank","Toaster Oven"
"James","Sophia","Storage Shelf"
"James","Lawrence","Monitor Stand"
"James","Alice","Kitchen Blender, Laptop Stand"
"James","Arthur","Mechanical Keyboard"
"James","Ruth","Air Purifier, Air Purifier"
"James","Philip","Rice Cooker, Coffee Maker"
"James","Diana","Bookshelf, Standing Desk"
"James","Roger","Kitchen Blender"
"James","Natalie","Bath Towels, Bath Towels, WiFi Router"
"James","Benjamin","Power Strip, Power Strip, 4K Monitor"
"James","Virginia","Food Processor, Food Processor"
"James","Bruce","Food Processor"
"James","Madison","Wireless Charger, Bath Towels"
"James","Adam","Computer Speakers, Air Purifier, Computer Speakers"
"James","Abigail","Gaming Mouse Pad, Throw Pillows, Gaming Mouse Pad"
"James","Gerald","Smartphone Case, Mechanical Keyboard, Smartphone Case"
"James","Lauren","WiFi Router, WiFi Router"
"James","Keith","Portable Charger, Laptop Stand, Portable Charger"
"James","Isabella","Drawer Unit"
"James","Terry","Water Bottle, Power Strip"
"James","Jane","Mechanical Keyboard, Mechanical Keyboard"
"James","Wayne","Laptop Sleeve, Laptop Sleeve"
"James","Amy","Wireless Presenter, Tablet Stand, Tablet Stand, Wireless Presenter"
"James","Ralph","Water Bottle, Webcam HD, Water Bottle"
"James","Cynthia","Cable Organizer, Cable Organizer, Kitchen Blender"
"James","Smith","Office Chair, Tablet Stand, Office Chair"
"James","Johnson","Microphone, Microphone, Gaming Keyboard, Gaming Keyboard"
"James","Williams","Portable Charger, Electric Kettle, Portable Charger"
"James","Brown","Kitchen Blender, Keyboard Wrist Rest"
"James","Jones","Noise Cancelling Headset"
"James","Garcia","Drawer Unit"
"James","Miller","Smartphone Case, Smartphone Case, Drawer Unit"
"James","Davis","Laptop Stand, Electric Kettle"
"James","Rodriguez","Phone Grip, Noise Cancelling Headset"
"James","Martinez","Bookshelf"
"James","Hernandez","Screen Protector, Screen Protector, Phone Grip"
"James","Lopez","4K Monitor, Power Strip, 4K Monitor, Power Strip"
"James","Gonzalez","Keyboard Wrist Rest, Keyboard Wrist Rest, Wireless Earbuds"
"James","Wilson","Tablet Stand, Tablet Stand"
"James","Anderson","Noise Cancelling Headset"
"James","Thomas","Smartphone Case"
"James","Taylor","Kitchen Blender"
"James","Moore","Storage Shelf"
"James","Jackson","Portable Charger, Portable Charger"
"James","Martin","Monitor Stand"
"James","Peter","Desk Organizer, Desk Organizer"
"James","Victoria","Bluetooth Headphones"
"James","Raymond","Monitor Stand"
"James","Julia","Tablet Stand, 4K Monitor"
"James","Scott","Wireless Presenter, Wireless Presenter"
"James","Grace","Microphone, External SSD"
"James","Dennis","Laptop Stand, Laptop Stand, Wireless Earbuds"
"James","Evelyn","Toaster Oven"
"James","Gregory","Webcam HD"
"James","Anna","Throw Pillows, Throw Pillows"
"James","Walter","Power Strip, Document Scanner"
"James","Rose","Standing Desk"
"James","Patrick","4K Monitor, 4K Monitor"
"James","Judith","Standing Desk"
"James","Henry","Tablet Stand"
"James","Christina","Air Purifier, Air Purifier"
"James","Douglas","File Cabinet"
"James","Maria","Smartphone Case, Smartphone Case, Desk Mat"
"James","Harold","WiFi Router, WiFi Router"
"James","Nicole","Monitor Stand, Monitor Stand, Electric Kettle"
"James","Alexander","Wireless Earbuds"
"James","Megan","Phone Grip"
"James","Samuel","Standing Desk, Storage Containers"
"James","Dorothy","Throw Pillows, Phone Grip"
"James","Frank","Food Processor, Food Processor, Document Scanner"
"James","Sophia","Throw Pillows, External SSD"
"James","Lawrence","Monitor Stand"
"James","Alice","Gaming Mouse Pad, Gaming Mouse Pad, Gaming Mouse Pad"
"James","Arthur","Desk Organizer"
"James","Ruth","Coffee Maker"
"James","Philip","Tablet Stand, Office Chair"
"James","Diana","Smartphone Case, Document Scanner"
"James","Roger","Kitchen Blender, Mechanical Keyboard, Kitchen Blender, Mechanical Keyboard"
"James","Natalie","Monitor Stand"
"James","Benjamin","4K Monitor"
"James","Virginia","Phone Grip"
"James","Bruce","Wireless Presenter"
"James","Madison","Smartphone Case, Laptop Stand"
"James","Adam","Wireless Charger, Wireless Charger, Wireless Charger"
"James","Abigail","Microphone"
"James","Gerald","File Cabinet, Webcam HD"
"James","Lauren","WiFi Router, Document Scanner, WiFi Router"
"James","Keith","Webcam HD, Webcam HD, Portable Charger, Portable Charger"
"James","Isabella","Desk Organizer"
"James","Terry","Rice Cooker, Office Chair"
"James","Jane","Bluetooth Headphones, Desk Organizer"
"James","Wayne","Storage Shelf"
"James","Amy","Wireless Presenter, Wireless Presenter"
"James","Ralph","Monitor Stand, Keyboard Wrist Rest"
"James","Cynthia","Wall Clock"
"James","Smith","Bluetooth Headphones, Tablet Stand"
"James","Johnson","Document Scanner, Storage Containers, Storage Containers, Document Scanner"
"James","Williams","Noise Cancelling Headset, Drawer Unit, Drawer Unit"
"James","Brown","External SSD"
"James","Jones","Noise Cancelling Headset"
"James","Garcia","Water Bottle, Smart Watch, Water Bottle"
"James","Miller","Electric Kettle"
"James","Davis","Electric Kettle, Electric Kettle"
"James","Rodriguez","Storage Shelf, Wireless Presenter, Wireless Presenter"
"James","Martinez","Air Purifier, Air Purifier, Screen Protector"
"James","Hernandez","Computer Speakers"
"James","Lopez","Gaming Keyboard"
"James","Gonzalez","Drawer Unit, Drawer Unit, Cable Organizer, Cable Organizer"
"James","Wilson","Smart Watch"
"James","Anderson","Electric Kettle"
"James","Thomas","Laptop Sleeve"
"James","Taylor","Power Strip, Power Strip, WiFi Router, WiFi Router"
"James","Moore","Office Chair, Power Strip, Power Strip"
"James","Jackson","Desk Lamp"
"James","Martin","Air Purifier"
"James","Peter","Cable Organizer, Mechanical Keyboard, Mechanical Keyboard"
"James","Victoria","File Cabinet, File Cabinet"
"James","Raymond","Drawer Unit, Air Purifier, Air Purifier"
"James","Julia","Microphone"
"James","Scott","Noise Cancelling Headset, Noise Cancelling Headset, Wireless Earbuds"
"James","Grace","Bookshelf, Microphone"
"James","Dennis","Wireless Mouse, Bookshelf, Bookshelf"
"James","Evelyn","Coffee Maker, Smart Watch"
"James","Gregory","Microphone, Microphone"
"James","Anna","Noise Cancelling Headset"
"James","Walter","Water Bottle, Laptop Sleeve, Water Bottle"
"James","Rose","4K Monitor, Webcam HD"
"James","Patrick","Rice Cooker, Webcam HD, Webcam HD"
"James","Judith","Office Chair, Office Chair, Document Scanner"
"James","Henry","Toaster Oven"
"James","Christina","Wireless Earbuds, Wireless Earbuds"
"James","Douglas","Wireless Mouse, Rice Cooker, Rice Cooker"
"James","Maria","Desk Organizer, Storage Shelf"
"James","Harold","Keyboard Wrist Rest, Keyboard Wrist Rest, Air Purifier"
"James","Nicole","Wireless Mouse, 4K Monitor, 4K Monitor"
"James","Alexander","Office Chair, Wireless Earbuds, Wireless Earbuds"
"James","Megan","Microphone"
"James","Samuel","Wireless Mouse, Smart Watch, Wireless Mouse"
"James","Dorothy","Webcam HD, Webcam HD"
"James","Frank","Wall Clock"
"James","Sophia","Smart Watch"
"James","Lawrence","Screen Protector"
"James","Alice","Storage Shelf, Storage Shelf, Water Bottle"
"James","Arthur","Bookshelf, Desk Organizer"
"James","Ruth","Throw Pillows"
"James","Philip","Document Scanner, Document Scanner"
"James","Diana","Electric Kettle, Electric Kettle"
"James","Roger","Document Scanner, Office Chair"
"James","Natalie","Wireless Earbuds"
"James","Benjamin","Wireless Mouse, Smart Watch, Wireless Mouse"
"James","Virginia","Kitchen Blender, Wall Clock"
"James","Bruce","Storage Shelf, Storage Shelf"
"James","Madison","Laptop Stand, Webcam HD, Webcam HD, Laptop Stand"
"James","Adam","Water Bottle, Water Bottle"
"James","Abigail","Storage Shelf, Rice Cooker, Storage Shelf, Rice Cooker"
"James","Gerald","Coffee Maker, Throw Pillows, Coffee Maker"
"James","Lauren","Mechanical Keyboard, Mechanical Keyboard"
"James","Keith","Portable Charger"
"James","Isabella","Monitor Stand, Tablet Stand, Monitor Stand"
"James","Terry","Tablet Stand, Bookshelf"
"James","Jane","Laptop Sleeve, USB-C Hub"
"James","Wayne","Power Strip"
"James","Amy","Coffee Maker, Wireless Earbuds"
"James","Ralph","Screen Protector, Gaming Keyboard, Screen Protector"
"James","Cynthia","Kitchen Blender"
"James","Smith","Mechanical Keyboard, Bath Towels, Bath Towels"
"James","Johnson","Bluetooth Headphones, Bluetooth Headphones"
"James","Williams","Storage Shelf, Storage Shelf"
"James","Brown","Mechanical Keyboard, Mechanical Keyboard"
"James","Jones","Laptop Stand"
"James","Garcia","Wall Clock, Microphone, Microphone"
"James","Miller","Food Processor, Noise Cancelling Headset, Food Processor"
"James","Davis","Keyboard Wrist Rest, Bath Towels, Keyboard Wrist Rest"
"James","Rodriguez","Laptop Stand, Rice Cooker, Rice Cooker"
"James","Martinez","Webcam HD, Microphone, Webcam HD"
"James","Hernandez","Portable Charger, Smart Watch"
"James","Lopez","File Cabinet, File Cabinet"
"James","Gonzalez","Tablet Stand, Tablet Stand, Noise Cancelling Headset"
"James","Wilson","Keyboard Wrist Rest, Wireless Presenter, Keyboard Wrist Rest"
"James","Anderson","Wireless Presenter"
"James","Thomas","Smartphone Case"
"James","Taylor","Desk Mat, Laptop Stand"
"James","Moore","Keyboard Wrist Rest, Bookshelf"
"James","Jackson","Tablet Stand, Tablet Stand, Water Bottle"
"James","Martin","4K Monitor"
"James","Peter","Desk Lamp, Desk Lamp, Mechanical Keyboard"
"James","Victoria","Noise Cancelling Headset, Smart Watch, Noise Cancelling Headset"
"James","Raymond","Coffee Maker, Bookshelf, Bookshelf, Coffee Maker"
"James","Julia","Phone Grip, Phone Grip, File Cabinet"
"James","Scott","Rice Cooker, Rice Cooker"
"James","Grace","Portable Charger, Portable Charger"
"James","Dennis","Food Processor, Water Bottle, Water Bottle"
"James","Evelyn","Wireless Presenter, USB-C Hub, USB-C Hub"
"James","Gregory","Desk Lamp"
"James","Anna","Laptop Stand"
"James","Walter","Gaming Keyboard, 4K Monitor"
"James","Rose","Microphone"
"James","Patrick","Document Scanner, External SSD, Document Scanner"
"James","Judith","Bath Towels"
"James","Henry","Gaming Mouse Pad"
"James","Christina","Laptop Sleeve, Laptop Sleeve"
"James","Douglas","Phone Grip, Noise Cancelling Headset"
"James","Maria","Smart Watch"
"James","Harold","Power Strip, Power Strip"
"James","Nicole","Wall Clock, Cable Organizer"
"James","Alexander","Coffee Maker, Rice Cooker"
"James","Megan","Wireless Charger, Wireless Charger, Desk Mat"
"James","Samuel","Mechanical Keyboard, Mechanical Keyboard"
"James","Dorothy","Wall Clock"
"James","Frank","Portable Charger"
"James","Sophia","WiFi Router, Screen Protector"
"James","Lawrence","Smart Watch, Smart Watch"
"James","Alice","File Cabinet, Microphone"
"James","Arthur","Wall Clock, Electric Kettle, Electric Kettle"
"James","Ruth","Monitor Stand"
"James","Philip","Noise Cancelling Headset, Noise Cancelling Headset"
"James","Diana","File Cabinet, File Cabinet, File Cabinet"
"James","Roger","Cable Organizer"
"James","Natalie","Bath Towels, Bath Towels"
"James","Benjamin","Throw Pillows, Kitchen Blender, Throw Pillows, Kitchen Blender"
"James","Virginia","Desk Mat, Desk Mat, Smart Watch"
"James","Bruce","Bookshelf, Bookshelf"
"James","Madison","Laptop Sleeve, Electric Kettle"
"James","Adam","Wireless Charger, Screen Protector, Screen Protector, Wireless Charger"
"James","Abigail","Gaming Mouse Pad, Gaming Mouse Pad, Food Processor"
"James","Gerald","Desk Lamp, Mechanical Keyboard, Mechanical Keyboard, Desk Lamp"
"James","Lauren","USB-C Hub, Noise Cancelling Headset"
"James","Keith","Rice Cooker, 4K Monitor"
"James","Isabella","Power Strip"
"James","Terry","Wall Clock, Gaming Mouse Pad, Wall Clock"
"James","Jane","Water Bottle, Water Bottle"
"James","Wayne","Webcam HD, Throw Pillows, Webcam HD"
"James","Amy","USB-C Hub, USB-C Hub, Noise Cancelling Headset, Noise Cancelling Headset"
"James","Ralph","Electric Kettle, Electric Kettle"
"James","Cynthia","Air Purifier, Air Purifier, Throw Pillows"
"James","Smith","Standing Desk, Standing Desk, Storage Shelf"
"James","Johnson","Storage Shelf"
"James","Williams","External SSD, External SSD"
"James","Brown","Portable Charger"
"James","Jones","Wireless Earbuds, Wireless Earbuds, Desk Mat"
"James","Garcia","Screen Protector"
"James","Miller","Portable Charger"
"James","Davis","Laptop Sleeve"
"James","Rodriguez","Gaming Mouse Pad"
"James","Martinez","Microphone"
"James","Hernandez","Laptop Stand, Water Bottle"
"James","Lopez","Storage Shelf"
"James","Gonzalez","USB-C Hub"
"James","Wilson","Power Strip, Storage Containers"
"James","Anderson","Food Processor"
"James","Thomas","Desk Organizer, Standing Desk"
"James","Taylor","Kitchen Blender, Kitchen Blender"
"James","Moore","Water Bottle, Toaster Oven"
"James","Jackson","Desk Lamp, Desk Lamp"
"James","Martin","Storage Shelf, Storage Shelf"
"James","Peter","Phone Grip, Laptop Stand, Laptop Stand, Phone Grip"
"James","Victoria","Gaming Mouse Pad"
"James","Raymond","Computer Speakers, Storage Shelf, Computer Speakers"
"James","Julia","Throw Pillows"
"James","Scott","Storage Shelf, Webcam HD, Webcam HD"
"James","Grace","Laptop Stand, Laptop Stand"
"James","Dennis","File Cabinet, File Cabinet"
"James","Evelyn","Rice Cooker"
"James","Gregory","Laptop Sleeve"
"James","Anna","Wireless Charger, Wireless Charger"
"James","Walter","Document Scanner"
"James","Rose","Desk Lamp"
"James","Patrick","USB-C Hub"
"James","Judith","Storage Shelf"
"James","Henry","Standing Desk"
"James","Christina","Mechanical Keyboard, Mechanical Keyboard"
"James","Douglas","Noise Cancelling Headset, Noise Cancelling Headset, USB-C Hub, USB-C Hub"
"James","Maria","Monitor Stand, Monitor Stand"
"James","Harold","Storage Shelf, USB-C Hub"
"James","Nicole","Phone Grip, Wireless Earbuds, Wireless Earbuds"
"James","Alexander","Microphone"
"James","Megan","USB-C Hub, USB-C Hub"
"James","Samuel","USB-C Hub, Storage Shelf"
"James","Dorothy","Power Strip, Computer Speakers, Computer Speakers"
"James","Frank","Storage Containers"
"James","Sophia","Coffee Maker, Throw Pillows"
"James","Lawrence","Toaster Oven, Kitchen Blender"
"James","Alice","Wall Clock, Throw Pillows"
"James","Arthur","Microphone"
"James","Ruth","Bluetooth Headphones"
"James","Philip","Desk Lamp, Phone Grip"
"James","Diana","Desk Organizer"
"James","Roger","Power Strip, Monitor Stand, Power Strip, Monitor Stand"
"James","Natalie","Tablet Stand, Tablet Stand"
"James","Benjamin","Toaster Oven, Bluetooth Headphones"
"James","Virginia","Water Bottle"
"James","Bruce","Microphone, Drawer Unit, Drawer Unit"
"James","Madison","File Cabinet"
"James","Adam","Wireless Presenter"
"James","Abigail","Storage Containers, Power Strip, Storage Containers"
"James","Gerald","Office Chair, Phone Grip"
"James","Lauren","Water Bottle, Water Bottle"
"James","Keith","Desk Mat"
"James","Isabella","Wireless Presenter, Drawer Unit"
"James","Terry","External SSD"
"James","Jane","Standing Desk, Food Processor"
"James","Wayne","Wireless Charger"
"James","Amy","Food Processor, Food Processor"
"James","Ralph","Noise Cancelling Headset"
"James","Cynthia","Desk Mat"
"James","Smith","Desk Organizer"
"James","Johnson","Keyboard Wrist Rest, Keyboard Wrist Rest, Wireless Mouse"
"James","Williams","Drawer Unit, Cable Organizer"
"James","Brown","Keyboard Wrist Rest, Toaster Oven, Toaster Oven, Keyboard Wrist Rest"
"James","Jones","USB-C Hub"
"James","Garcia","Power Strip, Power Strip, Bath Towels"
"James","Miller","Cable Organizer"
"James","Davis","Electric Kettle, Electric Kettle"
"James","Rodriguez","Standing Desk, Mechanical Keyboard"
"James","Martinez","Air Purifier, Drawer Unit"
"James","Hernandez","Wireless Presenter"
"James","Lopez","WiFi Router"
"James","Gonzalez","Desk Lamp"
"James","Wilson","Keyboard Wrist Rest, Computer Speakers"
"James","Anderson","Rice Cooker, Rice Cooker"
"James","Thomas","Wireless Charger, Desk Mat"
"James","Taylor","External SSD, File Cabinet, External SSD"
"James","Moore","Air Purifier, Air Purifier, Portable Charger, Portable Charger"
"James","Jackson","Wireless Charger, Bath Towels"
"James","Martin","Electric Kettle, Noise Cancelling Headset, Electric Kettle, Noise Cancelling Headset"
"James","Peter","Bookshelf, Tablet Stand, Bookshelf"
"James","Victoria","Power Strip, Computer Speakers"
"James","Raymond","Screen Protector, File Cabinet, File Cabinet"
"James","Julia","Drawer Unit, Storage Containers, Drawer Unit"
"James","Scott","Desk Mat, Document Scanner"
"James","Grace","Kitchen Blender, Kitchen Blender"
"James","Dennis","Smartphone Case, Laptop Stand, Laptop Stand"
"James","Evelyn","Microphone"
"James","Gregory","Cable Organizer, Noise Cancelling Headset, Noise Cancelling Headset, Cable Organizer"
"James","Anna","Kitchen Blender, Kitchen Blender"
"James","Walter","Kitchen Blender, Drawer Unit"
"James","Rose","Bookshelf"
"James","Patrick","Bluetooth Headphones, Microphone"
"James","Judith","Bluetooth Headphones, Coffee Maker, Bluetooth Headphones"
"James","Henry","Wall Clock"
"James","Christina","Laptop Stand, Monitor Stand"
"James","Douglas","Storage Shelf, Storage Shelf, Kitchen Blender"
"James","Maria","Phone Grip"
"James","Harold","External SSD"
"James","Nicole","Power Strip"
"James","Alexander","Smartphone Case"
"James","Megan","Microphone, WiFi Router, WiFi Router"
"James","Samuel","Noise Cancelling Headset, Mechanical Keyboard, Mechanical Keyboard"
"James","Dorothy","Desk Mat"
"James","Frank","Phone Grip"
"James","Sophia","Standing Desk, Standing Desk, Cable Organizer, Cable Organizer"
"James","Lawrence","Desk Lamp, USB-C Hub, Desk Lamp"
"James","Alice","Standing Desk, Monitor Stand, Monitor Stand"
"James","Arthur","Coffee Maker, Office Chair"
"James","Ruth","Tablet Stand, Air Purifier, Tablet Stand"
"James","Philip","Throw Pillows"
"James","Diana","Throw Pillows, Throw Pillows"
"James","Roger","Smart Watch, Wireless Charger"
"James","Natalie","Power Strip, Food Processor"
"James","Benjamin","Desk Organizer"
"James","Virginia","Wireless Mouse, Storage Containers"
"James","Bruce","Water Bottle"
"James","Madison","Wall Clock"
"James","Adam","File Cabinet, Tablet Stand"
"James","Abigail","Microphone, Smartphone Case"
"James","Gerald","Wireless Presenter, Wireless Presenter, Wireless Earbuds"
"James","Lauren","Screen Protector, Screen Protector"
"James","Keith","Office Chair"
"James","Isabella","Power Strip, Kitchen Blender"
"James","Terry","Mechanical Keyboard"
"James","Jane","Toaster Oven, Coffee Maker"
"James","Wayne","Desk Lamp"
"James","Amy","Portable Charger, Laptop Sleeve"
"James","Ralph","Water Bottle, Drawer Unit, Water Bottle"
"James","Cynthia","Tablet Stand"
"James","Smith","Cable Organizer, Tablet Stand"
"James","Johnson","4K Monitor, Cable Organizer, Cable Organizer"
"James","Williams","Food Processor, Food Processor"
"James","Brown","Kitchen Blender, Electric Kettle"
"James","Jones","Monitor Stand"
"James","Garcia","Office Chair"
"James","Miller","Food Processor"
"James","Davis","Laptop Sleeve, Laptop Stand"
"James","Rodriguez","Smart Watch, Mechanical Keyboard"
"James","Martinez","Wireless Charger, Gaming Mouse Pad"
"James","Hernandez","Drawer Unit, Computer Speakers, Computer Speakers"
"James","Lopez","Power Strip"
"James","Gonzalez","Storage Shelf, Tablet Stand, Tablet Stand"
"James","Wilson","Tablet Stand, USB-C Hub"
"James","Anderson","Desk Organizer, Water Bottle"
"James","Thomas","Mechanical Keyboard, Mechanical Keyboard, WiFi Router, WiFi Router"
"James","Taylor","Smart Watch, Smart Watch"
"James","Moore","4K Monitor, 4K Monitor"
"James","Jackson","Smartphone Case, Power Strip"
"James","Martin","Gaming Keyboard, Air Purifier, Air Purifier"
"James","Peter","Water Bottle, Water Bottle"
"James","Victoria","Noise Cancelling Headset"
"James","Raymond","Gaming Keyboard"
"James","Julia","Portable Charger"
"James","Scott","Bluetooth Headphones, Bluetooth Headphones"
"James","Grace","4K Monitor, 4K Monitor, Bluetooth Headphones"
"James","Dennis","External SSD, External SSD"
"James","Evelyn","Phone Grip, Phone Grip, Tablet Stand"
"James","Gregory","Food Processor"
"James","Anna","Wireless Charger"
"James","Walter","Rice Cooker"
"James","Rose","Webcam HD, Webcam HD, Computer Speakers, Computer Speakers"
"James","Patrick","Screen Protector"
"James","Judith","Portable Charger, Monitor Stand, Monitor Stand"
"James","Henry","Office Chair, Portable Charger, Portable Charger"
"James","Christina","Electric Kettle, Electric Kettle, Throw Pillows"
"James","Douglas","4K Monitor"
"James","Maria","Portable Charger, Drawer Unit"
"James","Harold","Drawer Unit, Drawer Unit"
"James","Nicole","Wireless Charger, Bookshelf"
"James","Alexander","Air Purifier, Bluetooth Headphones, Bluetooth Headphones, Air Purifier"
"James","Megan","Water Bottle"
"James","Samuel","Mechanical Keyboard, Noise Cancelling Headset"
"James","Dorothy","Webcam HD, Webcam HD"
"James","Frank","Wireless Earbuds"
"James","Sophia","Computer Speakers, Food Processor"
"James","Lawrence","Coffee Maker, Wireless Earbuds"
"James","Alice","Webcam HD, Webcam HD"
"James","Arthur","Screen Protector"
"James","Ruth","Gaming Keyboard, Gaming Keyboard"
"James","Philip","Phone Grip, Wall Clock, Wall Clock"
"James","Diana","Monitor Stand, Gaming Keyboard"
"James","Roger","Bookshelf, Coffee Maker, Coffee Maker"
"James","Natalie","Noise Cancelling Headset"
"James","Benjamin","Smart Watch"
"James","Virginia","Storage Shelf, Storage Shelf"
"James","Bruce","Document Scanner, Drawer Unit"
"James","Madison","Microphone, Microphone, Document Scanner"
"James","Adam","Rice Cooker, Air Purifier, Rice Cooker"
"James","Abigail","Rice Cooker"
"James","Gerald","USB-C Hub, USB-C Hub, Wall Clock"
"James","Lauren","Laptop Stand"
"James","Keith","Microphone"
"James","Isabella","Drawer Unit"
"James","Terry","WiFi Router, WiFi Router"
"James","Jane","Coffee Maker, Coffee Maker, Storage Containers"
"James","Wayne","Desk Organizer, Desk Organizer, Food Processor"
"James","Amy","Monitor Stand, Desk Mat, Desk Mat"
"James","Ralph","Toaster Oven"
"James","Cynthia","Mechanical Keyboard, Mechanical Keyboard, Screen Protector"
"James","Smith","Laptop Stand, Smartphone Case"
"James","Johnson","Bath Towels"
"James","Williams","4K Monitor, 4K Monitor, Throw Pillows, Throw Pillows"
"James","Brown","Bath Towels, Bluetooth Headphones"
"James","Jones","Tablet Stand, Tablet Stand, Wall Clock, Wall Clock"
"James","Garcia","Document Scanner, Gaming Keyboard, Document Scanner"
"James","Miller","Power Strip, Power Strip"
"James","Davis","Toaster Oven, Wireless Earbuds"
"James","Rodriguez","Desk Lamp"
"James","Martinez","Throw Pillows"
"James","Hernandez","Throw Pillows, Wall Clock"
"James","Lopez","Phone Grip"
"James","Gonzalez","File Cabinet, Wireless Presenter"
"James","Wilson","Water Bottle, Gaming Keyboard, Gaming Keyboard"
"James","Anderson","Office Chair"
"James","Thomas","Cable Organizer, Toaster Oven"
"James","Taylor","Toaster Oven, Storage Containers, Toaster Oven"
"James","Moore","Smart Watch, Document Scanner, Document Scanner"
"James","Jackson","Electric Kettle"
"James","Martin","Bath Towels, Bath Towels"
"James","Peter","External SSD, Wireless Presenter, Wireless Presenter, External SSD"
"James","Victoria","Electric Kettle, Office Chair"
"James","Raymond","Document Scanner"
"James","Julia","Wireless Charger, Wireless Charger, Wall Clock"
"James","Scott","File Cabinet, File Cabinet"
"James","Grace","Coffee Maker, Coffee Maker"
"James","Dennis","Cable Organizer, Cable Organizer, Tablet Stand"
"James","Evelyn","Portable Charger"
"James","Gregory","Bath Towels, Wireless Presenter"
"James","Anna","Storage Shelf, Wall Clock"
"James","Walter","Mechanical Keyboard"
"James","Rose","Bath Towels, Laptop Stand, Bath Towels"
"James","Patrick","File Cabinet, File Cabinet"
"James","Judith","Power Strip, Power Strip"
"James","Henry","Document Scanner, Food Processor"
"James","Christina","Bookshelf, Desk Mat"
"James","Douglas","Webcam HD"
"James","Maria","Wireless Presenter"
"James","Harold","Laptop Stand"
"James","Nicole","Wireless Earbuds"
"James","Alexander","Bookshelf, Bookshelf, Rice Cooker"
"James","Megan","Microphone, Storage Containers, Storage Containers, Microphone"
"James","Samuel","Electric Kettle, Noise Cancelling Headset"
"James","Dorothy","Smartphone Case, Power Strip"
"James","Frank","File Cabinet, Air Purifier, File Cabinet"
"James","Sophia","Rice Cooker"
"James","Lawrence","Bath Towels, Computer Speakers, Computer Speakers"
"James","Alice","Monitor Stand, Coffee Maker"
"James","Arthur","File Cabinet"
"James","Ruth","Portable Charger, Portable Charger"
"James","Philip","4K Monitor, 4K Monitor"
"James","Diana","Storage Containers, Storage Containers, Document Scanner"
"James","Roger","Bluetooth Headphones"
"James","Natalie","Rice Cooker, Laptop Sleeve"
"James","Benjamin","Laptop Sleeve, Air Purifier"
"James","Virginia","Keyboard Wrist Rest"
"James","Bruce","Food Processor, Food Processor, Laptop Sleeve, Laptop Sleeve"
"James","Madison","External SSD, Standing Desk"
"James","Adam","Document Scanner"
"James","Abigail","Gaming Mouse Pad"
"James","Gerald","File Cabinet"
"James","Lauren","WiFi Router, WiFi Router, Gaming Keyboard, Gaming Keyboard"
"James","Keith","Desk Lamp"
"James","Isabella","Air Purifier, Air Purifier"
"James","Terry","Keyboard Wrist Rest"
"James","Jane","Office Chair, Office Chair"
"James","Wayne","WiFi Router"
"James","Amy","Portable Charger, Portable Charger"
"James","Ralph","Tablet Stand, Cable Organizer, Cable Organizer"
"James","Cynthia","Desk Mat, Smartphone Case"
"James","Smith","Smart Watch, Desk Mat, Smart Watch, Desk Mat"
"James","Johnson","Screen Protector, Screen Protector, WiFi Router, WiFi Router"
"James","Williams","Electric Kettle, Electric Kettle, Office Chair"
"James","Brown","Smartphone Case, Smartphone Case"
"James","Jones","Webcam HD, Webcam HD, Bookshelf"
"James","Garcia","File Cabinet, Keyboard Wrist Rest"
"James","Miller","Office Chair, Office Chair, Kitchen Blender, Kitchen Blender"
"James","Davis","Computer Speakers, Computer Speakers, Coffee Maker"
"James","Rodriguez","Screen Protector, Noise Cancelling Headset"
"James","Martinez","Desk Lamp, Tablet Stand, Tablet Stand"
"James","Hernandez","Desk Mat, Rice Cooker, Rice Cooker"
"James","Lopez","Screen Protector, Screen Protector"
"James","Gonzalez","Standing Desk, Drawer Unit, Drawer Unit"
"James","Wilson","Desk Mat"
"James","Anderson","Toaster Oven"
"James","Thomas","Coffee Maker"
"James","Taylor","Smart Watch, Smart Watch"
"James","Moore","Mechanical Keyboard, Rice Cooker"
"James","Jackson","Webcam HD, Portable Charger, Webcam HD"
"James","Martin","Gaming Keyboard, Gaming Keyboard"
"James","Peter","Monitor Stand, Laptop Stand"
"James","Victoria","Screen Protector, Monitor Stand"
"James","Raymond","Phone Grip, Phone Grip"
"James","Julia","Toaster Oven, Storage Containers"
"James","Scott","Computer Speakers, Tablet Stand, Computer Speakers"
"James","Grace","Office Chair, Office Chair, Storage Containers"
"James","Dennis","Wall Clock, Storage Containers"
"James","Evelyn","Drawer Unit"
"James","Gregory","USB-C Hub"
"James","Anna","Cable Organizer, Bath Towels"
"James","Walter","Gaming Mouse Pad, Electric Kettle"
"James","Rose","Storage Shelf, Storage Shelf"
"James","Patrick","Air Purifier, Air Purifier"
"James","Judith","Wireless Mouse, Laptop Sleeve, Wireless Mouse"
"James","Henry","Desk Mat, Office Chair"
"James","Christina","Mechanical Keyboard"
"James","Douglas","Webcam HD"
"James","Maria","Bookshelf, Tablet Stand"
"James","Harold","Wireless Charger, Wireless Charger"
"James","Nicole","Smartphone Case, Screen Protector"
"James","Alexander","Monitor Stand, Monitor Stand"
"James","Megan","Desk Organizer, Desk Organizer"
"James","Samuel","Gaming Mouse Pad, Gaming Mouse Pad"
"James","Dorothy","Storage Shelf, Storage Shelf, Storage Shelf"
"James","Frank","Wireless Mouse, Wireless Earbuds"
"James","Sophia","Computer Speakers, Bookshelf, Bookshelf, Computer Speakers"
"James","Lawrence","Throw Pillows, Monitor Stand, Throw Pillows, Monitor Stand"
"James","Alice","Screen Protector, Screen Protector"
"James","Arthur","Toaster Oven"
"James","Ruth","Webcam HD, Webcam HD"
"James","Philip","Screen Protector, Screen Protector, Bookshelf"
"James","Diana","Throw Pillows, Throw Pillows"
"James","Roger","Gaming Keyboard, Gaming Keyboard, Tablet Stand"
"James","Natalie","WiFi Router, External SSD, WiFi Router"
"James","Benjamin","Throw Pillows"
"James","Virginia","Coffee Maker, Coffee Maker"
"James","Bruce","Bluetooth Headphones, Food Processor"
"James","Madison","Computer Speakers, Cable Organizer, Cable Organizer"
"James","Adam","Keyboard Wrist Rest"
"James","Abigail","Coffee Maker, Water Bottle"
"James","Gerald","Rice Cooker, Cable Organizer, Cable Organizer, Rice Cooker"
"James","Lauren","USB-C Hub, Laptop Sleeve, Laptop Sleeve"
"James","Keith","WiFi Router, Wireless Charger"
"James","Isabella","Tablet Stand, Tablet Stand"
"James","Terry","4K Monitor"
"James","Jane","Desk Lamp"
"James","Wayne","Document Scanner"
"James","Amy","Storage Containers, Phone Grip"
"James","Ralph","Wall Clock, Wall Clock"
"James","Cynthia","Storage Shelf, Rice Cooker"
"James","Smith","Bluetooth Headphones"
"James","Johnson","Wireless Mouse, Wireless Mouse, Computer Speakers"
"James","Williams","Wireless Earbuds, Kitchen Blender, Wireless Earbuds"
"James","Brown","Gaming Keyboard, Portable Charger"
"James","Jones","Laptop Sleeve, Laptop Stand, Laptop Sleeve"
"James","Garcia","Gaming Mouse Pad, Standing Desk"
"James","Miller","Webcam HD, Throw Pillows"
"James","Davis","Water Bottle"
"James","Rodriguez","Wireless Charger, Wireless Charger, Microphone"
"James","Martinez","External SSD"
"James","Hernandez","Smartphone Case, Cable Organizer, Smartphone Case"
"James","Lopez","Bluetooth Headphones, Wireless Charger, Bluetooth Headphones"
"James","Gonzalez","Storage Containers"
"James","Wilson","Portable Charger"
"James","Anderson","Water Bottle, Wireless Mouse, Wireless Mouse"
"James","Thomas","Smart Watch, Food Processor, Food Processor"
"James","Taylor","Kitchen Blender, Kitchen Blender, External SSD"
"James","Moore","Water Bottle, Tablet Stand"
"James","Jackson","Cable Organizer, File Cabinet, File Cabinet"
"James","Martin","Bath Towels, Bath Towels"
"James","Peter","Power Strip, Food Processor, Food Processor"
"James","Victoria","Phone Grip, Monitor Stand"
"James","Raymond","Keyboard Wrist Rest, Storage Shelf, Keyboard Wrist Rest"
"James","Julia","Wireless Charger, Bookshelf"
"James","Scott","Food Processor, Food Processor, Wireless Presenter, Wireless Presenter"
"James","Grace","Wall Clock"
"James","Dennis","Monitor Stand, Wireless Charger"
"James","Evelyn","Mechanical Keyboard, Mechanical Keyboard"
"James","Gregory","Smart Watch, Smart Watch"
"James","Anna","Bluetooth Headphones, Bluetooth Headphones"
"James","Walter","Microphone, USB-C Hub, Microphone"
"James","Rose","Rice Cooker, Power Strip"
"James","Patrick","Bath Towels, Throw Pillows, Throw Pillows"
"James","Judith","Wireless Charger, Wireless Charger, Wireless Charger"
"James","Henry","Laptop Sleeve, Laptop Sleeve"
"James","Christina","Wireless Charger"
"James","Douglas","Wireless Charger, Wireless Charger, Portable Charger, Portable Charger"
"James","Maria","Phone Grip, Phone Grip, Gaming Mouse Pad"
"James","Harold","Wireless Charger"
"James","Nicole","Bath Towels, Laptop Sleeve"
"James","Alexander","Throw Pillows"
"James","Megan","External SSD"
"James","Samuel","Kitchen Blender, Kitchen Blender, Phone Grip"
"James","Dorothy","Webcam HD"
"James","Frank","4K Monitor, 4K Monitor"
"James","Sophia","Storage Shelf, Portable Charger, Storage Shelf"
"James","Lawrence","Document Scanner, WiFi Router"
"James","Alice","Standing Desk"
"James","Arthur","Noise Cancelling Headset"
"James","Ruth","4K Monitor, Office Chair"
"James","Philip","Document Scanner, Document Scanner"
"James","Diana","Screen Protector, Drawer Unit, Drawer Unit"
"James","Roger","Laptop Stand, Kitchen Blender, Kitchen Blender"
"James","Natalie","Wireless Earbuds, Wireless Mouse"
"James","Benjamin","Wireless Charger, Wireless Charger"
"James","Virginia","Desk Organizer"
"James","Bruce","Throw Pillows, Throw Pillows, Office Chair"
"James","Madison","Bluetooth Headphones"
"James","Adam","Wireless Charger"
"James","Abigail","4K Monitor, Cable Organizer"
"James","Gerald","Desk Lamp, Desk Lamp"
"James","Lauren","External SSD, Food Processor, Food Processor"
"James","Keith","Bath Towels, Bath Towels, Portable Charger"
"James","Isabella","Office Chair"
"James","Terry","4K Monitor"
"James","Jane","Monitor Stand"
"James","Wayne","Rice Cooker, Rice Cooker"
"James","Amy","Bath Towels"
"James","Ralph","Toaster Oven"
"James","Cynthia","Drawer Unit, Wireless Presenter, Wireless Presenter"
"James","Smith","Smart Watch, Bookshelf, Bookshelf"
"James","Johnson","Bluetooth Headphones, USB-C Hub"
"James","Williams","Bath Towels"
"James","Brown","Throw Pillows, Throw Pillows"
"James","Jones","Portable Charger"
"James","Garcia","Air Purifier, Wall Clock, Wall Clock, Air Purifier"
"James","Miller","External SSD, External SSD"
"James","Davis","Monitor Stand, Monitor Stand"
"James","Rodriguez","Phone Grip"
"James","Martinez","Gaming Mouse Pad, Gaming Mouse Pad, Wall Clock"
"James","Hernandez","Bookshelf, Bookshelf"
"James","Lopez","Tablet Stand"
"James","Gonzalez","Portable Charger, Tablet Stand, Portable Charger"
"James","Wilson","Wall Clock, Wall Clock"
"James","Anderson","Electric Kettle, Electric Kettle, Wall Clock"
"James","Thomas","Keyboard Wrist Rest"
"James","Taylor","Noise Cancelling Headset"
"James","Moore","Document Scanner, WiFi Router, WiFi Router"
"James","Jackson","Microphone"
"James","Martin","Gaming Mouse Pad"
"James","Peter","Screen Protector"
"James","Victoria","Desk Lamp, External SSD, External SSD"
"James","Raymond","Bookshelf"
"James","Julia","Coffee Maker, Gaming Mouse Pad, Gaming Mouse Pad"
"James","Scott","Laptop Stand"
"James","Grace","Keyboard Wrist Rest, Drawer Unit"
"James","Dennis","Gaming Mouse Pad, Wireless Mouse, Gaming Mouse Pad"
"James","Evelyn","Air Purifier, Air Purifier"
"James","Gregory","Smartphone Case, Standing Desk, Standing Desk"
"James","Anna","Storage Shelf, Storage Shelf, Phone Grip"
"James","Walter","Cable Organizer, Cable Organizer"
"James","Rose","Wireless Earbuds, Gaming Keyboard, Gaming Keyboard"
"James","Patrick","Wireless Charger, Desk Lamp"
"James","Judith","File Cabinet"
"James","Henry","Microphone, Desk Organizer"
"James","Christina","Wireless Mouse, External SSD, External SSD, Wireless Mouse"
"James","Douglas","Desk Mat, Desk Mat, Smartphone Case"
"James","Maria","Monitor Stand, Bookshelf"
"James","Harold","Office Chair, Office Chair"
"James","Nicole","Office Chair, Mechanical Keyboard, Mechanical Keyboard"
"James","Alexander","Document Scanner"
"James","Megan","Portable Charger"
"James","Samuel","Gaming Keyboard, Electric Kettle, Gaming Keyboard"
"James","Dorothy","Laptop Stand, Wireless Presenter"
"James","Frank","Mechanical Keyboard, External SSD, Mechanical Keyboard, External SSD"
"James","Sophia","Laptop Sleeve, Mechanical Keyboard"
"James","Lawrence","Wireless Mouse"
"James","Alice","WiFi Router, WiFi Router"
"James","Arthur","Document Scanner, Gaming Mouse Pad, Document Scanner"
"James","Ruth","Tablet Stand"
"James","Philip","External SSD, Water Bottle"
"James","Diana","External SSD, External SSD"
"James","Roger","External SSD, External SSD, Noise Cancelling Headset, Noise Cancelling Headset"
"James","Natalie","Throw Pillows"
"James","Benjamin","Storage Containers"
"James","Virginia","4K Monitor, 4K Monitor, Laptop Sleeve"
"James","Bruce","Phone Grip, Electric Kettle"
"James","Madison","Power Strip, Document Scanner"
"James","Adam","Portable Charger, Wireless Mouse"
"James","Abigail","Portable Charger, Portable Charger, USB-C Hub"
"James","Gerald","Office Chair"
"James","Lauren","Kitchen Blender, Wireless Presenter, Wireless Presenter"
"James","Keith","Office Chair, Food Processor, Office Chair"
"James","Isabella","Drawer Unit, Storage Containers"
"James","Terry","Desk Lamp, Office Chair, Desk Lamp"
"James","Jane","Toaster Oven, Toaster Oven, External SSD"
"James","Wayne","4K Monitor, 4K Monitor"
"James","Amy","Storage Containers, Storage Containers, Cable Organizer, Cable Organizer"
"James","Ralph","Noise Cancelling Headset"
"James","Cynthia","WiFi Router, Standing Desk"
"James","Smith","Standing Desk, Smart Watch"
"James","Johnson","Gaming Keyboard"
"James","Williams","Wireless Earbuds, Wall Clock"
"James","Brown","Microphone"
"James","Jones","Desk Organizer"
"James","Garcia","Screen Protector"
"James","Miller","Noise Cancelling Headset"
"James","Davis","Portable Charger, Coffee Maker"
"James","Rodriguez","Computer Speakers"
"James","Martinez","Electric Kettle"
"James","Hernandez","Desk Lamp, Mechanical Keyboard"
"James","Lopez","Mechanical Keyboard, Bookshelf"
"James","Gonzalez","Laptop Stand, Screen Protector"
"James","Wilson","Storage Shelf, Monitor Stand, Monitor Stand"
"James","Anderson","Phone Grip, Computer Speakers"
"James","Thomas","Drawer Unit"
"James","Taylor","USB-C Hub, Document Scanner, Document Scanner"
"James","Moore","Tablet Stand, Rice Cooker"
"James","Jackson","Monitor Stand"
"James","Martin","Laptop Stand"
"James","Peter","Webcam HD, Laptop Sleeve, Webcam HD, Laptop Sleeve"
"James","Victoria","Storage Shelf, Storage Shelf"
"James","Raymond","Cable Organizer, USB-C Hub"
"James","Julia","Laptop Sleeve"
"James","Scott","Throw Pillows, Throw Pillows"
"James","Grace","Portable Charger"
"James","Dennis","Gaming Keyboard"
"James","Evelyn","Smart Watch"
"James","Gregory","Keyboard Wrist Rest, Keyboard Wrist Rest"
"James","Anna","Toaster Oven, Toaster Oven"
"James","Walter","Desk Organizer, Desk Organizer"
"James","Rose","Coffee Maker, Coffee Maker"
"James","Patrick","Storage Containers"
"James","Judith","USB-C Hub"
"James","Henry","Laptop Stand"
"James","Christina","Water Bottle"
"James","Douglas","Phone Grip"
"James","Maria","Storage Shelf, Wireless Presenter"
"James","Harold","Webcam HD, WiFi Router"
"James","Nicole","Air Purifier, External SSD"
"James","Alexander","External SSD, Monitor Stand"
"James","Megan","Tablet Stand"
"James","Samuel","Rice Cooker, Microphone"
"James","Dorothy","Storage Containers, Bath Towels"
"James","Frank","Wireless Charger, Document Scanner, Wireless Charger"
"James","Sophia","Food Processor, Gaming Keyboard, Gaming Keyboard"
"James","Lawrence","Noise Cancelling Headset, Noise Cancelling Headset"
"James","Alice","Standing Desk"
"James","Arthur","Gaming Keyboard, Gaming Keyboard"
"James","Ruth","Smartphone Case"
"James","Philip","Mechanical Keyboard, Mechanical Keyboard"
"James","Diana","Desk Mat, Cable Organizer, Desk Mat"
"James","Roger","External SSD"
"James","Natalie","Kitchen Blender, Desk Mat"
"James","Benjamin","Wireless Presenter, Wireless Presenter"
"James","Virginia","4K Monitor, Throw Pillows, Throw Pillows"
"James","Bruce","Gaming Mouse Pad, Gaming Mouse Pad"
"James","Madison","File Cabinet, Gaming Keyboard"
"James","Adam","Storage Shelf"
"James","Abigail","Computer Speakers"
"James","Gerald","Monitor Stand, Monitor Stand"
"James","Lauren","Microphone, USB-C Hub"
"James","Keith","Computer Speakers, Computer Speakers"
"James","Isabella","Electric Kettle, Electric Kettle"
"James","Terry","4K Monitor"
"James","Jane","Smart Watch, Smart Watch"
"James","Wayne","Throw Pillows, Desk Organizer"
"James","Amy","Throw Pillows"
"James","Ralph","Standing Desk, Cable Organizer"
"James","Cynthia","4K Monitor, 4K Monitor, Water Bottle"
"James","Smith","Microphone, Gaming Keyboard"
"James","Johnson","Mechanical Keyboard, Mechanical Keyboard"
"James","Williams","Computer Speakers, Wireless Earbuds"
"James","Brown","Air Purifier, Air Purifier, Phone Grip"
"James","Jones","Tablet Stand, Bath Towels"
"James","Garcia","Bookshelf, Bookshelf"
"James","Miller","Throw Pillows, Rice Cooker, Rice Cooker"
"James","Davis","Office Chair"
"James","Rodriguez","4K Monitor, 4K Monitor"
"James","Martinez","Keyboard Wrist Rest"
"James","Hernandez","Mechanical Keyboard, Mechanical Keyboard, Gaming Keyboard"
"James","Lopez","Electric Kettle"
"James","Gonzalez","Electric Kettle, Bookshelf"
"James","Wilson","Wireless Mouse, Wireless Mouse"
"James","Anderson","Storage Containers, Storage Containers"
"James","Thomas","Monitor Stand"
"James","Taylor","Wall Clock, Storage Containers, Wall Clock"
"James","Moore","Bookshelf, Bookshelf"
"James","Jackson","Drawer Unit, External SSD, External SSD, Drawer Unit"
"James","Martin","Storage Shelf"
"James","Peter","WiFi Router, Toaster Oven"
"James","Victoria","WiFi Router, Bath Towels"
"James","Raymond","Mechanical Keyboard, Mechanical Keyboard"
"James","Julia","Food Processor, Microphone"
"James","Scott","Monitor Stand, Toaster Oven"
"James","Grace","Document Scanner"
"James","Dennis","Desk Mat, Water Bottle"
"James","Evelyn","Desk Mat"
"James","Gregory","Drawer Unit"
"James","Anna","Computer Speakers, Desk Organizer, Desk Organizer"
"James","Walter","Noise Cancelling Headset, Noise Cancelling Headset"
"James","Rose","Microphone, Portable Charger, Microphone"
"James","Patrick","Portable Charger"
"James","Judith","4K Monitor"
"James","Henry","Wall Clock, Wall Clock"
"James","Christina","Bookshelf"
"James","Douglas","Throw Pillows, Throw Pillows, Wall Clock, Wall Clock"
"James","Maria","USB-C Hub"
"James","Harold","Kitchen Blender"
"James","Nicole","Kitchen Blender"
"James","Alexander","File Cabinet, File Cabinet, Wall Clock, Wall Clock"
"James","Megan","Monitor Stand, Cable Organizer"
"James","Samuel","Power Strip, Power Strip, Storage Shelf"
"James","Dorothy","Phone Grip, Phone Grip"
"James","Frank","Gaming Mouse Pad, Air Purifier, Air Purifier"
"James","Sophia","Desk Lamp"
"James","Lawrence","Kitchen Blender, Kitchen Blender"
"James","Alice","Laptop Stand, Laptop Stand"
"James","Arthur","Storage Shelf, Desk Lamp, Storage Shelf"
"James","Ruth","Toaster Oven, Toaster Oven, WiFi Router"
"James","Philip","Tablet Stand"
"James","Diana","Screen Protector, Screen Protector, Rice Cooker"
"James","Roger","USB-C Hub, USB-C Hub"
"James","Natalie","Noise Cancelling Headset, Screen Protector, Noise Cancelling Headset, Screen Protector"
"James","Benjamin","Office Chair"
"James","Virginia","Wireless Earbuds"
"James","Bruce","Laptop Sleeve, Laptop Sleeve, External SSD, External SSD"
"James","Madison","Bluetooth Headphones, Bluetooth Headphones"
"James","Adam","Laptop Sleeve, Toaster Oven, Laptop Sleeve"
"James","Abigail","Desk Mat"
"James","Gerald","Drawer Unit, Kitchen Blender"
"James","Lauren","Kitchen Blender, Kitchen Blender"
"James","Keith","Coffee Maker"
"James","Isabella","Power Strip"
"James","Terry","File Cabinet, File Cabinet"
"James","Jane","External SSD, Water Bottle, External SSD"
"James","Wayne","Desk Lamp, Desk Lamp"
"James","Amy","Webcam HD, Water Bottle, Webcam HD"
"James","Ralph","Monitor Stand, Bluetooth Headphones"
"James","Cynthia","Throw Pillows"
"James","Smith","Keyboard Wrist Rest, Document Scanner, Keyboard Wrist Rest"
"James","Johnson","Gaming Mouse Pad"
"James","Williams","Kitchen Blender"
"James","Brown","Microphone, Smart Watch"
"James","Jones","Gaming Keyboard, Gaming Keyboard"
"James","Garcia","Toaster Oven, Wall Clock, Wall Clock, Toaster Oven"
"James","Miller","Electric Kettle, Rice Cooker"
"James","Davis","Water Bottle"
"James","Rodriguez","Standing Desk"
"James","Martinez","Gaming Keyboard, Gaming Keyboard, Smart Watch"
"James","Hernandez","Mechanical Keyboard, Office Chair"
"James","Lopez","Rice Cooker, Rice Cooker"
"James","Gonzalez","Coffee Maker, Keyboard Wrist Rest"
"James","Wilson","Kitchen Blender"
"James","Anderson","Smart Watch, Smart Watch"
"James","Thomas","Air Purifier, Air Purifier"
"James","Taylor","Bluetooth Headphones"
"James","Moore","Screen Protector"
"James","Jackson","Cable Organizer, Gaming Keyboard, Gaming Keyboard, Cable Organizer"
"James","Martin","Monitor Stand, Monitor Stand, Monitor Stand"
"James","Peter","Power Strip"
"James","Victoria","Webcam HD"
"James","Raymond","Document Scanner, Wireless Earbuds"
"James","Julia","Storage Shelf"
"James","Scott","Tablet Stand, Tablet Stand"
"James","Grace","Bath Towels"
"James","Dennis","Smart Watch, Smart Watch, Bookshelf"
"James","Evelyn","Noise Cancelling Headset"
"James","Gregory","Food Processor, Food Processor"
"James","Anna","Smart Watch, Mechanical Keyboard"
"James","Walter","Rice Cooker"
"James","Rose","Cable Organizer, Desk Organizer"
"James","Patrick","Noise Cancelling Headset, Toaster Oven"
"James","Judith","Air Purifier"
"James","Henry","Storage Shelf, Computer Speakers"
"James","Christina","Bath Towels"
"James","Douglas","Webcam HD, Cable Organizer"
"James","Maria","Bath Towels"
"James","Harold","External SSD, Storage Shelf"
"James","Nicole","Desk Lamp, Microphone"
"James","Alexander","Portable Charger, Electric Kettle"
"James","Megan","Noise Cancelling Headset, Noise Cancelling Headset"
"James","Samuel","Wall Clock, Wall Clock, Wall Clock"
"James","Dorothy","Tablet Stand"
"James","Frank","Electric Kettle, Drawer Unit, Drawer Unit"
"James","Sophia","Storage Containers, Storage Containers, Toaster Oven"
"James","Lawrence","Wireless Presenter, Microphone"
"James","Alice","Kitchen Blender"
"James","Arthur","WiFi Router"
"James","Ruth","Power Strip, Computer Speakers"
"James","Philip","Monitor Stand, Bookshelf, Monitor Stand"
"James","Diana","USB-C Hub, Water Bottle, USB-C Hub"
"James","Roger","Noise Cancelling Headset"
"James","Natalie","Wireless Charger"
"James","Benjamin","Air Purifier, Microphone, Air Purifier"
"James","Virginia","Webcam HD, Power Strip, Webcam HD"
"James","Bruce","Mechanical Keyboard"
"James","Madison","Food Processor, Food Processor"
"James","Adam","Monitor Stand"
"James","Abigail","Drawer Unit, Bath Towels, Drawer Unit"
"James","Gerald","Laptop Sleeve, Mechanical Keyboard"
"James","Lauren","Office Chair"
"James","Keith","Wireless Earbuds, Desk Mat, Wireless Earbuds"
"James","Isabella","Storage Shelf, Bookshelf"
"James","Terry","Document Scanner, Wall Clock"
"James","Jane","Smartphone Case, Electric Kettle, Smartphone Case"
"James","Wayne","Microphone, Microphone"
"James","Amy","Screen Protector"
"James","Ralph","Storage Containers, Laptop Sleeve, Laptop Sleeve"
"James","Cynthia","Storage Shelf, Laptop Stand, Storage Shelf"
"James","Smith","Keyboard Wrist Rest, Air Purifier"
"James","Johnson","WiFi Router, Smart Watch"
"James","Williams","Desk Lamp, External SSD, Desk Lamp"
"James","Brown","Bluetooth Headphones, Bluetooth Headphones, Smart Watch"
"James","Jones","Portable Charger, Portable Charger, Coffee Maker"
"James","Garcia","Bluetooth Headphones, Tablet Stand, Bluetooth Headphones"
"James","Miller","Food Processor"
"James","Davis","Rice Cooker, Drawer Unit, Rice Cooker"
"James","Rodriguez","Electric Kettle, Electric Kettle, Phone Grip"
"James","Martinez","Wireless Earbuds"
"James","Hernandez","Portable Charger, Tablet Stand, Tablet Stand, Portable Charger"
"James","Lopez","Wireless Earbuds"
"James","Gonzalez","Laptop Stand"
"James","Wilson","Standing Desk, Standing Desk"
"James","Anderson","Food Processor, Desk Mat"
"James","Thomas","Office Chair, Office Chair, Microphone, Microphone"
"James","Taylor","Rice Cooker, Gaming Mouse Pad"
"James","Moore","Bluetooth Headphones, USB-C Hub, Bluetooth Headphones"
"James","Jackson","Gaming Mouse Pad"
"James","Martin","Monitor Stand, Monitor Stand"
"James","Peter","Gaming Keyboard, Gaming Keyboard, Smart Watch"
"James","Victoria","Laptop Sleeve"
"James","Raymond","Gaming Keyboard, Gaming Keyboard, Webcam HD"
"James","Julia","Portable Charger, Portable Charger"
"James","Scott","Food Processor, Food Processor"
"James","Grace","USB-C Hub"
"James","Dennis","External SSD, External SSD, Wireless Earbuds, Wireless Earbuds"
"James","Evelyn","4K Monitor, Desk Organizer, 4K Monitor"
"James","Gregory","Tablet Stand, Power Strip"
"James","Anna","Laptop Stand, Laptop Stand, Rice Cooker"
"James","Walter","4K Monitor, Throw Pillows"
"James","Rose","Phone Grip, Phone Grip"
"James","Patrick","Smart Watch"
"James","Judith","Air Purifier"
"James","Henry","Kitchen Blender, Drawer Unit, Drawer Unit"
"James","Christina","Mechanical Keyboard"
"James","Douglas","Food Processor"
"James","Maria","USB-C Hub, Noise Cancelling Headset, Noise Cancelling Headset"
"James","Harold","Monitor Stand, Monitor Stand"
"James","Nicole","Wireless Charger, Water Bottle, Wireless Charger"
"James","Alexander","Bookshelf, Electric Kettle"
"James","Megan","Monitor Stand, Gaming Keyboard"
"James","Samuel","Food Processor, Food Processor, Mechanical Keyboard"
"James","Dorothy","File Cabinet"
"James","Frank","Power Strip, Office Chair"
"James","Sophia","Webcam HD, Webcam HD"
"James","Lawrence","Desk Lamp"
"James","Alice","Bluetooth Headphones, Desk Organizer, Bluetooth Headphones"
"James","Arthur","Toaster Oven, Wall Clock"
"James","Ruth","Computer Speakers, Bluetooth Headphones"
"James","Philip","Wireless Presenter, Wireless Presenter"
"James","Diana","Wireless Charger, Keyboard Wrist Rest, Wireless Charger"
"James","Roger","Desk Organizer"
"James","Natalie","Smart Watch, Smart Watch"
"James","Benjamin","Wireless Mouse, Wireless Mouse"
"James","Virginia","Desk Lamp"
"James","Bruce","Bookshelf, Bookshelf"
"James","Madison","Screen Protector, Screen Protector"
"James","Adam","Monitor Stand, Microphone"
"James","Abigail","External SSD, External SSD, Food Processor"
"James","Gerald","Wireless Presenter"
"James","Lauren","Office Chair, Gaming Keyboard"
"James","Keith","Food Processor, Storage Shelf"
"James","Isabella","Rice Cooker"
"James","Terry","Gaming Keyboard"
"James","Jane","Gaming Keyboard, Gaming Keyboard"
"James","Wayne","Desk Mat"
"James","Amy","Bluetooth Headphones, Bluetooth Headphones"
"James","Ralph","Power Strip"
"James","Cynthia","USB-C Hub"
"James","Smith","Water Bottle"
"James","Johnson","Throw Pillows, Tablet Stand, Tablet Stand"
"James","Williams","Bath Towels, Bath Towels"
"James","Brown","Computer Speakers, Computer Speakers"
"James","Jones","WiFi Router, Electric Kettle, Electric Kettle"
"James","Garcia","Storage Shelf"
"James","Miller","Kitchen Blender, Bluetooth Headphones"
"James","Davis","Office Chair"
"James","Rodriguez","Wireless Earbuds, Kitchen Blender, Wireless Earbuds, Kitchen Blender"
"James","Martinez","Tablet Stand, Tablet Stand"
"James","Hernandez","Wall Clock"
"James","Lopez","Laptop Stand"
"James","Gonzalez","Webcam HD"
"James","Wilson","Coffee Maker, Smart Watch, Smart Watch"
"James","Anderson","Cable Organizer, Cable Organizer"
"James","Thomas","Microphone"
"James","Taylor","Wireless Charger"
"James","Moore","Storage Shelf"
"James","Jackson","Air Purifier, Rice Cooker"
"James","Martin","Standing Desk, Standing Desk, Food Processor"
"James","Peter","Cable Organizer, Monitor Stand"
"James","Victoria","Keyboard Wrist Rest"
"James","Raymond","4K Monitor, Tablet Stand"
"James","Julia","Bluetooth Headphones"
"James","Scott","Air Purifier, Air Purifier, Laptop Stand, Laptop Stand"
"James","Grace","USB-C Hub"
"James","Dennis","Office Chair, Microphone"
"James","Evelyn","Storage Containers, Tablet Stand, Storage Containers"
"James","Gregory","Food Processor, Food Processor, Screen Protector"
"James","Anna","External SSD, External SSD"
"James","Walter","WiFi Router, WiFi Router"
"James","Rose","Wireless Mouse, Gaming Mouse Pad"
"James","Patrick","Electric Kettle"
"James","Judith","Microphone"
"James","Henry","Laptop Sleeve, Drawer Unit"
"James","Christina","Desk Organizer, Electric Kettle"
"James","Douglas","Water Bottle, Electric Kettle, Water Bottle, Electric Kettle"
"James","Maria","Gaming Mouse Pad, Wireless Earbuds, Wireless Earbuds, Gaming Mouse Pad"
"James","Harold","Food Processor, Standing Desk"
"James","Nicole","Wireless Presenter, USB-C Hub"
"James","Alexander","Laptop Stand, Laptop Stand"
"James","Megan","Standing Desk, Bluetooth Headphones"
"James","Samuel","Office Chair"
"James","Dorothy","Desk Lamp, Desk Lamp"
"James","Frank","Microphone, Gaming Keyboard, Gaming Keyboard, Microphone"
"James","Sophia","Gaming Keyboard"
"James","Lawrence","4K Monitor, Electric Kettle, 4K Monitor"
"James","Alice","WiFi Router, WiFi Router"
"James","Arthur","Smart Watch, Smart Watch"
"James","Ruth","Food Processor"
"James","Philip","Air Purifier"
"James","Diana","4K Monitor, 4K Monitor"
"James","Roger","Wireless Earbuds, Screen Protector"
"James","Natalie","Desk Lamp"
"James","Benjamin","Toaster Oven, 4K Monitor"
"James","Virginia","Coffee Maker, Document Scanner"
"James","Bruce","Storage Shelf, Standing Desk"
"James","Madison","Coffee Maker"
"James","Adam","Power Strip, Wireless Earbuds, Power Strip"
"James","Abigail","File Cabinet, External SSD"
"James","Gerald","Drawer Unit"
"James","Lauren","4K Monitor, Storage Containers, 4K Monitor"
"James","Keith","Mechanical Keyboard, Laptop Sleeve, Laptop Sleeve, Mechanical Keyboard"
"James","Isabella","Coffee Maker, Laptop Stand, Laptop Stand, Coffee Maker"
"James","Terry","USB-C Hub, Document Scanner"
"James","Jane","Document Scanner"
"James","Wayne","Standing Desk, Smart Watch, Standing Desk"
"James","Amy","Bath Towels, Bath Towels"
"James","Ralph","Bookshelf, Toaster Oven"
"James","Cynthia","Laptop Sleeve, Electric Kettle"
"James","Smith","Mechanical Keyboard, File Cabinet, Mechanical Keyboard"
"James","Johnson","Rice Cooker, Food Processor"
"James","Williams","USB-C Hub, Standing Desk"
"James","Brown","File Cabinet, Wireless Mouse"
"James","Jones","Wireless Mouse, Smartphone Case"
"James","Garcia","Bluetooth Headphones, Bluetooth Headphones"
"James","Miller","Food Processor"
"James","Davis","Noise Cancelling Headset, Food Processor"
"James","Rodriguez","Document Scanner, Laptop Stand, Laptop Stand"
"James","Martinez","Electric Kettle, Electric Kettle, Computer Speakers, Computer Speakers"
"James","Hernandez","Desk Organizer, Desk Organizer"
"James","Lopez","Kitchen Blender, Kitchen Blender"
"James","Gonzalez","Screen Protector, Portable Charger"
"James","Wilson","External SSD, External SSD"
"James","Anderson","Webcam HD, Gaming Keyboard"
"James","Thomas","Gaming Mouse Pad, Desk Mat, Desk Mat"
"James","Taylor","Laptop Sleeve, Laptop Sleeve"
"James","Moore","Wireless Mouse, Wireless Mouse"
"James","Jackson","Standing Desk"
"James","Martin","Kitchen Blender, Kitchen Blender"
"James","Peter","External SSD, External SSD"
"James","Victoria","Webcam HD, Phone Grip, Phone Grip"
"James","Raymond","Laptop Stand, Office Chair"
"James","Julia","Microphone"
"James","Scott","Gaming Mouse Pad, Standing Desk"
"James","Grace","Monitor Stand, Monitor Stand"
"James","Dennis","Bookshelf"
"James","Evelyn","Computer Speakers, Food Processor"
"James","Gregory","Smartphone Case, Smartphone Case, Laptop Stand"
"James","Anna","Drawer Unit"
"James","Walter","Storage Containers"
"James","Rose","Webcam HD, Webcam HD"
"James","Patrick","Laptop Stand, Gaming Keyboard"
"James","Judith","Electric Kettle, Storage Containers, Electric Kettle, Storage Containers"
"James","Henry","Standing Desk, Mechanical Keyboard, Mechanical Keyboard"
"James","Christina","Phone Grip, Phone Grip"
"James","Douglas","Food Processor"
"James","Maria","Webcam HD"
"James","Harold","Bluetooth Headphones, Bluetooth Headphones, Gaming Mouse Pad"
"James","Nicole","External SSD, Laptop Stand"
"James","Alexander","Monitor Stand, Storage Containers"
"James","Megan","Laptop Sleeve, Noise Cancelling Headset, Laptop Sleeve"
"James","Samuel","Webcam HD, Electric Kettle, Electric Kettle"
"James","Dorothy","Office Chair, Office Chair, Wireless Earbuds"
"James","Frank","Throw Pillows, Phone Grip, Throw Pillows"
"James","Sophia","Bluetooth Headphones, Bluetooth Headphones"
"James","Lawrence","Phone Grip, Gaming Keyboard"
"James","Alice","4K Monitor, Rice Cooker, 4K Monitor, Rice Cooker"
"James","Arthur","Screen Protector"
"James","Ruth","Bath Towels"
"James","Philip","Food Processor, Food Processor"
"James","Diana","Mechanical Keyboard"
"James","Roger","Throw Pillows, Throw Pillows"
"James","Natalie","Bluetooth Headphones, Bluetooth Headphones, Smartphone Case, Smartphone Case"
"James","Benjamin","Desk Mat, Desk Mat"
"James","Virginia","Monitor Stand, Drawer Unit, Monitor Stand"
"James","Bruce","Drawer Unit, Storage Shelf, Storage Shelf, Drawer Unit"
"James","Madison","Storage Containers, Laptop Stand"
"James","Adam","Throw Pillows, Phone Grip"
"James","Abigail","Rice Cooker, Water Bottle"
"James","Gerald","Food Processor, Food Processor"
"James","Lauren","Desk Organizer, Desk Organizer, Screen Protector"
"James","Keith","Food Processor, Microphone, Microphone"
"James","Isabella","Portable Charger, Webcam HD, Webcam HD"
"James","Terry","Computer Speakers, 4K Monitor, 4K Monitor"
"James","Jane","Bookshelf"
"James","Wayne","Screen Protector, File Cabinet"
"James","Amy","Monitor Stand"
"James","Ralph","Bluetooth Headphones, Bluetooth Headphones, Gaming Keyboard"
"James","Cynthia","Tablet Stand"
"James","Smith","Document Scanner"
"James","Johnson","Storage Containers, Rice Cooker"
"James","Williams","Electric Kettle, Electric Kettle"
"James","Brown","Smart Watch, Throw Pillows, Throw Pillows, Smart Watch"
"James","Jones","Keyboard Wrist Rest, Keyboard Wrist Rest"
"James","Garcia","Wireless Presenter, Noise Cancelling Headset"
"James","Miller","Gaming Mouse Pad"
"James","Davis","File Cabinet, File Cabinet"
"James","Rodriguez","Power Strip, Kitchen Blender"
"James","Martinez","Electric Kettle, Electric Kettle, Bluetooth Headphones"
"James","Hernandez","Power Strip, USB-C Hub"
"James","Lopez","Throw Pillows, Gaming Keyboard, Throw Pillows, Gaming Keyboard"
"James","Gonzalez","Noise Cancelling Headset, Food Processor, Food Processor, Noise Cancelling Headset"
"James","Wilson","Monitor Stand, WiFi Router, WiFi Router, Monitor Stand"
"James","Anderson","Storage Containers"
"James","Thomas","Throw Pillows, Throw Pillows"
"James","Taylor","Laptop Sleeve, Laptop Sleeve, 4K Monitor"
"James","Moore","Cable Organizer"
"James","Jackson","Keyboard Wrist Rest"
"James","Martin","Air Purifier"
"James","Peter","4K Monitor, File Cabinet"
"James","Victoria","Storage Shelf, Storage Shelf"
"James","Raymond","Smartphone Case, Smartphone Case"
"James","Julia","Kitchen Blender, Throw Pillows"
"James","Scott","Wireless Mouse, Wireless Mouse"
"James","Grace","Smart Watch"
"James","Dennis","Bath Towels"
"James","Evelyn","Mechanical Keyboard"
"James","Gregory","Throw Pillows, Toaster Oven, Toaster Oven"
"James","Anna","WiFi Router, WiFi Router"
"James","Walter","Storage Containers, Storage Containers"
"James","Rose","4K Monitor"
"James","Patrick","Desk Organizer, Food Processor"
"James","Judith","USB-C Hub, Air Purifier"
"James","Henry","Bath Towels, Standing Desk, Standing Desk"
"James","Christina","Tablet Stand"
"James","Douglas","Wireless Mouse, External SSD"
"James","Maria","Mechanical Keyboard, Storage Shelf, Storage Shelf"
"James","Harold","Desk Organizer"
"James","Nicole","Throw Pillows, WiFi Router"
"James","Alexander","Microphone, Water Bottle, Water Bottle"
"James","Megan","Wireless Mouse"
"James","Samuel","WiFi Router"
"James","Dorothy","Microphone, Storage Shelf"
"James","Frank","Desk Mat, Gaming Keyboard"
"James","Sophia","Electric Kettle"
"James","Lawrence","Bookshelf"
"James","Alice","USB-C Hub, Microphone"
"James","Arthur","Phone Grip, Rice Cooker, Phone Grip"
"James","Ruth","Document Scanner, Keyboard Wrist Rest"
"James","Philip","Drawer Unit"
"James","Diana","WiFi Router, Toaster Oven"
"James","Roger","Storage Containers, Tablet Stand"
"James","Natalie","Webcam HD, Webcam HD"
"James","Benjamin","Coffee Maker, Coffee Maker, Wireless Earbuds"
"James","Virginia","WiFi Router, WiFi Router, Desk Lamp"
"James","Bruce","Office Chair, Computer Speakers"
"James","Madison","Office Chair"
"James","Adam","Toaster Oven, Toaster Oven, Wireless Presenter, Wireless Presenter"
"James","Abigail","Air Purifier"
"James","Gerald","Electric Kettle, Desk Lamp"
"James","Lauren","Kitchen Blender"
"James","Keith","Wireless Charger"
"James","Isabella","Mechanical Keyboard, USB-C Hub"
"James","Terry","Drawer Unit"
"James","Jane","Microphone, Microphone"
"James","Wayne","Desk Organizer, Desk Organizer, 4K Monitor"
"James","Amy","Office Chair, Keyboard Wrist Rest"
"James","Ralph","Smartphone Case, Portable Charger, Portable Charger"
"James","Cynthia","Wireless Charger"
"James","Smith","Wall Clock"
"James","Johnson","Gaming Mouse Pad, Smart Watch, Smart Watch"
"James","Williams","Power Strip, Microphone, Power Strip"
"James","Brown","Rice Cooker, Toaster Oven, Rice Cooker"
"James","Jones","Portable Charger"
"James","Garcia","Desk Lamp, Power Strip"
"James","Miller","Computer Speakers, Computer Speakers"
"James","Davis","Screen Protector, Screen Protector, Kitchen Blender"
"James","Rodriguez","Wireless Charger"
"James","Martinez","Phone Grip"
"James","Hernandez","Coffee Maker"
"James","Lopez","Phone Grip"
"James","Gonzalez","4K Monitor, 4K Monitor"
"James","Wilson","Food Processor, Desk Lamp, Desk Lamp"
"James","Anderson","Tablet Stand, Document Scanner, Tablet Stand"
"James","Thomas","Bath Towels, Food Processor, Bath Towels"
"James","Taylor","Portable Charger, Wireless Mouse, Wireless Mouse"
"James","Moore","Screen Protector, Screen Protector"
"James","Jackson","Wall Clock"
"James","Martin","Office Chair, Wall Clock"
"James","Peter","Toaster Oven, Desk Mat, Toaster Oven"
"James","Victoria","Smart Watch"
"James","Raymond","Drawer Unit"
"James","Julia","Office Chair, Toaster Oven"
"James","Scott","Desk Mat"
"James","Grace","Toaster Oven, USB-C Hub, USB-C Hub"
"James","Dennis","Wireless Mouse, Tablet Stand"
"James","Evelyn","Wall Clock, Standing Desk"
"James","Gregory","Food Processor, Coffee Maker"
"James","Anna","Portable Charger, Gaming Keyboard"
"James","Walter","Phone Grip"
"James","Rose","Bath Towels"
"James","Patrick","Air Purifier, Bluetooth Headphones"
"James","Judith","Bluetooth Headphones, Desk Organizer, Desk Organizer"
"James","Henry","Bath Towels, Tablet Stand"
"James","Christina","Gaming Mouse Pad, Gaming Mouse Pad"
"James","Douglas","Water Bottle"
"James","Maria","Throw Pillows, Smart Watch"
"James","Harold","Desk Lamp"
"James","Nicole","Throw Pillows"
"James","Alexander","Cable Organizer, USB-C Hub, Cable Organizer"
"James","Megan","Toaster Oven, Wireless Mouse"
"James","Samuel","Microphone"
"James","Dorothy","Desk Lamp"
"James","Frank","Power Strip, Laptop Stand"
"James","Sophia","Document Scanner, Document Scanner"
"James","Lawrence","Cable Organizer, Wireless Charger"
"James","Alice","Wireless Charger, Electric Kettle"
"James","Arthur","Noise Cancelling Headset, Noise Cancelling Headset, USB-C Hub"
"James","Ruth","Computer Speakers"
"James","Philip","4K Monitor"
"James","Diana","Screen Protector, Screen Protector"
"James","Roger","Throw Pillows, Gaming Mouse Pad"
"James","Natalie","Webcam HD"
"James","Benjamin","Keyboard Wrist Rest, Computer Speakers, Computer Speakers"
"James","Virginia","Throw Pillows"
"James","Bruce","Phone Grip, Phone Grip, Smart Watch"
"James","Madison","Desk Organizer, Rice Cooker, Desk Organizer"
"James","Adam","Wireless Mouse"
"James","Abigail","Webcam HD, File Cabinet"
"James","Gerald","Toaster Oven"
"James","Lauren","Storage Shelf, Storage Shelf, Drawer Unit"
"James","Keith","Wireless Presenter"
"James","Isabella","Coffee Maker, Coffee Maker"
"James","Terry","Air Purifier, Kitchen Blender"
"James","Jane","Desk Organizer, Bluetooth Headphones, Desk Organizer"
"James","Wayne","Smartphone Case, Smartphone Case"
"James","Amy","Laptop Sleeve"
"James","Ralph","Food Processor, Webcam HD, Food Processor"
"James","Cynthia","External SSD, Cable Organizer, Cable Organizer"
"James","Smith","Bluetooth Headphones"
"James","Johnson","Bath Towels, Bath Towels, Storage Shelf"
"James","Williams","Keyboard Wrist Rest, Desk Organizer"
"James","Brown","Power Strip, Power Strip"
"James","Jones","External SSD, Standing Desk, External SSD"
"James","Garcia","Drawer Unit"
"James","Miller","4K Monitor, Bookshelf, Bookshelf"
"James","Davis","Portable Charger, WiFi Router, Portable Charger"
"James","Rodriguez","File Cabinet, File Cabinet, Gaming Keyboard"
"James","Martinez","Storage Containers, Gaming Mouse Pad"
"James","Hernandez","Office Chair, Air Purifier"
"James","Lopez","Standing Desk, Bookshelf, Standing Desk"
"James","Gonzalez","External SSD, Smartphone Case"
"James","Wilson","Bluetooth Headphones, Bluetooth Headphones"
"James","Anderson","USB-C Hub, Air Purifier"
"James","Thomas","Keyboard Wrist Rest, Desk Lamp, Desk Lamp, Keyboard Wrist Rest"
"James","Taylor","Noise Cancelling Headset, Water Bottle"
"James","Moore","Toaster Oven"
"James","Jackson","USB-C Hub, USB-C Hub, Desk Mat"
"James","Martin","Screen Protector, Screen Protector"
"James","Peter","Bluetooth Headphones, Kitchen Blender, Kitchen Blender, Bluetooth Headphones"
"James","Victoria","Bluetooth Headphones, Smartphone Case"
"James","Raymond","Storage Containers"
"James","Julia","Laptop Sleeve, Laptop Sleeve"
"James","Scott","Wireless Mouse"
"James","Grace","Water Bottle, Wall Clock"
"James","Dennis","Kitchen Blender"
"James","Evelyn","Storage Shelf, Storage Shelf, Electric Kettle"
"James","Gregory","Kitchen Blender, Smart Watch"
"James","Anna","Food Processor, Food Processor"
"James","Walter","File Cabinet, Webcam HD, Webcam HD, File Cabinet"
"James","Rose","Bluetooth Headphones, Screen Protector, Screen Protector, Bluetooth Headphones"
"James","Patrick","Kitchen Blender, Wall Clock"
"James","Judith","Smart Watch, Toaster Oven"
"James","Henry","Bath Towels, Bath Towels"
"James","Christina","Cable Organizer, Cable Organizer"
"James","Douglas","Kitchen Blender, Wireless Earbuds, Kitchen Blender"
"James","Maria","Food Processor"
"James","Harold","Gaming Keyboard"
"James","Nicole","Wireless Charger, Wireless Charger, Toaster Oven, Toaster Oven"
"James","Alexander","Coffee Maker, Coffee Maker"
"James","Megan","Food Processor, Food Processor, Throw Pillows, Throw Pillows"
"James","Samuel","Water Bottle, Water Bottle"
"James","Dorothy","Screen Protector"
"James","Frank","Throw Pillows, Throw Pillows"
"James","Sophia","Bath Towels, Bath Towels, Wireless Mouse"
"James","Lawrence","Monitor Stand, Monitor Stand"
"James","Alice","Mechanical Keyboard, USB-C Hub"
"James","Arthur","Noise Cancelling Headset, Noise Cancelling Headset, Noise Cancelling Headset, Noise Cancelling Headset"
"James","Ruth","4K Monitor, Gaming Mouse Pad"
"James","Philip","Smart Watch, Smart Watch"
"James","Diana","Storage Shelf"
"James","Roger","USB-C Hub, USB-C Hub"
"James","Natalie","Laptop Stand"
"James","Benjamin","File Cabinet, Noise Cancelling Headset, File Cabinet"
"James","Virginia","Wireless Presenter, Tablet Stand"
"James","Bruce","Toaster Oven"
"James","Madison","Webcam HD, Electric Kettle, Electric Kettle"
"James","Adam","Wireless Presenter, Wireless Presenter"
"James","Abigail","WiFi Router"
"James","Gerald","Storage Containers, Kitchen Blender"
"James","Lauren","Wireless Charger, Desk Organizer"
"James","Keith","Rice Cooker, Rice Cooker"
"James","Isabella","Desk Mat, Smartphone Case, Desk Mat, Smartphone Case"
"James","Terry","Phone Grip, Toaster Oven, Phone Grip, Toaster Oven"
"James","Jane","Drawer Unit, Air Purifier"
"James","Wayne","Bluetooth Headphones"
"James","Amy","Bluetooth Headphones, Toaster Oven, Toaster Oven, Bluetooth Headphones"
"James","Ralph","Document Scanner, Rice Cooker"
"James","Cynthia","Storage Shelf, Smartphone Case"
"James","Smith","Gaming Mouse Pad, Gaming Mouse Pad"
"James","Johnson","Desk Lamp, Bluetooth Headphones, Bluetooth Headphones, Desk Lamp"
"James","Williams","Throw Pillows, Bookshelf"
"James","Brown","Desk Mat, WiFi Router, WiFi Router"
"James","Jones","USB-C Hub, Laptop Stand"
"James","Garcia","USB-C Hub, Desk Mat"
"James","Miller","Webcam HD, Webcam HD, Office Chair, Office Chair"
"James","Davis","Desk Organizer"
"James","Rodriguez","Gaming Mouse Pad, Screen Protector, Screen Protector"
"James","Martinez","Bluetooth Headphones, Smart Watch, Smart Watch"
"James","Hernandez","Rice Cooker, Tablet Stand, Rice Cooker, Tablet Stand"
"James","Lopez","Air Purifier, Air Purifier, Water Bottle, Water Bottle"
"James","Gonzalez","Laptop Stand, USB-C Hub"
"James","Wilson","USB-C Hub, USB-C Hub"
"James","Anderson","Rice Cooker, Screen Protector"
"James","Thomas","Wireless Charger, Wireless Charger"
"James","Taylor","Gaming Mouse Pad"
"James","Moore","Wireless Presenter, Wireless Presenter"
"James","Jackson","Microphone, Laptop Stand, Laptop Stand"
"James","Martin","Food Processor, Wall Clock, Food Processor"
"James","Peter","Portable Charger, Air Purifier"
"James","Victoria","Throw Pillows, Throw Pillows"
"James","Raymond","Wireless Presenter"
"James","Julia","Desk Organizer, Document Scanner"
"James","Scott","Computer Speakers, Bookshelf"
"James","Grace","Gaming Keyboard, Gaming Keyboard"
"James","Dennis","Office Chair, Wall Clock, Wall Clock"
"James","Evelyn","Noise Cancelling Headset, Noise Cancelling Headset, Wall Clock"
"James","Gregory","Keyboard Wrist Rest, Desk Organizer"
"James","Anna","Rice Cooker, Rice Cooker, Kitchen Blender"
"James","Walter","Mechanical Keyboard, Rice Cooker, Mechanical Keyboard"
"James","Rose","Keyboard Wrist Rest"
"James","Patrick","USB-C Hub"
"James","Judith","Wireless Presenter"
"James","Henry","Coffee Maker, Coffee Maker, Mechanical Keyboard, Mechanical Keyboard"
"James","Christina","Office Chair, Office Chair"
"James","Douglas","Coffee Maker, Wireless Presenter"
"James","Maria","Tablet Stand"
"James","Harold","Bluetooth Headphones"
"James","Nicole","Phone Grip, Wireless Presenter, Phone Grip"
"James","Alexander","Office Chair, Rice Cooker"
"James","Megan","Throw Pillows, Throw Pillows"
"James","Samuel","Power Strip, Noise Cancelling Headset"
"James","Dorothy","Desk Mat, Desk Mat, Bath Towels"
"James","Frank","USB-C Hub"
"James","Sophia","Portable Charger, Portable Charger"
"James","Lawrence","Kitchen Blender, Kitchen Blender"
"James","Alice","Wireless Earbuds"
"James","Arthur","Phone Grip, Phone Grip"
"James","Ruth","Smartphone Case, Gaming Keyboard"
"James","Philip","Mechanical Keyboard"
"James","Diana","Laptop Sleeve"
"James","Roger","Phone Grip"
"James","Natalie","Computer Speakers"
"James","Benjamin","Document Scanner, Standing Desk, Standing Desk"
"James","Virginia","Smartphone Case"
"James","Bruce","Wireless Earbuds, Wireless Earbuds"
"James","Madison","Wireless Charger, Tablet Stand, Wireless Charger, Tablet Stand"
"James","Adam","Smart Watch, Smart Watch"
"James","Abigail","External SSD, Phone Grip, Phone Grip"
"James","Gerald","Desk Mat, File Cabinet"
"James","Lauren","Bookshelf"
"James","Keith","Portable Charger, Wireless Mouse, Wireless Mouse"
"James","Isabella","Power Strip, Power Strip"
"James","Terry","Laptop Stand, Electric Kettle"
"James","Jane","Power Strip"
"James","Wayne","4K Monitor, Desk Lamp"
"James","Amy","Mechanical Keyboard"
"James","Ralph","File Cabinet, Laptop Sleeve"
"James","Cynthia","Portable Charger"
"James","Smith","Standing Desk, Standing Desk, Computer Speakers"
"James","Johnson","Air Purifier, Phone Grip"
"James","Williams","Laptop Stand, Electric Kettle, Electric Kettle"
"James","Brown","Storage Containers, Bookshelf"
"James","Jones","Storage Shelf"
"James","Garcia","Computer Speakers, Monitor Stand"
"James","Miller","Document Scanner, Food Processor"
"James","Davis","Drawer Unit"
"James","Rodriguez","Webcam HD, Webcam HD"
"James","Martinez","Kitchen Blender, Wireless Mouse"
"James","Hernandez","Laptop Sleeve, Electric Kettle"
"James","Lopez","Coffee Maker, Laptop Sleeve"
"James","Gonzalez","Tablet Stand, 4K Monitor"
"James","Wilson","Desk Lamp, Gaming Mouse Pad"
"James","Anderson","Document Scanner"
"James","Thomas","Monitor Stand"
"James","Taylor","Electric Kettle, Laptop Sleeve"
"James","Moore","Portable Charger, External SSD, External SSD, Portable Charger"
"James","Jackson","Laptop Stand, Storage Containers"
"James","Martin","Bluetooth Headphones"
"James","Peter","Keyboard Wrist Rest, Mechanical Keyboard"
"James","Victoria","Mechanical Keyboard, Drawer Unit, Drawer Unit"
"James","Raymond","Power Strip, Desk Organizer"
"James","Julia","Monitor Stand"
"James","Scott","Tablet Stand"
"James","Grace","Computer Speakers, Kitchen Blender, Computer Speakers"
"James","Dennis","Desk Mat, Computer Speakers"
"James","Evelyn","Noise Cancelling Headset"
"James","Gregory","Wall Clock, Microphone, Wall Clock"
"James","Anna","Tablet Stand, Water Bottle, Tablet Stand"
"James","Walter","Storage Shelf"
"James","Rose","Phone Grip, Phone Grip, Air Purifier, Air Purifier"
"James","Patrick","Mechanical Keyboard"
"James","Judith","Document Scanner, Document Scanner"
"James","Henry","Wireless Earbuds"
"James","Christina","Keyboard Wrist Rest"
"James","Douglas","Gaming Keyboard, Gaming Keyboard"
"James","Maria","Keyboard Wrist Rest, Desk Mat"
"James","Harold","Electric Kettle, Tablet Stand"
"James","Nicole","Throw Pillows"
"James","Alexander","Bath Towels, Tablet Stand"
"James","Megan","Throw Pillows, Throw Pillows"
"James","Samuel","Wall Clock, Food Processor"
"James","Dorothy","Rice Cooker"
"James","Frank","Power Strip, Power Strip"
"James","Sophia","Laptop Sleeve, Laptop Sleeve, Computer Speakers"
"James","Lawrence","Kitchen Blender, Throw Pillows, Kitchen Blender, Throw Pillows"
"James","Alice","Food Processor"
"James","Arthur","Toaster Oven, Rice Cooker, Rice Cooker"
"James","Ruth","4K Monitor, Wireless Charger"
"James","Philip","Air Purifier, Desk Lamp"
"James","Diana","Desk Mat"
"James","Roger","Bath Towels"
"James","Natalie","Drawer Unit, Drawer Unit"
"James","Benjamin","USB-C Hub, Standing Desk, USB-C Hub, Standing Desk"
"James","Virginia","Bluetooth Headphones, Bluetooth Headphones, Laptop Stand"
"James","Bruce","Gaming Mouse Pad, Drawer Unit, Drawer Unit"
"James","Madison","Bath Towels"
"James","Adam","Drawer Unit"
"James","Abigail","Document Scanner, Laptop Stand"
"James","Gerald","Desk Mat, Water Bottle"
"James","Lauren","Storage Shelf, Laptop Sleeve, Storage Shelf"
"James","Keith","Electric Kettle"
"James","Isabella","Air Purifier, Air Purifier, Portable Charger, Portable Charger"
"James","Terry","Screen Protector, Screen Protector, Laptop Stand"
"James","Jane","Microphone, Wireless Presenter, Microphone"
"James","Wayne","Power Strip"
"James","Amy","Monitor Stand, Power Strip, Power Strip"
"James","Ralph","Desk Organizer, External SSD"
"James","Cynthia","Toaster Oven, Monitor Stand"
"James","Smith","Coffee Maker"
"James","Johnson","Mechanical Keyboard"
"James","Williams","Laptop Stand"
"James","Brown","Gaming Keyboard"
"James","Jones","Wireless Earbuds"
"James","Garcia","Document Scanner, Document Scanner, Phone Grip"
"James","Miller","Desk Organizer, Desk Organizer, Water Bottle"
"James","Davis","Bluetooth Headphones"
"James","Rodriguez","Bluetooth Headphones"
"James","Martinez","Coffee Maker, Coffee Maker, WiFi Router, WiFi Router"
"James","Hernandez","Toaster Oven"
"James","Lopez","Laptop Sleeve, Laptop Sleeve"
"James","Gonzalez","Microphone, Microphone, Document Scanner"
"James","Wilson","Toaster Oven, Portable Charger"
"James","Anderson","WiFi Router"
"James","Thomas","Gaming Mouse Pad"
"James","Taylor","Desk Mat, Desk Mat"
"James","Moore","Bath Towels"
"James","Jackson","Smartphone Case, Webcam HD"
"James","Martin","Wireless Charger, Laptop Sleeve"
"James","Peter","Cable Organizer, 4K Monitor, Cable Organizer"
"James","Victoria","Laptop Sleeve, Throw Pillows, Laptop Sleeve"
"James","Raymond","Electric Kettle, Bluetooth Headphones, Bluetooth Headphones"
"James","Julia","Power Strip, Air Purifier, Air Purifier"
"James","Scott","Tablet Stand, WiFi Router, WiFi Router"
"James","Grace","Microphone, Smartphone Case, Smartphone Case"
"James","Dennis","File Cabinet, WiFi Router"
"James","Evelyn","Food Processor, Food Processor"
"James","Gregory","Mechanical Keyboard"
"James","Anna","Wireless Mouse, Standing Desk"
"James","Walter","Throw Pillows, Gaming Keyboard, Gaming Keyboard"
"James","Rose","Noise Cancelling Headset"
"James","Patrick","4K Monitor"
"James","Judith","Laptop Stand, Laptop Stand, External SSD"
"James","Henry","Desk Lamp"
"James","Christina","Wireless Presenter, Wireless Presenter, Throw Pillows, Throw Pillows"
"James","Douglas","Desk Lamp, Desk Lamp"
"James","Maria","Power Strip"
"James","Harold","Keyboard Wrist Rest, Keyboard Wrist Rest"
"James","Nicole","Phone Grip, Document Scanner"
"James","Alexander","Laptop Sleeve, Laptop Sleeve, Standing Desk"
"James","Megan","Electric Kettle, Laptop Stand"
"James","Samuel","Laptop Stand"
"James","Dorothy","External SSD, External SSD, Laptop Stand"
"James","Frank","Portable Charger"
"James","Sophia","Food Processor"
"James","Lawrence","Bluetooth Headphones, Bluetooth Headphones"
"James","Alice","Cable Organizer, Coffee Maker"
"James","Arthur","Wireless Charger, Electric Kettle"
"James","Ruth","Document Scanner"
"James","Philip","Power Strip, Bookshelf, Bookshelf"
"James","Diana","Laptop Stand, Mechanical Keyboard"
"James","Roger","Document Scanner"
"James","Natalie","Wireless Mouse, Bluetooth Headphones"
"James","Benjamin","Tablet Stand, Storage Shelf, Storage Shelf"
"James","Virginia","Desk Organizer, Laptop Stand, Laptop Stand, Desk Organizer"
"James","Bruce","Water Bottle, Webcam HD"
"James","Madison","Food Processor"
"James","Adam","Screen Protector"
"James","Abigail","Storage Shelf, Mechanical Keyboard"
"James","Gerald","Throw Pillows"
"James","Lauren","Keyboard Wrist Rest, Wall Clock"
"James","Keith","Portable Charger"
"James","Isabella","Keyboard Wrist Rest, Throw Pillows"
"James","Terry","Webcam HD"
"James","Jane","Storage Containers, Toaster Oven"
"James","Wayne","External SSD, 4K Monitor"
"James","Amy","WiFi Router"
"James","Ralph","Phone Grip, Food Processor, Food Processor"
"James","Cynthia","Wireless Charger"
"James","Smith","Bookshelf"
"James","Johnson","Keyboard Wrist Rest"
"James","Williams","Bath Towels, Bath Towels, Desk Organizer"
"James","Brown","Coffee Maker, Webcam HD"
"James","Jones","Kitchen Blender"
"James","Garcia","Computer Speakers, Storage Shelf"
"James","Miller","Standing Desk"
"James","Davis","Bluetooth Headphones"
"James","Rodriguez","Power Strip, Power Strip, Power Strip, Power Strip"
"James","Martinez","Smartphone Case, Screen Protector"
"James","Hernandez","Wall Clock, Wall Clock"
"James","Lopez","Throw Pillows"
"James","Gonzalez","WiFi Router, WiFi Router"
"James","Wilson","Keyboard Wrist Rest"
"James","Anderson","Desk Organizer, 4K Monitor"
"James","Thomas","4K Monitor, 4K Monitor"
"James","Taylor","Coffee Maker, 4K Monitor, Coffee Maker, 4K Monitor"
"James","Moore","Monitor Stand"
"James","Jackson","Electric Kettle, Electric Kettle"
"James","Martin","Gaming Keyboard"
"James","Peter","Wireless Charger, Wireless Earbuds"
"James","Victoria","Wireless Charger, Wireless Charger, Throw Pillows"
"James","Raymond","Storage Shelf, Drawer Unit, Storage Shelf"
"James","Julia","Desk Lamp, Screen Protector"
"James","Scott","Power Strip, Noise Cancelling Headset"
"James","Grace","Laptop Stand, Desk Lamp, Desk Lamp"
"James","Dennis","Wireless Earbuds, Power Strip, Wireless Earbuds, Power Strip"
"James","Evelyn","USB-C Hub, USB-C Hub"
"James","Gregory","Storage Containers"
"James","Anna","Coffee Maker, Noise Cancelling Headset, Noise Cancelling Headset"
"James","Walter","Wireless Charger, Wireless Charger, Throw Pillows"
"James","Rose","Throw Pillows"
"James","Patrick","Smartphone Case, Phone Grip"
"James","Judith","Computer Speakers, Computer Speakers"
"James","Henry","Tablet Stand, Tablet Stand"
"James","Christina","Computer Speakers"
"James","Douglas","Water Bottle"
"James","Maria","Storage Shelf, Desk Organizer"
"James","Harold","Wireless Charger, Phone Grip"
"James","Nicole","Throw Pillows, WiFi Router"
"James","Alexander","Laptop Sleeve, Laptop Sleeve"
"James","Megan","Mechanical Keyboard, Drawer Unit"
"James","Samuel","Laptop Stand"
"James","Dorothy","Smart Watch, Smart Watch, Noise Cancelling Headset"
"James","Frank","Desk Organizer, Desk Organizer, Laptop Stand, Laptop Stand"
"James","Sophia","Drawer Unit"
"James","Lawrence","Food Processor, Water Bottle"
"James","Alice","Standing Desk, Standing Desk"
"James","Arthur","Smart Watch, Wireless Earbuds, Smart Watch"
"James","Ruth","Computer Speakers"
"James","Philip","Keyboard Wrist Rest"
"James","Diana","External SSD, Desk Organizer, Desk Organizer"
"James","Roger","Smart Watch, Wireless Presenter"
"James","Natalie","External SSD"
"James","Benjamin","Bookshelf, Bookshelf"
"James","Virginia","Standing Desk, Wireless Mouse"
"James","Bruce","WiFi Router"
"James","Madison","Laptop Stand, File Cabinet"
"James","Adam","USB-C Hub, Drawer Unit, USB-C Hub"
"James","Abigail","Throw Pillows, Throw Pillows"
"James","Gerald","Standing Desk, Standing Desk"
"James","Lauren","Tablet Stand"
"James","Keith","Gaming Mouse Pad, Gaming Mouse Pad"
"James","Isabella","Storage Containers, Power Strip"
"James","Terry","Power Strip"
"James","Jane","Monitor Stand"
"James","Wayne","Food Processor, Laptop Sleeve, Laptop Sleeve"
"James","Amy","Air Purifier, Air Purifier"
"James","Ralph","Desk Lamp, Desk Lamp"
"James","Cynthia","Electric Kettle"
"James","Smith","4K Monitor, Storage Containers"
"James","Johnson","Rice Cooker"
"James","Williams","Cable Organizer, Cable Organizer"
"James","Brown","Power Strip"
"James","Jones","Bluetooth Headphones"
"James","Garcia","Wireless Mouse, Wireless Mouse"
"James","Miller","Computer Speakers, Computer Speakers"
"James","Davis","Smartphone Case"
"James","Rodriguez","Wireless Presenter"
"James","Martinez","Wireless Mouse, Bluetooth Headphones, Bluetooth Headphones"
"James","Hernandez","Wireless Presenter, Wireless Presenter, Power Strip, Power Strip"
"James","Lopez","Water Bottle, Tablet Stand"
"James","Gonzalez","Coffee Maker, Coffee Maker"
"James","Wilson","Power Strip, Laptop Stand, Power Strip"
"James","Anderson","Desk Organizer"
"James","Thomas","Wireless Mouse, Wireless Mouse"
"James","Taylor","Power Strip, Screen Protector"
"James","Moore","Computer Speakers, Desk Mat, Computer Speakers"
"James","Jackson","Phone Grip, Microphone"
"James","Martin","Rice Cooker, External SSD, Rice Cooker"
"James","Peter","Wireless Presenter, Portable Charger"
"James","Victoria","Coffee Maker"
"James","Raymond","Cable Organizer, Cable Organizer"
"James","Julia","4K Monitor"
"James","Scott","Storage Shelf"
"James","Grace","Desk Mat, Desk Mat"
"James","Dennis","External SSD, External SSD"
"James","Evelyn","Laptop Stand, Laptop Stand, Document Scanner"
"James","Gregory","Desk Organizer"
"James","Anna","Laptop Sleeve"
"James","Walter","Phone Grip, Food Processor, Phone Grip, Food Processor"
"James","Rose","Bluetooth Headphones, Smartphone Case"
"James","Patrick","Standing Desk, Coffee Maker"
"James","Judith","Drawer Unit, Phone Grip"
"James","Henry","Rice Cooker, Document Scanner"
"James","Christina","Water Bottle, Screen Protector"
"James","Douglas","Electric Kettle, Screen Protector, Screen Protector"
"James","Maria","Wireless Earbuds"
"James","Harold","Standing Desk, Screen Protector"
"James","Nicole","Wall Clock, Kitchen Blender, Wall Clock"
"James","Alexander","Office Chair, Office Chair"
"James","Megan","Coffee Maker, External SSD, External SSD"
"James","Samuel","Bluetooth Headphones"
"James","Dorothy","Gaming Keyboard, Storage Containers, Storage Containers"
"James","Frank","Wall Clock, Bookshelf"
"James","Sophia","Drawer Unit, Desk Organizer"
"James","Lawrence","Power Strip, Power Strip"
"James","Alice","Cable Organizer, Cable Organizer"
"James","Arthur","Throw Pillows"
"James","Ruth","Desk Mat, 4K Monitor"
"James","Philip","Computer Speakers, Laptop Sleeve"
"James","Diana","Gaming Mouse Pad, Gaming Mouse Pad"
"James","Roger","Webcam HD"
"James","Natalie","Webcam HD"
"James","Benjamin","Wall Clock, Kitchen Blender, Kitchen Blender"
"James","Virginia","Wireless Earbuds"
"James","Bruce","Rice Cooker, Rice Cooker, Coffee Maker"
"James","Madison","Keyboard Wrist Rest, Keyboard Wrist Rest"
"James","Adam","Desk Organizer"
"James","Abigail","Desk Lamp"
"James","Gerald","Standing Desk, 4K Monitor, Standing Desk, 4K Monitor"
"James","Lauren","4K Monitor"
"James","Keith","Storage Containers, Storage Containers"
"James","Isabella","Drawer Unit, Wall Clock"
"James","Terry","4K Monitor"
"James","Jane","Mechanical Keyboard, Mechanical Keyboard"
"James","Wayne","WiFi Router, WiFi Router"
"James","Amy","File Cabinet, Mechanical Keyboard"
"James","Ralph","WiFi Router, Bookshelf"
"James","Cynthia","Wireless Earbuds, Coffee Maker, Coffee Maker"
"James","Smith","4K Monitor, Noise Cancelling Headset"
"James","Johnson","Wireless Presenter, Wireless Presenter"
"James","Williams","Wireless Earbuds, Wireless Earbuds"
"James","Brown","Screen Protector"
"James","Jones","Wireless Charger"
"James","Garcia","Electric Kettle, Electric Kettle"
"James","Miller","Bluetooth Headphones, Bluetooth Headphones"
"James","Davis","Standing Desk, Tablet Stand, Standing Desk"
"James","Rodriguez","Keyboard Wrist Rest"
"James","Martinez","Screen Protector"
"James","Hernandez","Smartphone Case, Storage Containers, Smartphone Case, Storage Containers"
"James","Lopez","Storage Containers, Screen Protector, Screen Protector"
"James","Gonzalez","Laptop Sleeve, Laptop Sleeve, Laptop Sleeve"
"James","Wilson","Toaster Oven, Toaster Oven, Water Bottle"
"James","Anderson","Food Processor, Cable Organizer, Food Processor"
"James","Thomas","Rice Cooker, Storage Shelf, Storage Shelf"
"James","Taylor","Toaster Oven, Drawer Unit"
"James","Moore","Storage Containers, Air Purifier"
"James","Jackson","Microphone, Microphone"
"James","Martin","Standing Desk, Standing Desk, Coffee Maker, Coffee Maker"
"James","Peter","Water Bottle"
"James","Victoria","USB-C Hub"
"James","Raymond","Storage Shelf, Storage Shelf, Kitchen Blender"
"James","Julia","Throw Pillows, Wireless Mouse"
"James","Scott","Food Processor, Desk Lamp"
"James","Grace","Desk Mat, Desk Mat"
"James","Dennis","Desk Lamp"
"James","Evelyn","External SSD, Laptop Stand"
"James","Gregory","Tablet Stand"
"James","Anna","Gaming Keyboard, Office Chair"
"James","Walter","Bluetooth Headphones, Wireless Charger, Wireless Charger"
"James","Rose","Drawer Unit, Noise Cancelling Headset, Drawer Unit, Noise Cancelling Headset"
"James","Patrick","Tablet Stand, Portable Charger"
"James","Judith","Kitchen Blender, Kitchen Blender"
"James","Henry","Laptop Stand, Wall Clock, Laptop Stand"
"James","Christina","Coffee Maker, Coffee Maker, Tablet Stand"
"James","Douglas","Desk Lamp, Desk Lamp"
"James","Maria","Webcam HD, Bluetooth Headphones, Bluetooth Headphones"
"James","Harold","Office Chair"
"James","Nicole","Smart Watch, Bluetooth Headphones, Bluetooth Headphones"
"James","Alexander","Noise Cancelling Headset"
"James","Megan","Bluetooth Headphones, Desk Mat"
"James","Samuel","Smart Watch, USB-C Hub"
"James","Dorothy","Wireless Mouse"
"James","Frank","Desk Mat, Portable Charger"
"James","Sophia","4K Monitor, 4K Monitor"
"James","Lawrence","Food Processor, Computer Speakers, Computer Speakers"
"James","Alice","Bath Towels, Food Processor"
"James","Arthur","Power Strip, Power Strip, Webcam HD"
"James","Ruth","Electric Kettle, Electric Kettle, Electric Kettle"
"James","Philip","Phone Grip, Phone Grip"
"James","Diana","Throw Pillows, Wireless Mouse"
"James","Roger","Gaming Mouse Pad, Gaming Mouse Pad"
"James","Natalie","Cable Organizer, Screen Protector"
"James","Benjamin","Portable Charger, Noise Cancelling Headset, Portable Charger"
"James","Virginia","Power Strip"
"James","Bruce","File Cabinet"
"James","Madison","Water Bottle, Water Bottle, Drawer Unit"
"James","Adam","Phone Grip, Storage Containers, Phone Grip"
"James","Abigail","Wireless Earbuds, Monitor Stand"
"James","Gerald","Phone Grip"
"James","Lauren","Office Chair, Kitchen Blender"
"James","Keith","Wall Clock, Smart Watch"
"James","Isabella","Desk Organizer"
"James","Terry","USB-C Hub, Bookshelf"
"James","Jane","Microphone, Phone Grip"
"James","Wayne","Smartphone Case, Smartphone Case"
"James","Amy","Cable Organizer, Smart Watch, Cable Organizer"
"James","Ralph","Phone Grip"
"James","Cynthia","Food Processor"
"James","Smith","Phone Grip, Noise Cancelling Headset"
"James","Johnson","Wireless Presenter"
"James","Williams","Storage Containers"
"James","Brown","Wireless Charger"
"James","Jones","Storage Shelf"
"James","Garcia","Toaster Oven, Toaster Oven"
"James","Miller","Keyboard Wrist Rest"
"James","Davis","Wireless Presenter, Wireless Presenter, Computer Speakers"
"James","Rodriguez","Storage Shelf, Desk Lamp, Desk Lamp"
"James","Martinez","Document Scanner, Bath Towels, Bath Towels"
"James","Hernandez","External SSD"
"James","Lopez","Portable Charger, Portable Charger, Desk Organizer"
"James","Gonzalez","Gaming Keyboard, File Cabinet, File Cabinet"
"James","Wilson","Noise Cancelling Headset, Noise Cancelling Headset, Electric Kettle, Electric Kettle"
"James","Anderson","Water Bottle"
"James","Thomas","Electric Kettle, Desk Organizer"
"James","Taylor","Wireless Earbuds"
"James","Moore","Power Strip"
"James","Jackson","USB-C Hub, USB-C Hub"
"James","Martin","Bluetooth Headphones, WiFi Router, Bluetooth Headphones"
"James","Peter","Mechanical Keyboard"
"James","Victoria","Laptop Stand, Tablet Stand, Laptop Stand"
"James","Raymond","Air Purifier, Air Purifier, Phone Grip"
"James","Julia","Food Processor, Desk Organizer, Desk Organizer, Food Processor"
"James","Scott","Wireless Mouse"
"James","Grace","Webcam HD, Webcam HD"
"James","Dennis","Screen Protector"
"James","Evelyn","Cable Organizer"
"James","Gregory","Drawer Unit, Smartphone Case"
"James","Anna","Water Bottle, Water Bottle, Kitchen Blender"
"James","Walter","Food Processor, Smartphone Case, Smartphone Case"
"James","Rose","Food Processor, Food Processor"
"James","Patrick","Power Strip"
"James","Judith","Storage Shelf, Storage Shelf"
"James","Henry","Power Strip, Bluetooth Headphones, Power Strip"
"James","Christina","Desk Lamp, Kitchen Blender, Kitchen Blender"
"James","Douglas","Electric Kettle"
"James","Maria","Drawer Unit, Drawer Unit"
"James","Harold","Microphone, Monitor Stand"
"James","Nicole","Coffee Maker"
"James","Alexander","Kitchen Blender, Noise Cancelling Headset"
"James","Megan","Bookshelf"
"James","Samuel","Microphone"
"James","Dorothy","Wall Clock, Wall Clock"
"James","Frank","Storage Containers"
"James","Sophia","Kitchen Blender, Air Purifier, Air Purifier"
"James","Lawrence","Computer Speakers"
"James","Alice","Electric Kettle"
"James","Arthur","Smart Watch, Smart Watch"
"James","Ruth","Microphone, Microphone"
"James","Philip","Laptop Stand"
"James","Diana","WiFi Router, WiFi Router, Gaming Keyboard"
"James","Roger","Wireless Earbuds, Wireless Earbuds, Cable Organizer"
"James","Natalie","Keyboard Wrist Rest, Keyboard Wrist Rest, Computer Speakers"
"James","Benjamin","Toaster Oven"
"James","Virginia","Throw Pillows, Tablet Stand"
"James","Bruce","Standing Desk, Standing Desk, Gaming Keyboard"
"James","Madison","Kitchen Blender, Microphone"
"James","Adam","Rice Cooker, Bluetooth Headphones"
"James","Abigail","Office Chair, Toaster Oven"
"James","Gerald","Mechanical Keyboard"
"James","Lauren","Bluetooth Headphones"
"James","Keith","Cable Organizer"
"James","Isabella","Throw Pillows, Rice Cooker, Throw Pillows"
"James","Terry","External SSD, File Cabinet"
"James","Jane","File Cabinet, File Cabinet, Water Bottle"
"James","Wayne","Document Scanner, Document Scanner"
"James","Amy","Desk Mat, Document Scanner"
"James","Ralph","4K Monitor, Bluetooth Headphones, 4K Monitor"
"James","Cynthia","Desk Mat"
"James","Smith","Gaming Mouse Pad"
"James","Johnson","Desk Lamp, Storage Shelf, Storage Shelf"
"James","Williams","External SSD"
"James","Brown","Drawer Unit, Cable Organizer"
"James","Jones","Gaming Keyboard"
"James","Garcia","Bath Towels"
"James","Miller","Standing Desk"
"James","Davis","File Cabinet, Wireless Presenter, File Cabinet"
"James","Rodriguez","Bluetooth Headphones"
"James","Martinez","Cable Organizer, Cable Organizer"
"James","Hernandez","Wall Clock, Wall Clock"
"James","Lopez","Microphone"
"James","Gonzalez","Standing Desk, Screen Protector, Screen Protector"
"James","Wilson","Gaming Mouse Pad, Bookshelf"
"James","Anderson","Bookshelf, Microphone"
"James","Thomas","File Cabinet, Portable Charger, File Cabinet"
"James","Taylor","Mechanical Keyboard"
"James","Moore","File Cabinet"
"James","Jackson","Laptop Sleeve, Laptop Sleeve"
"James","Martin","Coffee Maker, Laptop Sleeve"
"James","Peter","File Cabinet, Laptop Stand, Laptop Stand, File Cabinet"
"James","Victoria","Laptop Stand"
"James","Raymond","Gaming Mouse Pad, Food Processor, Food Processor"
"James","Julia","Gaming Keyboard, Cable Organizer"
"James","Scott","Webcam HD, Air Purifier"
"James","Grace","Bookshelf"
"James","Dennis","Smart Watch, 4K Monitor, 4K Monitor"
"James","Evelyn","Smartphone Case"
"James","Gregory","Kitchen Blender, Smart Watch, Kitchen Blender"
"James","Anna","Gaming Keyboard, Gaming Keyboard"
"James","Walter","Computer Speakers"
"James","Rose","Smart Watch, Power Strip, Smart Watch"
"James","Patrick","Throw Pillows"
"James","Judith","Screen Protector, Throw Pillows"
"James","Henry","Gaming Keyboard, Gaming Keyboard, File Cabinet"
"James","Christina","Computer Speakers"
"James","Douglas","4K Monitor, 4K Monitor"
"James","Maria","Wall Clock"
"James","Harold","Webcam HD, Webcam HD"
"James","Nicole","Document Scanner"
"James","Alexander","Laptop Stand, Laptop Stand"
"James","Megan","Throw Pillows, Gaming Keyboard, Gaming Keyboard"
"James","Samuel","Rice Cooker, Rice Cooker, Desk Lamp, Desk Lamp"
"James","Dorothy","Power Strip, Phone Grip"
"James","Frank","Kitchen Blender, Storage Containers"
"James","Sophia","Wireless Charger, Wireless Charger, WiFi Router, WiFi Router"
"James","Lawrence","Throw Pillows, Throw Pillows"
"James","Alice","Computer Speakers"
"James","Arthur","Mechanical Keyboard"
"James","Ruth","Toaster Oven, Gaming Keyboard, Toaster Oven"
"James","Philip","Tablet Stand, Tablet Stand"
"James","Diana","Electric Kettle"
"James","Roger","Coffee Maker, Tablet Stand, Tablet Stand"
"James","Natalie","Standing Desk"
"James","Benjamin","Gaming Mouse Pad"
"James","Virginia","Water Bottle, Water Bottle"
"James","Bruce","Desk Mat"
"James","Madison","Drawer Unit, Drawer Unit, Coffee Maker"
"James","Adam","Bath Towels, Portable Charger"
"James","Abigail","Bath Towels"
"James","Gerald","Laptop Sleeve, Drawer Unit"
"James","Lauren","Food Processor"
"James","Keith","Wall Clock"
"James","Isabella","Document Scanner, Document Scanner"
"James","Terry","USB-C Hub, Power Strip, USB-C Hub"
"James","Jane","Toaster Oven, Kitchen Blender"
"James","Wayne","File Cabinet, File Cabinet"
"James","Amy","Monitor Stand, Wireless Charger, Monitor Stand, Wireless Charger"
"James","Ralph","Wireless Charger, Wireless Charger"
"James","Cynthia","Smart Watch, WiFi Router, Smart Watch"
"James","Smith","Bluetooth Headphones, Microphone, Microphone"
"James","Johnson","Throw Pillows, Phone Grip, Throw Pillows"
"James","Williams","Bookshelf, Webcam HD"
"James","Brown","Wall Clock, Wall Clock"
"James","Jones","Cable Organizer, Storage Containers"
"James","Garcia","Portable Charger, Mechanical Keyboard"
"James","Miller","Wireless Presenter, Laptop Sleeve"
"James","Davis","Desk Mat, Gaming Mouse Pad, Gaming Mouse Pad"
"James","Rodriguez","Power Strip, Drawer Unit"
"James","Martinez","Electric Kettle"
"James","Hernandez","Wireless Charger, Water Bottle"
"James","Lopez","Bath Towels, Gaming Mouse Pad"
"James","Gonzalez","Cable Organizer, Bookshelf, Bookshelf"
"James","Wilson","USB-C Hub, Throw Pillows, USB-C Hub"
"James","Anderson","USB-C Hub, USB-C Hub"
"James","Thomas","Wireless Presenter, Document Scanner, Wireless Presenter, Document Scanner"
"James","Taylor","Smartphone Case, Water Bottle"
"James","Moore","Phone Grip, Portable Charger"
"James","Jackson","Bluetooth Headphones"
"James","Martin","Webcam HD, Air Purifier, Air Purifier"
"James","Peter","Electric Kettle, Electric Kettle, Noise Cancelling Headset"
"James","Victoria","Microphone"
"James","Raymond","External SSD"
"James","Julia","Air Purifier, Air Purifier, Screen Protector"
"James","Scott","Keyboard Wrist Rest"
"James","Grace","Microphone, Bath Towels"
"James","Dennis","Wireless Presenter"
"James","Evelyn","Wireless Presenter, Wireless Presenter, Bath Towels"
"James","Gregory","Laptop Sleeve"
"James","Anna","Rice Cooker, Laptop Stand"
"James","Walter","Noise Cancelling Headset, Noise Cancelling Headset, Smartphone Case, Smartphone Case"
"James","Rose","Keyboard Wrist Rest, Smart Watch"
"James","Patrick","Desk Mat, Desk Mat, Smart Watch"
"James","Judith","Phone Grip, Phone Grip"
"James","Henry","Phone Grip, Coffee Maker, Phone Grip, Coffee Maker"
"James","Christina","Gaming Mouse Pad, Gaming Mouse Pad"
"James","Douglas","Desk Organizer"
"James","Maria","Wall Clock"
"James","Harold","Desk Mat"
"James","Nicole","Smart Watch, Smart Watch, Water Bottle"
"James","Alexander","File Cabinet, Rice Cooker"
"James","Megan","Food Processor"
"James","Samuel","Coffee Maker"
"James","Dorothy","Power Strip, Power Strip, Webcam HD"
"James","Frank","Food Processor, Monitor Stand, Food Processor"
"James","Sophia","Wall Clock"
"James","Lawrence","Microphone, Microphone, Microphone"
"James","Alice","External SSD"
"James","Arthur","Power Strip, Power Strip"
"James","Ruth","Gaming Mouse Pad, Gaming Mouse Pad"
"James","Philip","Noise Cancelling Headset, Noise Cancelling Headset, Mechanical Keyboard, Mechanical Keyboard"
"James","Diana","4K Monitor"
"James","Roger","WiFi Router, WiFi Router"
"James","Natalie","Storage Shelf, Storage Shelf"
"James","Benjamin","USB-C Hub, USB-C Hub, Wireless Mouse"
"James","Virginia","Microphone"
"James","Bruce","Air Purifier"
"James","Madison","Cable Organizer"
"James","Adam","Screen Protector, Gaming Mouse Pad, Screen Protector, Gaming Mouse Pad"
"James","Abigail","USB-C Hub"
"James","Gerald","Laptop Stand"
"James","Lauren","Desk Lamp, Noise Cancelling Headset, Noise Cancelling Headset"
"James","Keith","Webcam HD, Wireless Mouse"
"James","Isabella","Water Bottle"
"James","Terry","Bath Towels, Bath Towels"
"James","Jane","File Cabinet, File Cabinet, Electric Kettle"
"James","Wayne","4K Monitor"
"James","Amy","Storage Shelf"
"James","Ralph","USB-C Hub, Gaming Mouse Pad, Gaming Mouse Pad"
"James","Cynthia","WiFi Router"
"James","Smith","Noise Cancelling Headset, Bluetooth Headphones, Bluetooth Headphones"
"James","Johnson","Kitchen Blender, Bookshelf"
"James","Williams","Air Purifier"
"James","Brown","Storage Containers"
"James","Jones","Wireless Earbuds, Bookshelf, Wireless Earbuds"
"James","Garcia","Smartphone Case"
"James","Miller","Coffee Maker"
"James","Davis","Noise Cancelling Headset"
"James","Rodriguez","Laptop Stand"
"James","Martinez","Throw Pillows, Standing Desk, Throw Pillows"
"James","Hernandez","Microphone"
"James","Lopez","Portable Charger"
"James","Gonzalez","Smartphone Case"
"James","Wilson","Office Chair, Office Chair"
"James","Anderson","Toaster Oven"
"James","Thomas","Coffee Maker"
"James","Taylor","Storage Containers, Wall Clock, Storage Containers"
"James","Moore","Webcam HD, Standing Desk"
"James","Jackson","Wireless Charger"
"James","Martin","Rice Cooker, Electric Kettle, Electric Kettle"
"James","Peter","Phone Grip, Phone Grip"
"James","Victoria","Microphone, Microphone, Throw Pillows"
"James","Raymond","Electric Kettle"
"James","Julia","Mechanical Keyboard, Mechanical Keyboard"
"James","Scott","Toaster Oven, WiFi Router"
"James","Grace","Electric Kettle, Electric Kettle"
"James","Dennis","Keyboard Wrist Rest, Keyboard Wrist Rest, Food Processor, Food Processor"
"James","Evelyn","Desk Organizer, Office Chair, Desk Organizer"
"James","Gregory","Water Bottle"
"James","Anna","Document Scanner, Document Scanner"
"James","Walter","Wireless Mouse, Toaster Oven, Wireless Mouse"
"James","Rose","Storage Containers, Smartphone Case, Storage Containers"
"James","Patrick","Laptop Stand"
"James","Judith","4K Monitor"
"James","Henry","Smartphone Case"
"James","Christina","External SSD, Electric Kettle, Electric Kettle"
"James","Douglas","Storage Containers"
"James","Maria","Desk Lamp, Desk Lamp, Electric Kettle, Electric Kettle"
"James","Harold","Portable Charger, Rice Cooker, Portable Charger"
"James","Nicole","Throw Pillows, Storage Containers, Throw Pillows"
"James","Alexander","Wall Clock, Power Strip"
"James","Megan","Mechanical Keyboard, Webcam HD"
"James","Samuel","Smart Watch, Phone Grip"
"James","Dorothy","Bookshelf, Bookshelf"
"James","Frank","Cable Organizer, Phone Grip"
"James","Sophia","Wireless Earbuds, Wireless Earbuds, Screen Protector"
"James","Lawrence","Bookshelf, Bookshelf"
"James","Alice","Power Strip, Power Strip"
"James","Arthur","Gaming Mouse Pad, Gaming Mouse Pad"
"James","Ruth","Webcam HD, Bath Towels"
"James","Philip","Desk Organizer, 4K Monitor"
"James","Diana","Storage Containers, Storage Containers"
"James","Roger","Monitor Stand"
"James","Natalie","Portable Charger, Portable Charger"
"James","Benjamin","Drawer Unit"
"James","Virginia","Smartphone Case, Bookshelf, Bookshelf, Smartphone Case"
"James","Bruce","Laptop Sleeve, Laptop Sleeve"
"James","Madison","Standing Desk"
"James","Adam","Mechanical Keyboard, Mechanical Keyboard"
"James","Abigail","Desk Lamp, Desk Lamp, Electric Kettle"
"James","Gerald","Wall Clock, Wireless Presenter"
"James","Lauren","Wall Clock, Wall Clock"
"James","Keith","Desk Mat, Smart Watch"
"James","Isabella","Office Chair"
"James","Terry","Microphone, Microphone"
"James","Jane","Monitor Stand, Coffee Maker"
"James","Wayne","Laptop Sleeve"
"James","Amy","File Cabinet, 4K Monitor"
"James","Ralph","Cable Organizer, Drawer Unit, Drawer Unit"
"James","Cynthia","Rice Cooker"
"James","Smith","Phone Grip"
"James","Johnson","Portable Charger"
"James","Williams","Gaming Keyboard, Bluetooth Headphones"
"James","Brown","Wireless Presenter, Wireless Presenter"
"James","Jones","Keyboard Wrist Rest, Keyboard Wrist Rest, Monitor Stand"
"James","Garcia","Gaming Keyboard"
"James","Miller","Keyboard Wrist Rest, Keyboard Wrist Rest, Toaster Oven"
"James","Davis","Laptop Stand, Bookshelf"
"James","Rodriguez","Keyboard Wrist Rest"
"James","Martinez","Throw Pillows, Bluetooth Headphones"
"James","Hernandez","Smartphone Case, Wireless Earbuds"
"James","Lopez","4K Monitor, 4K Monitor"
"James","Gonzalez","Rice Cooker, WiFi Router"
"James","Wilson","Smartphone Case, Desk Mat"
"James","Anderson","Keyboard Wrist Rest, Phone Grip, Keyboard Wrist Rest"
"James","Thomas","Storage Containers"
"James","Taylor","Noise Cancelling Headset"
"James","Moore","Throw Pillows, Smartphone Case, Smartphone Case, Throw Pillows"
"James","Jackson","Gaming Keyboard, Gaming Keyboard, Toaster Oven, Toaster Oven"
"James","Martin","Bluetooth Headphones"
"James","Peter","USB-C Hub, Coffee Maker"
"James","Victoria","Microphone"
"James","Raymond","Storage Containers"
"James","Julia","Keyboard Wrist Rest"
"James","Scott","Monitor Stand, Monitor Stand"
"James","Grace","Document Scanner, Storage Shelf"
"James","Dennis","Smartphone Case, Tablet Stand"
"James","Evelyn","Computer Speakers, Wireless Charger"
"James","Gregory","External SSD, USB-C Hub"
"James","Anna","Bookshelf, Bookshelf"
"James","Walter","External SSD"
"James","Rose","Storage Shelf"
"James","Patrick","Webcam HD, Webcam HD, WiFi Router"
"James","Judith","Laptop Sleeve"
"James","Henry","4K Monitor, 4K Monitor, Storage Shelf"
"James","Christina","Throw Pillows, Monitor Stand, Throw Pillows"
"James","Douglas","Phone Grip, Phone Grip"
"James","Maria","Bluetooth Headphones, Drawer Unit"
"James","Harold","Smartphone Case, Bluetooth Headphones"
"James","Nicole","Smartphone Case"
"James","Alexander","Wireless Presenter, Air Purifier"
"James","Megan","Electric Kettle, External SSD"
"James","Samuel","Phone Grip, Document Scanner"
"James","Dorothy","Bluetooth Headphones, Bluetooth Headphones"
"James","Frank","Coffee Maker, Smart Watch"
"James","Sophia","Wireless Presenter"
"James","Lawrence","Mechanical Keyboard, Mechanical Keyboard"
"James","Alice","Rice Cooker, Rice Cooker"
"James","Arthur","Bluetooth Headphones"
"James","Ruth","Screen Protector, Screen Protector"
"James","Philip","Desk Mat"
"James","Diana","Coffee Maker, Bookshelf, Coffee Maker"
"James","Roger","File Cabinet, Office Chair"
"James","Natalie","Desk Organizer, Wireless Earbuds"
"James","Benjamin","WiFi Router, Wireless Presenter"
"James","Virginia","Laptop Sleeve"
"James","Bruce","Wireless Mouse, Wireless Charger"
"James","Madison","Desk Organizer, Desk Organizer"
"James","Adam","Screen Protector, Bath Towels"
"James","Abigail","Kitchen Blender, Office Chair, Kitchen Blender"
"James","Gerald","Wireless Presenter"
"James","Lauren","4K Monitor, Food Processor, Food Processor"
"James","Keith","Drawer Unit"
"James","Isabella","Cable Organizer, Throw Pillows"
"James","Terry","Document Scanner, Document Scanner"
"James","Jane","Screen Protector, Desk Mat"
"James","Wayne","Storage Shelf, Storage Shelf, Webcam HD, Webcam HD"
"James","Amy","Standing Desk, Rice Cooker"
"James","Ralph","Smart Watch"
"James","Cynthia","Storage Shelf, Storage Shelf, External SSD"
"James","Smith","Laptop Stand, Bath Towels"
"James","Johnson","Office Chair"
"James","Williams","Cable Organizer"
"James","Brown","Coffee Maker, Coffee Maker, Food Processor"
"James","Jones","Storage Shelf, Storage Shelf"
"James","Garcia","Portable Charger, Portable Charger"
"James","Miller","Drawer Unit, Drawer Unit"
"James","Davis","Wireless Presenter"
"James","Rodriguez","Storage Containers, Webcam HD, Storage Containers"
"James","Martinez","Smart Watch, Water Bottle, Smart Watch"
"James","Hernandez","Smart Watch, Toaster Oven, Smart Watch"
"James","Lopez","Kitchen Blender"
"James","Gonzalez","Wall Clock"
"James","Wilson","Webcam HD, Water Bottle"
"James","Anderson","Office Chair, Monitor Stand, Office Chair"
"James","Thomas","File Cabinet, File Cabinet"
"James","Taylor","Storage Shelf"
"James","Moore","Gaming Keyboard"
"James","Jackson","Smartphone Case"
"James","Martin","4K Monitor, Microphone"
"James","Peter","4K Monitor, WiFi Router"
"James","Victoria","Storage Containers, Office Chair"
"James","Raymond","Desk Lamp, External SSD"
"James","Julia","Wall Clock, Noise Cancelling Headset"
"James","Scott","Document Scanner, Mechanical Keyboard, Document Scanner"
"James","Grace","File Cabinet, Drawer Unit, File Cabinet"
"James","Dennis","Coffee Maker, Phone Grip, Coffee Maker"
"James","Evelyn","Coffee Maker, Coffee Maker, Wall Clock, Wall Clock"
"James","Gregory","Gaming Mouse Pad"
"James","Anna","Noise Cancelling Headset, Noise Cancelling Headset"
"James","Walter","Office Chair, Office Chair"
"James","Rose","Coffee Maker, Throw Pillows, Throw Pillows"
"James","Patrick","Monitor Stand, Smartphone Case"
"James","Judith","Standing Desk, Standing Desk"
"James","Henry","Computer Speakers, Microphone, Microphone"
"James","Christina","Wireless Mouse, Wireless Mouse, Keyboard Wrist Rest"
"James","Douglas","4K Monitor, 4K Monitor"
"James","Maria","Cable Organizer, Smartphone Case, Cable Organizer, Smartphone Case"
"James","Harold","WiFi Router, Desk Mat, WiFi Router"
"James","Nicole","4K Monitor, Screen Protector, Screen Protector"
"James","Alexander","Storage Shelf, Smartphone Case"
"James","Megan","File Cabinet, Electric Kettle, Electric Kettle"
"James","Samuel","WiFi Router, Water Bottle, WiFi Router"
"James","Dorothy","Tablet Stand"
"James","Frank","Laptop Stand, Laptop Stand"
"James","Sophia","Storage Shelf"
"James","Lawrence","Throw Pillows, Throw Pillows"
"James","Alice","Portable Charger, Portable Charger"
"James","Arthur","Standing Desk, Standing Desk"
"James","Ruth","Cable Organizer, Portable Charger"
"James","Philip","Wall Clock, Wall Clock, Office Chair"
"James","Diana","Keyboard Wrist Rest, Storage Shelf"
"James","Roger","Drawer Unit, Drawer Unit, Mechanical Keyboard"
"James","Natalie","Smartphone Case, Mechanical Keyboard"
"James","Benjamin","4K Monitor, 4K Monitor"
"James","Virginia","Office Chair, Office Chair, WiFi Router"
"James","Bruce","Throw Pillows"
"James","Madison","Monitor Stand, Monitor Stand, Gaming Keyboard"
"James","Adam","Cable Organizer"
"James","Abigail","Kitchen Blender, Drawer Unit"
"James","Gerald","Storage Shelf"
"James","Lauren","USB-C Hub, Drawer Unit, Drawer Unit"
"James","Keith","Coffee Maker"
"James","Isabella","Storage Shelf, Smart Watch, Smart Watch"
"James","Terry","Air Purifier, Air Purifier, Desk Lamp"
"James","Jane","Portable Charger"
"James","Wayne","Phone Grip, Phone Grip"
"James","Amy","Wall Clock"
"James","Ralph","Electric Kettle"
"James","Cynthia","Coffee Maker"
"James","Smith","Portable Charger, Portable Charger, Bluetooth Headphones"
"James","Johnson","Toaster Oven, Office Chair, Toaster Oven"
"James","Williams","Tablet Stand, Rice Cooker"
"James","Brown","Phone Grip, Power Strip"
"James","Jones","Wall Clock, Wall Clock"
"James","Garcia","Webcam HD"
"James","Miller","Bluetooth Headphones, Laptop Sleeve"
"James","Davis","Computer Speakers, Computer Speakers"
"James","Rodriguez","Bookshelf, Laptop Sleeve"
"James","Martinez","Kitchen Blender"
"James","Hernandez","Desk Lamp, Kitchen Blender, Desk Lamp"
"James","Lopez","Monitor Stand, Monitor Stand"
"James","Gonzalez","Monitor Stand"
"James","Wilson","Bath Towels"
"James","Anderson","Bookshelf, Monitor Stand"
"James","Thomas","Air Purifier"
"James","Taylor","Office Chair, Portable Charger, Portable Charger"
"James","Moore","Air Purifier"
"James","Jackson","Water Bottle, Food Processor, Water Bottle, Food Processor"
"James","Martin","Mechanical Keyboard"
"James","Peter","Drawer Unit, Portable Charger, Drawer Unit"
"James","Victoria","Phone Grip, Phone Grip"
"James","Raymond","Computer Speakers, Computer Speakers, Tablet Stand"
"James","Julia","Coffee Maker, Laptop Stand"
"James","Scott","Wall Clock"
"James","Grace","Wireless Earbuds, Wireless Mouse, Wireless Mouse"
"James","Dennis","Laptop Stand, Bluetooth Headphones, Laptop Stand"
"James","Evelyn","Phone Grip"
"James","Gregory","Water Bottle, WiFi Router"
"James","Anna","Cable Organizer, Cable Organizer"
"James","Walter","Laptop Stand"
"James","Rose","Food Processor, Food Processor, Drawer Unit, Drawer Unit"
"James","Patrick","File Cabinet, Document Scanner"
"James","Judith","Coffee Maker, Coffee Maker"
"James","Henry","Office Chair"
"James","Christina","Gaming Keyboard, Gaming Keyboard"
"James","Douglas","Wireless Charger, Wireless Charger"
"James","Maria","USB-C Hub"
"James","Harold","Bath Towels"
"James","Nicole","Air Purifier, Air Purifier"
"James","Alexander","Power Strip, Keyboard Wrist Rest, Keyboard Wrist Rest, Power Strip"
"James","Megan","Desk Lamp, Bluetooth Headphones"
"James","Samuel","Water Bottle, Water Bottle, Toaster Oven"
"James","Dorothy","Bluetooth Headphones, Microphone"
"James","Frank","Drawer Unit"
"James","Sophia","Screen Protector, External SSD, Screen Protector"
"James","Lawrence","Power Strip, Bookshelf"
"James","Alice","Kitchen Blender, Kitchen Blender"
"James","Arthur","Rice Cooker, Rice Cooker"
"James","Ruth","USB-C Hub, Food Processor, Food Processor"
"James","Philip","Gaming Keyboard, Throw Pillows"
"James","Diana","Kitchen Blender, Smart Watch, Kitchen Blender"
"James","Roger","Desk Mat, Desk Mat, Phone Grip"
"James","Natalie","Bluetooth Headphones"
"James","Benjamin","Storage Shelf, Desk Lamp, Storage Shelf"
"James","Virginia","Throw Pillows, Throw Pillows, Food Processor"
"James","Bruce","Office Chair, Office Chair"
"James","Madison","Document Scanner, Desk Mat, Desk Mat"
"James","Adam","Noise Cancelling Headset"
"James","Abigail","Laptop Stand, Bath Towels, Laptop Stand"
"James","Gerald","Gaming Keyboard, Gaming Keyboard, Bath Towels"
"James","Lauren","Wall Clock"
"James","Keith","Standing Desk, Standing Desk, Storage Containers"
"James","Isabella","Bath Towels, Coffee Maker"
"James","Terry","Laptop Sleeve, Laptop Sleeve"
"James","Jane","Bath Towels"
"James","Wayne","Microphone, Mechanical Keyboard, Microphone"
"James","Amy","Electric Kettle, Electric Kettle, Laptop Sleeve"
"James","Ralph","Coffee Maker, Office Chair"
"James","Cynthia","Office Chair"
"James","Smith","Power Strip"
"James","Johnson","Bookshelf, Wireless Charger, Wireless Charger, Bookshelf"
"James","Williams","Laptop Stand"
"James","Brown","USB-C Hub, USB-C Hub"
"James","Jones","Water Bottle"
"James","Garcia","Wall Clock, Computer Speakers, Computer Speakers"
"James","Miller","Bath Towels"
"James","Davis","Desk Lamp, Desk Lamp"
"James","Rodriguez","Standing Desk, Monitor Stand, Monitor Stand"
"James","Martinez","Microphone, Power Strip"
"James","Hernandez","Wireless Presenter, Wireless Presenter"
"James","Lopez","Mechanical Keyboard"
"James","Gonzalez","4K Monitor"
"James","Wilson","Air Purifier, Portable Charger"
"James","Anderson","4K Monitor, Kitchen Blender, Kitchen Blender"
"James","Thomas","Monitor Stand, Storage Containers, Monitor Stand, Storage Containers"
"James","Taylor","Kitchen Blender, Gaming Keyboard, Gaming Keyboard"
"James","Moore","Wireless Mouse, Office Chair"
"James","Jackson","Coffee Maker, Electric Kettle, Electric Kettle"
"James","Martin","Screen Protector, Keyboard Wrist Rest, Keyboard Wrist Rest, Screen Protector"
"James","Peter","Throw Pillows, Wireless Charger, Throw Pillows"
"James","Victoria","Wireless Charger, Smart Watch, Wireless Charger"
"James","Raymond","Bookshelf, Storage Containers, Bookshelf"
"James","Julia","Power Strip, WiFi Router"
"James","Scott","Standing Desk, Laptop Stand, Laptop Stand"
"James","Grace","Wall Clock"
"James","Dennis","4K Monitor"
"James","Evelyn","Bath Towels"
"James","Gregory","External SSD"
"James","Anna","Wireless Presenter, Wireless Presenter"
"James","Walter","Webcam HD, Bath Towels"
"James","Rose","Wireless Charger, Office Chair"
"James","Patrick","Throw Pillows, Desk Organizer, Throw Pillows"
"James","Judith","Electric Kettle, Electric Kettle, Keyboard Wrist Rest"
"James","Henry","Keyboard Wrist Rest"
"James","Christina","Webcam HD"
"James","Douglas","Desk Lamp"
"James","Maria","Drawer Unit"
"James","Harold","Document Scanner, Document Scanner"
"James","Nicole","Storage Shelf, Food Processor"
"James","Alexander","Wireless Presenter, Wireless Presenter"
"James","Megan","Laptop Sleeve, External SSD, External SSD, Laptop Sleeve"
"James","Samuel","Throw Pillows"
"James","Dorothy","Smart Watch, Smart Watch"
"James","Frank","Screen Protector, Computer Speakers"
"James","Sophia","Wireless Presenter"
"James","Lawrence","Bookshelf, Gaming Keyboard, Bookshelf"
"James","Alice","Storage Containers, Desk Mat, Desk Mat, Storage Containers"
"James","Arthur","Storage Shelf, Storage Shelf"
"James","Ruth","Monitor Stand"
"James","Philip","Coffee Maker, Coffee Maker"
"James","Diana","Tablet Stand, Standing Desk"
"James","Roger","Storage Containers, Document Scanner"
"James","Natalie","Standing Desk, Cable Organizer"
"James","Benjamin","Portable Charger, External SSD, Portable Charger"
"James","Virginia","Bluetooth Headphones, Bluetooth Headphones, Phone Grip"
"James","Bruce","Throw Pillows, Keyboard Wrist Rest"
"James","Madison","Wireless Mouse, Toaster Oven, Toaster Oven"
"James","Adam","Wireless Charger, Wireless Charger"
"James","Abigail","USB-C Hub"
"James","Gerald","Bluetooth Headphones, Bluetooth Headphones"
"James","Lauren","Document Scanner"
"James","Keith","Drawer Unit, Cable Organizer"
"James","Isabella","Gaming Mouse Pad, Gaming Mouse Pad"
"James","Terry","Toaster Oven, Screen Protector"
"James","Jane","Computer Speakers, Computer Speakers, Computer Speakers"
"James","Wayne","Food Processor, File Cabinet"
"James","Amy","Power Strip"
"James","Ralph","Bath Towels, Bath Towels"
"James","Cynthia","Gaming Mouse Pad"
"James","Smith","Webcam HD, Webcam HD"
"James","Johnson","Phone Grip"
"James","Williams","Water Bottle, Water Bottle"
"James","Brown","Bluetooth Headphones"
"James","Jones","Wall Clock, Wall Clock"
"James","Garcia","WiFi Router, Bookshelf, WiFi Router"
"James","Miller","Microphone"
"James","Davis","Bath Towels, File Cabinet"
"James","Rodriguez","WiFi Router"
"James","Martinez","File Cabinet, Microphone"
"James","Hernandez","External SSD"
"James","Lopez","Cable Organizer"
"James","Gonzalez","Rice Cooker, Wireless Presenter, Rice Cooker, Wireless Presenter"
"James","Wilson","Wireless Mouse, Wireless Mouse"
"James","Anderson","Smartphone Case"
"James","Thomas","Coffee Maker, Coffee Maker, Air Purifier"
"James","Taylor","Keyboard Wrist Rest, Document Scanner, Keyboard Wrist Rest, Document Scanner"
"James","Moore","Coffee Maker"
"James","Jackson","Kitchen Blender, Kitchen Blender"
"James","Martin","Computer Speakers"
"James","Peter","Laptop Stand, Microphone"
"James","Victoria","Storage Containers, Microphone, Storage Containers"
"James","Raymond","Rice Cooker, Wall Clock"
"James","Julia","Screen Protector, Wireless Earbuds"
"James","Scott","Document Scanner, Electric Kettle"
"James","Grace","Screen Protector"
"James","Dennis","Office Chair, Office Chair, Monitor Stand"
"James","Evelyn","Gaming Keyboard, Gaming Keyboard"
"James","Gregory","Desk Lamp"
"James","Anna","USB-C Hub"
"James","Walter","WiFi Router, WiFi Router"
"James","Rose","File Cabinet, Document Scanner"
"James","Patrick","Desk Organizer, Desk Organizer"
"James","Judith","Smart Watch"
"James","Henry","Storage Containers, Tablet Stand"
"James","Christina","Microphone, File Cabinet, Microphone"
"James","Douglas","Storage Containers"
"James","Maria","WiFi Router"
"James","Harold","Kitchen Blender, Document Scanner"
"James","Nicole","Computer Speakers"
"James","Alexander","Food Processor, Laptop Sleeve, Food Processor"
"James","Megan","Cable Organizer"
"James","Samuel","Wall Clock"
"James","Dorothy","Coffee Maker, Bluetooth Headphones, Coffee Maker"
"James","Frank","USB-C Hub, Tablet Stand"
"James","Sophia","Office Chair, Desk Mat"
"James","Lawrence","Gaming Mouse Pad, 4K Monitor"
"James","Alice","Desk Mat, Microphone"
"James","Arthur","External SSD"
"James","Ruth","Gaming Keyboard, Gaming Keyboard"
"James","Philip","Screen Protector"
"James","Diana","Wireless Earbuds, Wireless Earbuds"
"James","Roger","Wireless Charger, Throw Pillows"
"James","Natalie","Phone Grip, Webcam HD"
"James","Benjamin","USB-C Hub, USB-C Hub"
"James","Virginia","WiFi Router, WiFi Router, Standing Desk"
"James","Bruce","4K Monitor, Gaming Keyboard"
"James","Madison","Air Purifier, Air Purifier, Drawer Unit"
"James","Adam","Office Chair, Desk Mat"
"James","Abigail","Water Bottle"
"James","Gerald","File Cabinet, File Cabinet"
"James","Lauren","4K Monitor, Wireless Presenter, Wireless Presenter"
"James","Keith","External SSD, Wireless Charger"
"James","Isabella","Mechanical Keyboard, Mechanical Keyboard"
"James","Terry","Storage Containers, Monitor Stand, Storage Containers"
"James","Jane","External SSD, External SSD, Noise Cancelling Headset"
"James","Wayne","External SSD, Portable Charger, Portable Charger"
"James","Amy","Tablet Stand"
"James","Ralph","Cable Organizer, Cable Organizer"
"James","Cynthia","Desk Lamp, File Cabinet, File Cabinet"
"James","Smith","Food Processor"
"James","Johnson","Webcam HD"
"James","Williams","Webcam HD, Webcam HD"
"James","Brown","Smart Watch"
"James","Jones","Screen Protector, Screen Protector, Wireless Presenter, Wireless Presenter"
"James","Garcia","Screen Protector, Screen Protector"
"James","Miller","Storage Shelf, Storage Containers"
"James","Davis","Wall Clock, Wall Clock, Laptop Stand, Laptop Stand"
"James","Rodriguez","Gaming Mouse Pad, Monitor Stand, Monitor Stand"
"James","Martinez","Mechanical Keyboard, Drawer Unit, Drawer Unit, Mechanical Keyboard"
"James","Hernandez","Computer Speakers, Computer Speakers, Wall Clock"
"James","Lopez","Standing Desk"
"James","Gonzalez","Cable Organizer, Computer Speakers, Computer Speakers"
"James","Wilson","Wall Clock, Wall Clock"
"James","Anderson","Wireless Earbuds, Wireless Earbuds"
"James","Thomas","Wireless Presenter, Phone Grip"
"James","Taylor","Webcam HD, Throw Pillows"
"James","Moore","Storage Shelf, Storage Shelf"
"James","Jackson","Bookshelf, Mechanical Keyboard, Bookshelf"
"James","Martin","Gaming Mouse Pad, Standing Desk, Gaming Mouse Pad, Standing Desk"
"James","Peter","Power Strip, Power Strip"
"James","Victoria","Webcam HD, Power Strip"
"James","Raymond","Tablet Stand, Tablet Stand, Power Strip"
"James","Julia","Keyboard Wrist Rest, Keyboard Wrist Rest"
"James","Scott","Drawer Unit, Cable Organizer, Drawer Unit"
"James","Grace","Desk Mat, Throw Pillows"
"James","Dennis","Air Purifier, Air Purifier"
"James","Evelyn","Desk Mat, Rice Cooker, Desk Mat, Rice Cooker"
"James","Gregory","Mechanical Keyboard, Electric Kettle"
"James","Anna","Standing Desk, Standing Desk, 4K Monitor, 4K Monitor"
"James","Walter","Water Bottle"
"James","Rose","Desk Organizer, WiFi Router"
"James","Patrick","Noise Cancelling Headset"
"James","Judith","Desk Organizer, Webcam HD"
"James","Henry","Tablet Stand, Tablet Stand"
"James","Christina","Kitchen Blender"
"James","Douglas","Phone Grip"
"James","Maria","Desk Mat, Drawer Unit"
"James","Harold","Food Processor, Food Processor"
"James","Nicole","Laptop Stand, Laptop Stand, Coffee Maker"
"James","Alexander","Gaming Mouse Pad, Gaming Mouse Pad"
"James","Megan","Phone Grip, USB-C Hub, USB-C Hub"
"James","Samuel","USB-C Hub, External SSD, External SSD"
"James","Dorothy","Keyboard Wrist Rest"
"James","Frank","WiFi Router, Throw Pillows"
"James","Sophia","Bookshelf, Desk Organizer"
"James","Lawrence","Wireless Earbuds, Desk Lamp"
"James","Alice","WiFi Router"
"James","Arthur","4K Monitor, Desk Mat"
"James","Ruth","External SSD, Desk Lamp, Desk Lamp"
"James","Philip","Cable Organizer, Cable Organizer"
"James","Diana","Electric Kettle"
"James","Roger","Standing Desk"
"James","Natalie","File Cabinet, Storage Containers"
"James","Benjamin","Wireless Charger, Wireless Charger"
"James","Virginia","4K Monitor, 4K Monitor, Keyboard Wrist Rest"
"James","Bruce","Gaming Keyboard"
"James","Madison","Cable Organizer"
"James","Adam","Storage Shelf"
"James","Abigail","Laptop Stand, Drawer Unit"
"James","Gerald","4K Monitor, Smartphone Case, 4K Monitor"
"James","Lauren","Microphone, Tablet Stand, Tablet Stand"
"James","Keith","Desk Organizer, Throw Pillows"
"James","Isabella","Rice Cooker, Rice Cooker, External SSD"
"James","Terry","Air Purifier, Air Purifier"
"James","Jane","Office Chair, Office Chair"
"James","Wayne","Desk Organizer, Desk Organizer, Bath Towels"
"James","Amy","Wireless Charger"
"James","Ralph","Wireless Earbuds, Wireless Earbuds"
"James","Cynthia","Bookshelf, Bookshelf, Kitchen Blender"
"James","Smith","Wireless Charger, Wireless Charger"
"James","Johnson","Wireless Charger"
"James","Williams","WiFi Router, WiFi Router, Phone Grip"
"James","Brown","Air Purifier, External SSD"
"James","Jones","Document Scanner, Wireless Earbuds"
"James","Garcia","Desk Lamp, Coffee Maker"
"James","Miller","Bath Towels"
"James","Davis","Office Chair, Office Chair"
"James","Rodriguez","Smart Watch, Gaming Mouse Pad"
"James","Martinez","Bluetooth Headphones, Wireless Presenter"
"James","Hernandez","Rice Cooker"
"James","Lopez","Water Bottle, Keyboard Wrist Rest, Keyboard Wrist Rest"
"James","Gonzalez","Wall Clock, Desk Lamp"
"James","Wilson","Document Scanner"
"James","Anderson","Electric Kettle, Portable Charger"
"James","Thomas","External SSD"
"James","Taylor","WiFi Router"
"James","Moore","Food Processor, Food Processor"
"James","Jackson","Gaming Mouse Pad, Smartphone Case"
"James","Martin","Document Scanner, Rice Cooker, Document Scanner"
"James","Peter","Rice Cooker, Smartphone Case, Smartphone Case"
"James","Victoria","File Cabinet, Portable Charger"
"James","Raymond","Food Processor"
"James","Julia","Toaster Oven, Air Purifier, Toaster Oven"
"James","Scott","File Cabinet, File Cabinet, Food Processor"
"James","Grace","Food Processor, Food Processor"
"James","Dennis","Throw Pillows"
"James","Evelyn","Gaming Keyboard"
"James","Gregory","Standing Desk, Standing Desk"
"James","Anna","Throw Pillows, Desk Lamp"
"James","Walter","Smart Watch, Smart Watch, Desk Lamp"
"James","Rose","Coffee Maker"
"James","Patrick","Rice Cooker"
"James","Judith","Wireless Presenter, Wireless Presenter, Water Bottle"
"James","Henry","Toaster Oven, Document Scanner"
"James","Christina","Rice Cooker, Coffee Maker"
"James","Douglas","Screen Protector, Wall Clock, Screen Protector, Wall Clock"
"James","Maria","Wall Clock"
"James","Harold","Wireless Presenter"
"James","Nicole","Desk Mat, Desk Mat"
"James","Alexander","Power Strip, Power Strip"
"James","Megan","Desk Lamp, Document Scanner"
"James","Samuel","Laptop Stand"
"James","Dorothy","Noise Cancelling Headset"
"James","Frank","Throw Pillows"
"James","Sophia","Storage Shelf, Storage Shelf"
"James","Lawrence","Computer Speakers, Portable Charger, Computer Speakers"
"James","Alice","Monitor Stand, Electric Kettle"
"James","Arthur","Wireless Charger, Portable Charger"
"James","Ruth","Desk Organizer, Desk Organizer"
"James","Philip","Phone Grip, Phone Grip"
"James","Diana","Water Bottle, External SSD"
"James","Roger","Food Processor"
"James","Natalie","Smart Watch, Mechanical Keyboard"
"James","Benjamin","Noise Cancelling Headset, Cable Organizer, Cable Organizer"
"James","Virginia","Coffee Maker, Document Scanner"
"James","Bruce","Throw Pillows"
"James","Madison","Bath Towels, Kitchen Blender, Kitchen Blender"
"James","Adam","Monitor Stand, Monitor Stand"
"James","Abigail","Bookshelf, Office Chair, Bookshelf"
"James","Gerald","Desk Lamp, Wireless Charger, Desk Lamp"
"James","Lauren","Toaster Oven, Microphone"
"James","Keith","Desk Mat, Coffee Maker"
"James","Isabella","Wireless Mouse, Wireless Mouse"
"James","Terry","Smart Watch"
"James","Jane","Gaming Keyboard, Storage Shelf"
"James","Wayne","Portable Charger, Toaster Oven"
"James","Amy","External SSD, Bath Towels, External SSD"
"James","Ralph","Mechanical Keyboard"
"James","Cynthia","External SSD, Screen Protector"
"James","Smith","Screen Protector"
"James","Johnson","USB-C Hub"
"James","Williams","Smart Watch, Desk Organizer, Desk Organizer"
"James","Brown","4K Monitor, 4K Monitor"
"James","Jones","Webcam HD, Bluetooth Headphones, Bluetooth Headphones"
"James","Garcia","Keyboard Wrist Rest, Bluetooth Headphones, Bluetooth Headphones"
"James","Miller","Drawer Unit, Drawer Unit"
"James","Davis","4K Monitor, Gaming Keyboard, Gaming Keyboard"
"James","Rodriguez","Bluetooth Headphones, Power Strip"
"James","Martinez","Gaming Keyboard, Desk Mat"
"James","Hernandez","File Cabinet, Bluetooth Headphones"
"James","Lopez","Mechanical Keyboard, Storage Containers"
"James","Gonzalez","Standing Desk, Document Scanner, Document Scanner"
"James","Wilson","WiFi Router, Bath Towels"
"James","Anderson","Bookshelf, Storage Containers"
"James","Thomas","Toaster Oven, Storage Shelf"
"James","Taylor","Desk Mat, Smartphone Case"
"James","Moore","Desk Lamp"
"James","Jackson","Smartphone Case"
"James","Martin","Coffee Maker, Desk Mat, Coffee Maker"
"James","Peter","Noise Cancelling Headset"
"James","Victoria","Gaming Mouse Pad, Portable Charger"
"James","Raymond","Toaster Oven, File Cabinet, File Cabinet"
"James","Julia","Laptop Stand"
"James","Scott","Gaming Mouse Pad"
"James","Grace","Power Strip, Monitor Stand"
"James","Dennis","USB-C Hub, USB-C Hub"
"James","Evelyn","Webcam HD, Webcam HD"
"James","Gregory","USB-C Hub, Keyboard Wrist Rest, Keyboard Wrist Rest"
"James","Anna","Webcam HD, Food Processor, Webcam HD"
"James","Walter","Monitor Stand"
"James","Rose","Computer Speakers, Water Bottle, Computer Speakers"
"James","Patrick","Mechanical Keyboard, Bookshelf, Bookshelf"
"James","Judith","Toaster Oven, Microphone"
"James","Henry","Document Scanner"
"James","Christina","Phone Grip, Phone Grip, Document Scanner, Document Scanner"
"James","Douglas","Wireless Earbuds, Wireless Earbuds"
"James","Maria","Webcam HD"
"James","Harold","Screen Protector, Screen Protector"
"James","Nicole","Toaster Oven, Document Scanner, Document Scanner"
"James","Alexander","Smartphone Case, Computer Speakers, Smartphone Case"
"James","Megan","Webcam HD, Webcam HD"
"James","Samuel","4K Monitor"
"James","Dorothy","Noise Cancelling Headset, Noise Cancelling Headset"
"James","Frank","4K Monitor, Webcam HD"
"James","Sophia","Noise Cancelling Headset, Noise Cancelling Headset"
"James","Lawrence","Throw Pillows, Throw Pillows, Storage Shelf"
"James","Alice","Keyboard Wrist Rest"
"James","Arthur","Storage Shelf, Laptop Stand, Storage Shelf"
"James","Ruth","Wireless Presenter"
"James","Philip","Throw Pillows, File Cabinet, Throw Pillows"
"James","Diana","Desk Organizer"
"James","Roger","Gaming Keyboard"
"James","Natalie","USB-C Hub, USB-C Hub, Document Scanner"
"James","Benjamin","Phone Grip, Keyboard Wrist Rest, Keyboard Wrist Rest, Phone Grip"
"James","Virginia","Desk Organizer"
"James","Bruce","Desk Mat, External SSD"
"James","Madison","Cable Organizer"
"James","Adam","File Cabinet, Drawer Unit, Drawer Unit, File Cabinet"
"James","Abigail","Water Bottle, Water Bottle"
"James","Gerald","External SSD, Coffee Maker"
"James","Lauren","Gaming Keyboard, Gaming Keyboard"
"James","Keith","Document Scanner, Desk Mat, Document Scanner"
"James","Isabella","Desk Mat, Desk Mat"
"James","Terry","Tablet Stand, Tablet Stand, Portable Charger"
"James","Jane","Toaster Oven"
"James","Wayne","Noise Cancelling Headset, Water Bottle, Noise Cancelling Headset, Water Bottle"
"James","Amy","Water Bottle"
"James","Ralph","Bluetooth Headphones"
"James","Cynthia","Keyboard Wrist Rest, Office Chair, Office Chair"
"James","Smith","Tablet Stand, Storage Containers"
"James","Johnson","Food Processor"
"James","Williams","Screen Protector, Computer Speakers, Screen Protector"
"James","Brown","Computer Speakers, Tablet Stand"
"James","Jones","Smart Watch, Coffee Maker, Smart Watch"
"James","Garcia","Wireless Presenter"
"James","Miller","Screen Protector, Screen Protector"
"James","Davis","Toaster Oven, 4K Monitor"
"James","Rodriguez","Kitchen Blender"
"James","Martinez","Storage Shelf"
"James","Hernandez","Document Scanner"
"James","Lopez","Keyboard Wrist Rest, Keyboard Wrist Rest"
"James","Gonzalez","Laptop Sleeve, Smartphone Case, Smartphone Case"
"James","Wilson","Tablet Stand, Wireless Earbuds"
"James","Anderson","Phone Grip"
"James","Thomas","Wireless Mouse"
"James","Taylor","Tablet Stand"
"James","Moore","Desk Lamp, Desk Lamp, Portable Charger"
"James","Jackson","Cable Organizer, Wall Clock, Cable Organizer"
"James","Martin","Portable Charger, File Cabinet"
"James","Peter","Kitchen Blender"
"James","Victoria","Food Processor"
"James","Raymond","Coffee Maker"
"James","Julia","WiFi Router, WiFi Router, Noise Cancelling Headset"
"James","Scott","Gaming Keyboard, Gaming Keyboard"
"James","Grace","WiFi Router, Webcam HD"
"James","Dennis","Wireless Mouse"
"James","Evelyn","4K Monitor, 4K Monitor, Screen Protector"
"James","Gregory","WiFi Router, WiFi Router, Bluetooth Headphones"
"James","Anna","Document Scanner, Gaming Keyboard, Document Scanner"
"James","Walter","USB-C Hub"
"James","Rose","Webcam HD, Gaming Keyboard"
"James","Patrick","Keyboard Wrist Rest, 4K Monitor"
"James","Judith","Screen Protector, Air Purifier"
"James","Henry","Toaster Oven, Wireless Charger"
"James","Christina","External SSD, Mechanical Keyboard, External SSD"
"James","Douglas","File Cabinet, File Cabinet, Smartphone Case"
"James","Maria","Desk Organizer, Webcam HD"
"James","Harold","Gaming Keyboard, Storage Shelf"
"James","Nicole","Standing Desk, Desk Organizer"
"James","Alexander","Document Scanner, External SSD, Document Scanner"
"James","Megan","Desk Organizer, Desk Organizer"
"James","Samuel","Air Purifier, Wall Clock, Wall Clock"
"James","Dorothy","Kitchen Blender, Bath Towels, Kitchen Blender"
"James","Frank","Laptop Stand, Air Purifier, Laptop Stand, Air Purifier"
"James","Sophia","Document Scanner, Document Scanner"
"James","Lawrence","Air Purifier"
"James","Alice","Electric Kettle"
"James","Arthur","4K Monitor"
"James","Ruth","Wireless Charger, Wireless Charger"
"James","Philip","Storage Containers"
"James","Diana","Wireless Earbuds"
"James","Roger","Water Bottle"
"James","Natalie","Microphone"
"James","Benjamin","Wireless Presenter, Screen Protector, Screen Protector, Wireless Presenter"
"James","Virginia","File Cabinet"
"James","Bruce","Smart Watch, Smart Watch"
"James","Madison","Document Scanner"
"James","Adam","External SSD"
"James","Abigail","Keyboard Wrist Rest, USB-C Hub, USB-C Hub"
"James","Gerald","Wireless Presenter, USB-C Hub"
"James","Lauren","Food Processor, Toaster Oven, Food Processor"
"James","Keith","Electric Kettle, Keyboard Wrist Rest, Electric Kettle, Keyboard Wrist Rest"
"James","Isabella","Mechanical Keyboard, Mechanical Keyboard"
"James","Terry","Wall Clock, Wireless Earbuds, Wireless Earbuds"
"James","Jane","File Cabinet"
"James","Wayne","4K Monitor, Desk Lamp"
"James","Amy","Document Scanner"
"James","Ralph","4K Monitor, Monitor Stand, Monitor Stand"
"James","Cynthia","Desk Mat, Desk Mat, Mechanical Keyboard"
"James","Smith","Wall Clock, Wall Clock"
"James","Johnson","Portable Charger"
"James","Williams","File Cabinet, WiFi Router, File Cabinet"
"James","Brown","Laptop Sleeve, Bookshelf, Laptop Sleeve"
"James","Jones","Computer Speakers, Computer Speakers, Bath Towels"
"James","Garcia","Wall Clock, Wall Clock, File Cabinet"
"James","Miller","Power Strip, Power Strip, Power Strip"
"James","Davis","Wall Clock, Wall Clock"
"James","Rodriguez","Air Purifier, WiFi Router"
"James","Martinez","Storage Shelf, Storage Shelf, Computer Speakers"
"James","Hernandez","Drawer Unit"
"James","Lopez","USB-C Hub, Mechanical Keyboard, USB-C Hub"
"James","Gonzalez","Screen Protector, Screen Protector, Power Strip, Power Strip"
"James","Wilson","Cable Organizer, Cable Organizer"
"James","Anderson","File Cabinet, Gaming Keyboard, Gaming Keyboard"
"James","Thomas","Laptop Sleeve"
"James","Taylor","Bath Towels, Bath Towels, Screen Protector"
"James","Moore","Storage Containers, Portable Charger, Portable Charger"
"James","Jackson","Water Bottle"
"James","Martin","Toaster Oven, Noise Cancelling Headset"
"James","Peter","Desk Mat"
"James","Victoria","Webcam HD, 4K Monitor"
"James","Raymond","Rice Cooker, 4K Monitor"
"James","Julia","Bath Towels, Bath Towels, Screen Protector"
"James","Scott","Storage Containers, Bookshelf"
"James","Grace","Drawer Unit"
"James","Dennis","Wireless Charger, Microphone"
"James","Evelyn","Keyboard Wrist Rest"
"James","Gregory","Monitor Stand"
"James","Anna","Noise Cancelling Headset, Air Purifier, Noise Cancelling Headset, Air Purifier"
"James","Walter","Drawer Unit"
"James","Rose","Portable Charger, Tablet Stand, Portable Charger"
"James","Patrick","File Cabinet, File Cabinet"
"James","Judith","Smart Watch"
"James","Henry","Electric Kettle, Computer Speakers"
"James","Christina","Laptop Stand"
"James","Douglas","Tablet Stand, Noise Cancelling Headset, Tablet Stand, Noise Cancelling Headset"
"James","Maria","Wall Clock, Wall Clock"
"James","Harold","Mechanical Keyboard, Air Purifier, Air Purifier"
"James","Nicole","Noise Cancelling Headset, 4K Monitor, 4K Monitor"
"James","Alexander","Coffee Maker"
"James","Megan","Keyboard Wrist Rest"
"James","Samuel","Desk Organizer, Smartphone Case"
"James","Dorothy","Gaming Keyboard"
"James","Frank","Laptop Stand"
"James","Sophia","Bath Towels, Bath Towels"
"James","Lawrence","Tablet Stand"
"James","Alice","Desk Mat"
"James","Arthur","Bookshelf"
"James","Ruth","Monitor Stand, Monitor Stand, Rice Cooker, Rice Cooker"
"James","Philip","Cable Organizer, Smartphone Case, Cable Organizer"
"James","Diana","Toaster Oven, Desk Mat"
"James","Roger","Desk Organizer"
"James","Natalie","Phone Grip, Phone Grip"
"James","Benjamin","Mechanical Keyboard"
"James","Virginia","Monitor Stand, Wireless Earbuds"
"James","Bruce","Throw Pillows"
"James","Madison","Tablet Stand"
"James","Adam","Bluetooth Headphones, Bluetooth Headphones"
"James","Abigail","External SSD, External SSD"
"James","Gerald","Wall Clock, Bookshelf, Bookshelf"
"James","Lauren","Microphone"
"James","Keith","Webcam HD"
"James","Isabella","Storage Shelf, Storage Shelf"
"James","Terry","Toaster Oven, Toaster Oven"
"James","Jane","Smartphone Case, Smartphone Case"
"James","Wayne","Food Processor"
"James","Amy","Water Bottle, Webcam HD"
"James","Ralph","External SSD, File Cabinet"
"James","Cynthia","Desk Organizer"
"James","Smith","Coffee Maker, Tablet Stand, Coffee Maker"
"James","Johnson","Desk Lamp, Desk Lamp"
"James","Williams","Standing Desk"
"James","Brown","Rice Cooker"
"James","Jones","Phone Grip"
"James","Garcia","Drawer Unit, Drawer Unit"
"James","Miller","Laptop Stand, Kitchen Blender"
"James","Davis","Mechanical Keyboard"
"James","Rodriguez","Smart Watch, Smart Watch, Computer Speakers"
"James","Martinez","Wall Clock, Throw Pillows"
"James","Hernandez","Standing Desk"
"James","Lopez","Desk Lamp, Toaster Oven"
"James","Gonzalez","Monitor Stand, Monitor Stand"
"James","Wilson","Storage Shelf, Storage Shelf"
"James","Anderson","Air Purifier, Air Purifier"
"James","Thomas","File Cabinet"
"James","Taylor","Kitchen Blender"
"James","Moore","Keyboard Wrist Rest, Office Chair, Keyboard Wrist Rest, Office Chair"
"James","Jackson","Desk Lamp"
"James","Martin","Power Strip"
"James","Peter","Desk Lamp, Desk Lamp"
"James","Victoria","Storage Shelf, Wireless Presenter"
"James","Raymond","External SSD"
"James","Julia","Throw Pillows, Throw Pillows"
"James","Scott","Webcam HD"
"James","Grace","Desk Mat"
"James","Dennis","Portable Charger, Document Scanner"
"James","Evelyn","Cable Organizer"
"James","Gregory","Office Chair, Laptop Sleeve, Laptop Sleeve"
"James","Anna","Laptop Sleeve, Laptop Stand, Laptop Stand"
"James","Walter","Wireless Presenter, Wireless Presenter, Power Strip"
"James","Rose","Screen Protector, Storage Containers"
"James","Patrick","Gaming Mouse Pad, Bookshelf"
"James","Judith","Monitor Stand, Kitchen Blender"
"James","Henry","Screen Protector"
"James","Christina","Phone Grip"
"James","Douglas","Bookshelf, Monitor Stand"
"James","Maria","Laptop Sleeve, Desk Organizer, Laptop Sleeve"
"James","Harold","External SSD, Wall Clock"
"James","Nicole","Toaster Oven"
"James","Alexander","Kitchen Blender, Kitchen Blender"
"James","Megan","Air Purifier, Coffee Maker, Air Purifier"
"James","Samuel","Monitor Stand, Monitor Stand"
"James","Dorothy","Power Strip"
"James","Frank","Desk Mat"
"James","Sophia","Bluetooth Headphones"
"James","Lawrence","Cable Organizer, Wall Clock, Cable Organizer, Wall Clock"
"James","Alice","Microphone, Microphone, Laptop Stand"
"James","Arthur","Wireless Mouse, Wireless Mouse, Desk Lamp"
"James","Ruth","Wireless Presenter, Webcam HD, Webcam HD"
"James","Philip","Storage Shelf, Desk Lamp, Desk Lamp, Storage Shelf"
"James","Diana","Gaming Keyboard, Rice Cooker, Rice Cooker"
"James","Roger","Rice Cooker, Rice Cooker, Throw Pillows"
"James","Natalie","Power Strip, Power Strip, Bath Towels"
"James","Benjamin","Smart Watch"
"James","Virginia","Rice Cooker, Rice Cooker, Power Strip"
"James","Bruce","Screen Protector, External SSD, Screen Protector"
"James","Madison","Standing Desk"
"James","Adam","Drawer Unit"
"James","Abigail","Noise Cancelling Headset"
"James","Gerald","Portable Charger, Portable Charger"
"James","Lauren","Kitchen Blender, Kitchen Blender, Bookshelf"
"James","Keith","Smartphone Case"
"James","Isabella","External SSD"
"James","Terry","Gaming Mouse Pad, Gaming Mouse Pad"
"James","Jane","Standing Desk, Air Purifier, Air Purifier, Standing Desk"
"James","Wayne","Document Scanner, Document Scanner"
"James","Amy","Gaming Mouse Pad, Gaming Mouse Pad"
"James","Ralph","Throw Pillows"
"James","Cynthia","Water Bottle, Toaster Oven"
"James","Smith","Desk Lamp"
"James","Johnson","Rice Cooker, Monitor Stand, Rice Cooker"
"James","Williams","Coffee Maker"
"James","Brown","Screen Protector, Gaming Mouse Pad"
"James","Jones","Monitor Stand, Monitor Stand"
"James","Garcia","Desk Organizer, Desk Organizer"
"James","Miller","Bluetooth Headphones, Desk Mat, Bluetooth Headphones"
"James","Davis","Desk Mat"
"James","Rodriguez","Smart Watch"
"James","Martinez","Desk Mat, Gaming Keyboard, Desk Mat"
"James","Hernandez","Noise Cancelling Headset, Water Bottle, Water Bottle"
"James","Lopez","Wall Clock, Wireless Mouse, Wireless Mouse"
"James","Gonzalez","Microphone, Standing Desk, Microphone, Standing Desk"
"James","Wilson","Document Scanner, Wireless Mouse, Document Scanner"
"James","Anderson","Desk Mat, Desk Mat"
"James","Thomas","4K Monitor"
"James","Taylor","USB-C Hub, Laptop Stand"
"James","Moore","Desk Lamp, External SSD, Desk Lamp"
"James","Jackson","Wireless Charger"
"James","Martin","Desk Mat"
"James","Peter","Laptop Stand"
"James","Victoria","Microphone"
"James","Raymond","Screen Protector, Screen Protector"
"James","Julia","Monitor Stand"
"James","Scott","Gaming Keyboard"
"James","Grace","Desk Mat"
"James","Dennis","Bookshelf"
"James","Evelyn","Air Purifier, WiFi Router, WiFi Router"
"James","Gregory","Laptop Stand, Microphone"
"James","Anna","Standing Desk, Wireless Charger"
"James","Walter","Kitchen Blender"
"James","Rose","Toaster Oven"
"James","Patrick","Cable Organizer"
"James","Judith","Bath Towels"
"James","Henry","4K Monitor, Laptop Stand, 4K Monitor"
"James","Christina","Desk Lamp, Desk Lamp"
"James","Douglas","Toaster Oven, Toaster Oven, Portable Charger"
"James","Maria","Smartphone Case, Toaster Oven"
"James","Harold","Laptop Stand, WiFi Router, WiFi Router"
"James","Nicole","Desk Mat, Desk Mat, WiFi Router"
"James","Alexander","Standing Desk"
"James","Megan","Desk Mat"
"James","Samuel","Tablet Stand"
"James","Dorothy","File Cabinet, File Cabinet"
"James","Frank","Bluetooth Headphones, Tablet Stand"
"James","Sophia","Kitchen Blender, Kitchen Blender, Wireless Charger"
"James","Lawrence","Standing Desk"
"James","Alice","Storage Shelf, Storage Shelf"
"James","Arthur","Power Strip"
"James","Ruth","Storage Shelf, Storage Shelf"
"James","Philip","4K Monitor, Gaming Keyboard"
"James","Diana","Drawer Unit, Drawer Unit"
"James","Roger","Food Processor"
"James","Natalie","Wall Clock"
"James","Benjamin","Keyboard Wrist Rest, Wall Clock"
"James","Virginia","USB-C Hub, Smartphone Case, USB-C Hub"
"James","Bruce","Bluetooth Headphones"
"James","Madison","Wireless Mouse"
"James","Adam","External SSD, Bluetooth Headphones, External SSD"
"James","Abigail","Bluetooth Headphones, Gaming Mouse Pad"
"James","Gerald","Air Purifier"
"James","Lauren","Laptop Sleeve"
"James","Keith","Desk Organizer, Desk Organizer"
"James","Isabella","Microphone"
"James","Terry","USB-C Hub, Microphone"
"James","Jane","Wireless Mouse, Wireless Mouse"
"James","Wayne","Document Scanner"
"James","Amy","Tablet Stand, Tablet Stand"
"James","Ralph","4K Monitor"
"James","Cynthia","Laptop Stand, Air Purifier, Laptop Stand, Air Purifier"
"James","Smith","Keyboard Wrist Rest, Bath Towels"
"James","Johnson","Toaster Oven, External SSD"
"James","Williams","Storage Containers, Monitor Stand, Storage Containers"
"James","Brown","Microphone, Microphone"
"James","Jones","Storage Containers"
"James","Garcia","Rice Cooker"
"James","Miller","Water Bottle"
"James","Davis","Food Processor, Mechanical Keyboard"
"James","Rodriguez","Document Scanner"
"James","Martinez","Storage Shelf, Monitor Stand"
"James","Hernandez","Electric Kettle, Electric Kettle, Wireless Mouse"
"James","Lopez","Desk Mat, Screen Protector"
"James","Gonzalez","Webcam HD, Air Purifier, Air Purifier"
"James","Wilson","Water Bottle"
"James","Anderson","Throw Pillows, Standing Desk"
"James","Thomas","Food Processor, Food Processor"
"James","Taylor","Monitor Stand, Monitor Stand"
"James","Moore","Portable Charger, Coffee Maker"
"James","Jackson","Webcam HD, Webcam HD"
"James","Martin","Office Chair"
"James","Peter","Smart Watch, Noise Cancelling Headset"
"James","Victoria","Throw Pillows, Webcam HD"
"James","Raymond","Smartphone Case"
"James","Julia","Laptop Stand"
"James","Scott","Noise Cancelling Headset"
"James","Grace","Wireless Earbuds, Monitor Stand, Wireless Earbuds"
"James","Dennis","Portable Charger, Microphone, Portable Charger"
"James","Evelyn","Gaming Keyboard, Food Processor, Gaming Keyboard"
"James","Gregory","Gaming Keyboard, Monitor Stand, Gaming Keyboard, Monitor Stand"
"James","Anna","Toaster Oven, Noise Cancelling Headset, Toaster Oven"
"James","Walter","Monitor Stand"
"James","Rose","Laptop Sleeve, Water Bottle, Laptop Sleeve"
"James","Patrick","Noise Cancelling Headset"
"James","Judith","Mechanical Keyboard"
"James","Henry","Microphone"
"James","Christina","External SSD, External SSD, Bath Towels"
"James","Douglas","Throw Pillows, Throw Pillows"
"James","Maria","Bookshelf, Bookshelf, Portable Charger"
"James","Harold","File Cabinet"
"James","Nicole","Laptop Sleeve, Laptop Sleeve"
"James","Alexander","Throw Pillows, Throw Pillows"
"James","Megan","Screen Protector, Water Bottle"
"James","Samuel","Drawer Unit"
"James","Dorothy","Office Chair"
"James","Frank","Toaster Oven, Storage Shelf"
"James","Sophia","Kitchen Blender, Wireless Presenter"
"James","Lawrence","Storage Shelf"
"James","Alice","External SSD, External SSD"
"James","Arthur","Office Chair, Office Chair"
"James","Ruth","WiFi Router"
"James","Philip","External SSD, Bookshelf, External SSD"
"James","Diana","Office Chair, Mechanical Keyboard, Mechanical Keyboard"
"James","Roger","Laptop Sleeve, Laptop Sleeve"
"James","Natalie","Phone Grip, Phone Grip, Office Chair"
"James","Benjamin","Gaming Keyboard"
"James","Virginia","Office Chair, Office Chair"
"James","Bruce","Desk Mat, Desk Mat"
"James","Madison","Noise Cancelling Headset"
"James","Adam","USB-C Hub, USB-C Hub"
"James","Abigail","Smart Watch"
"James","Gerald","Noise Cancelling Headset, Webcam HD"
"James","Lauren","Drawer Unit, Microphone"
"James","Keith","Wireless Presenter"
"James","Isabella","Computer Speakers"
"James","Terry","Throw Pillows"
"James","Jane","External SSD, External SSD, Drawer Unit"
"James","Wayne","Rice Cooker"
"James","Amy","Drawer Unit, Drawer Unit, Screen Protector"
"James","Ralph","Microphone"
"James","Cynthia","Gaming Keyboard"
"James","Smith","Phone Grip, Storage Shelf"
"James","Johnson","Laptop Sleeve, Laptop Sleeve"
"James","Williams","Cable Organizer"
"James","Brown","Document Scanner, Desk Mat, Desk Mat"
"James","Jones","Bath Towels, Wall Clock, Wall Clock"
"James","Garcia","Wireless Earbuds"
"James","Miller","Wireless Charger, Wireless Charger"
"James","Davis","External SSD, Mechanical Keyboard, External SSD"
"James","Rodriguez","Wireless Charger, Wireless Charger"
"James","Martinez","Air Purifier, Smart Watch"
"James","Hernandez","Standing Desk"
"James","Lopez","Gaming Mouse Pad, Laptop Stand, Gaming Mouse Pad, Laptop Stand"
"James","Gonzalez","Coffee Maker"
"James","Wilson","Bookshelf"
"James","Anderson","Desk Lamp"
"James","Thomas","Document Scanner, Storage Containers"
"James","Taylor","Portable Charger, Laptop Stand"
"James","Moore","Power Strip, Power Strip"
"James","Jackson","Wireless Charger, Tablet Stand"
"James","Martin","Mechanical Keyboard"
"James","Peter","Kitchen Blender, Kitchen Blender"
"James","Victoria","4K Monitor, 4K Monitor, Portable Charger, Portable Charger"
"James","Raymond","External SSD"
"James","Julia","Document Scanner, Document Scanner"
"James","Scott","Laptop Stand"
"James","Grace","Laptop Sleeve, Laptop Sleeve"
"James","Dennis","Cable Organizer, Bluetooth Headphones"
"James","Evelyn","Gaming Mouse Pad"
"James","Gregory","WiFi Router"
"James","Anna","Toaster Oven, Desk Organizer"
"James","Walter","Storage Containers"
"James","Rose","Gaming Mouse Pad, Tablet Stand, Tablet Stand"
"James","Patrick","Office Chair, Mechanical Keyboard"
"James","Judith","4K Monitor, 4K Monitor"
"James","Henry","Food Processor"
"James","Christina","Computer Speakers, Computer Speakers"
"James","Douglas","Water Bottle, Computer Speakers"
"James","Maria","Computer Speakers"
"James","Harold","Power Strip, Power Strip"
"James","Nicole","Air Purifier, Air Purifier"
"James","Alexander","Bluetooth Headphones"
"James","Megan","Gaming Mouse Pad, Wireless Mouse, Wireless Mouse"
"James","Samuel","4K Monitor, 4K Monitor, 4K Monitor"
"James","Dorothy","Computer Speakers, Drawer Unit"
"James","Frank","Bookshelf, Wall Clock, Wall Clock"
"James","Sophia","USB-C Hub, Storage Containers"
"James","Lawrence","Power Strip"
"James","Alice","Gaming Mouse Pad"
"James","Arthur","Throw Pillows, Throw Pillows"
"James","Ruth","Storage Shelf"
"James","Philip","4K Monitor, Food Processor"
"James","Diana","Wall Clock, Kitchen Blender, Kitchen Blender"
"James","Roger","Storage Shelf"
"James","Natalie","Smart Watch, Laptop Sleeve"
"James","Benjamin","Bath Towels, Desk Lamp"
"James","Virginia","Gaming Keyboard"
"James","Bruce","Electric Kettle"
"James","Madison","Gaming Keyboard, Gaming Keyboard, Toaster Oven"
"James","Adam","External SSD, External SSD, Computer Speakers"
"James","Abigail","Storage Shelf, Storage Shelf"
"James","Gerald","Water Bottle, Wall Clock"
"James","Lauren","Office Chair"
"James","Keith","Gaming Mouse Pad, Gaming Mouse Pad"
"James","Isabella","Toaster Oven, Toaster Oven"
"James","Terry","Storage Containers"
"James","Jane","Phone Grip, Webcam HD, Webcam HD, Phone Grip"
"James","Wayne","Gaming Mouse Pad, Smart Watch, Smart Watch"
"James","Amy","WiFi Router, Office Chair"
"James","Ralph","Bath Towels, Wireless Earbuds"
"James","Cynthia","Laptop Sleeve, Laptop Sleeve"
"James","Smith","Office Chair, Office Chair"
"James","Johnson","Coffee Maker, Coffee Maker"
"James","Williams","Drawer Unit"
"James","Brown","Toaster Oven, Keyboard Wrist Rest, Toaster Oven"
"James","Jones","Standing Desk, Standing Desk"
"James","Garcia","Wireless Presenter"
"James","Miller","Cable Organizer, Office Chair, Cable Organizer, Office Chair"
"James","Davis","Bath Towels"
"James","Rodriguez","Gaming Keyboard, Computer Speakers, Computer Speakers"
"James","Martinez","Webcam HD, Storage Shelf"
"James","Hernandez","Webcam HD, Mechanical Keyboard"
"James","Lopez","4K Monitor, Wireless Presenter, 4K Monitor"
"James","Gonzalez","Desk Organizer, Phone Grip, Phone Grip"
"James","Wilson","Gaming Keyboard, Gaming Keyboard, Document Scanner"
"James","Anderson","Standing Desk"
"James","Thomas","Toaster Oven"
"James","Taylor","Air Purifier, Air Purifier"
"James","Moore","Computer Speakers"
"James","Jackson","4K Monitor, 4K Monitor"
"James","Martin","Desk Organizer, Desk Organizer"
"James","Peter","Standing Desk, Standing Desk"
"James","Victoria","Rice Cooker, Rice Cooker, Desk Organizer"
"James","Raymond","Standing Desk, Standing Desk"
"James","Julia","Storage Shelf, Wireless Charger, Storage Shelf"
"James","Scott","Keyboard Wrist Rest, Keyboard Wrist Rest"
"James","Grace","Laptop Stand, Laptop Stand"
"James","Dennis","Portable Charger, WiFi Router, WiFi Router"
"James","Evelyn","Tablet Stand"
"James","Gregory","Bath Towels, Screen Protector, Bath Towels"
"James","Anna","Mechanical Keyboard, Desk Organizer, Desk Organizer, Mechanical Keyboard"
"James","Walter","Desk Organizer"
"James","Rose","External SSD, Microphone, External SSD, Microphone"
"James","Patrick","Desk Lamp"
"James","Judith","Water Bottle, Water Bottle"
"James","Henry","Wall Clock, Storage Shelf, Wall Clock"
"James","Christina","Laptop Stand, Desk Lamp, Laptop Stand"
"James","Douglas","Rice Cooker, Rice Cooker, Computer Speakers"
"James","Maria","Kitchen Blender, Coffee Maker, Coffee Maker"
"James","Harold","Power Strip, Power Strip"
"James","Nicole","Desk Organizer"
"James","Alexander","Gaming Mouse Pad, Screen Protector, Gaming Mouse Pad"
"James","Megan","Mechanical Keyboard, Standing Desk, Mechanical Keyboard"
"James","Samuel","External SSD"
"James","Dorothy","Electric Kettle, Document Scanner, Electric Kettle"
"James","Frank","Rice Cooker, Coffee Maker"
"James","Sophia","Screen Protector"
"James","Lawrence","4K Monitor, Gaming Keyboard"
"James","Alice","File Cabinet"
"James","Arthur","Webcam HD, Drawer Unit"
"James","Ruth","Gaming Keyboard, Wireless Mouse, Gaming Keyboard"
"James","Philip","Bookshelf, Bookshelf"
"James","Diana","Smartphone Case, Smartphone Case"
"James","Roger","Wireless Presenter, Tablet Stand"
"James","Natalie","Microphone, Storage Shelf, Microphone"
"James","Benjamin","Kitchen Blender, Kitchen Blender, Microphone"
"James","Virginia","Webcam HD"
"James","Bruce","Toaster Oven, Toaster Oven"
"James","Madison","Noise Cancelling Headset"
"James","Adam","Laptop Sleeve, Tablet Stand"
"James","Abigail","File Cabinet, Power Strip, File Cabinet"
"James","Gerald","USB-C Hub, Laptop Stand, Laptop Stand"
"James","Lauren","Throw Pillows, Throw Pillows, Computer Speakers"
"James","Keith","Bath Towels, Desk Lamp, Bath Towels"
"James","Isabella","Keyboard Wrist Rest, Keyboard Wrist Rest, Desk Mat"
"James","Terry","Food Processor, Wireless Earbuds"
"James","Jane","Gaming Mouse Pad, Gaming Mouse Pad"
"James","Wayne","External SSD, File Cabinet"
"James","Amy","Food Processor"
"James","Ralph","Bath Towels, Bath Towels, Food Processor"
"James","Cynthia","Storage Shelf, Tablet Stand"
"James","Smith","Screen Protector"
"James","Johnson","Electric Kettle"
"James","Williams","Computer Speakers, Mechanical Keyboard"
"James","Brown","Screen Protector"
"James","Jones","Laptop Stand, Keyboard Wrist Rest"
"James","Garcia","Smartphone Case"
"James","Miller","Rice Cooker, Rice Cooker"
"James","Davis","Mechanical Keyboard, Bookshelf, Bookshelf"
"James","Rodriguez","Keyboard Wrist Rest"
"James","Martinez","Keyboard Wrist Rest, USB-C Hub, USB-C Hub"
"James","Hernandez","Microphone"
"James","Lopez","Mechanical Keyboard, Mechanical Keyboard, File Cabinet"
"James","Gonzalez","Desk Organizer"
"James","Wilson","Electric Kettle, Electric Kettle, Air Purifier"
"James","Anderson","Throw Pillows, Water Bottle"
"James","Thomas","Office Chair, Kitchen Blender"
"James","Taylor","USB-C Hub"
"James","Moore","Power Strip"
"James","Jackson","Desk Mat, Desk Mat"
"James","Martin","Bath Towels, Bath Towels"
"James","Peter","Coffee Maker"
"James","Victoria","Drawer Unit"
"James","Raymond","File Cabinet, File Cabinet"
"James","Julia","Computer Speakers"
"James","Scott","Smart Watch, Smart Watch"
"James","Grace","4K Monitor, 4K Monitor"
"James","Dennis","Wireless Charger, Portable Charger"
"James","Evelyn","Food Processor"
"James","Gregory","Document Scanner, Document Scanner, WiFi Router"
"James","Anna","Portable Charger, Smart Watch, Portable Charger, Smart Watch"
"James","Walter","Storage Shelf, External SSD"
"James","Rose","Food Processor, Kitchen Blender"
"James","Patrick","Wireless Charger"
"James","Judith","Smartphone Case, Desk Mat"
"James","Henry","Standing Desk, Document Scanner"
"James","Christina","Smart Watch, Portable Charger"
"James","Douglas","Mechanical Keyboard, Food Processor, Mechanical Keyboard, Food Processor"
"James","Maria","Smartphone Case"
"James","Harold","Bluetooth Headphones"
"James","Nicole","Storage Shelf, Water Bottle, Water Bottle"
"James","Alexander","Wall Clock, Wall Clock, Wall Clock"
"James","Megan","Gaming Keyboard"
"James","Samuel","Desk Mat, Computer Speakers"
"James","Dorothy","Kitchen Blender, Kitchen Blender, Screen Protector"
"James","Frank","Phone Grip, Phone Grip"
"James","Sophia","USB-C Hub, WiFi Router"
"James","Lawrence","Food Processor, Cable Organizer, Food Processor"
"James","Alice","Power Strip, Microphone"
"James","Arthur","Wireless Earbuds, Water Bottle, Water Bottle"
"James","Ruth","Microphone"
"James","Philip","Cable Organizer"
"James","Diana","Food Processor, Food Processor"
"James","Roger","USB-C Hub, USB-C Hub, Desk Lamp"
"James","Natalie","Keyboard Wrist Rest, Keyboard Wrist Rest"
"James","Benjamin","Mechanical Keyboard, Mechanical Keyboard"
"James","Virginia","Desk Mat, Gaming Keyboard"
"James","Bruce","Desk Lamp"
"James","Madison","Wall Clock, Wall Clock"
"James","Adam","Desk Organizer, Desk Organizer"
"James","Abigail","Throw Pillows, Screen Protector"
"James","Gerald","Noise Cancelling Headset"
"James","Lauren","Bookshelf, Bookshelf, Desk Lamp"
"James","Keith","Desk Lamp"
"James","Isabella","Gaming Keyboard, Gaming Keyboard"
"James","Terry","Standing Desk, Toaster Oven"
"James","Jane","Drawer Unit, Drawer Unit"
"James","Wayne","File Cabinet, Wireless Earbuds, File Cabinet"
"James","Amy","Phone Grip, Throw Pillows"
"James","Ralph","Bath Towels, Keyboard Wrist Rest"
"James","Cynthia","Monitor Stand"
"James","Smith","Rice Cooker, Electric Kettle, Electric Kettle"
"James","Johnson","WiFi Router"
"James","Williams","Throw Pillows, Monitor Stand, Monitor Stand"
"James","Brown","Wall Clock, Wall Clock, Webcam HD"
"James","Jones","Smartphone Case, Smartphone Case"
"James","Garcia","Electric Kettle, Electric Kettle"
"James","Miller","Electric Kettle, Office Chair"
"James","Davis","Standing Desk, Standing Desk, Throw Pillows"
"James","Rodriguez","Desk Organizer, Wireless Mouse, Desk Organizer"
"James","Martinez","Laptop Stand"
"James","Hernandez","Portable Charger"
"James","Lopez","Kitchen Blender, Rice Cooker"
"James","Gonzalez","Phone Grip"
"James","Wilson","Portable Charger"
"James","Anderson","Webcam HD, Laptop Sleeve"
"James","Thomas","Water Bottle, Water Bottle, WiFi Router, WiFi Router"
"James","Taylor","Gaming Mouse Pad, 4K Monitor"
"James","Moore","Laptop Sleeve"
"James","Jackson","Water Bottle, Water Bottle"
"James","Martin","Storage Containers, Wireless Charger, Storage Containers"
"James","Peter","Electric Kettle, Wall Clock"
"James","Victoria","File Cabinet, Toaster Oven, File Cabinet"
"James","Raymond","Gaming Mouse Pad"
"James","Julia","Portable Charger, Portable Charger"
"James","Scott","Mechanical Keyboard, Mechanical Keyboard"
"James","Grace","Kitchen Blender, Wireless Presenter, Wireless Presenter"
"James","Dennis","Computer Speakers"
"James","Evelyn","Desk Organizer, Throw Pillows"
"James","Gregory","Gaming Mouse Pad"
"James","Anna","Bluetooth Headphones, Bluetooth Headphones"
"James","Walter","Mechanical Keyboard, Drawer Unit, Mechanical Keyboard, Drawer Unit"
"James","Rose","Smartphone Case"
"James","Patrick","USB-C Hub, Smartphone Case, Smartphone Case, USB-C Hub"
"James","Judith","Kitchen Blender"
"James","Henry","Phone Grip, Electric Kettle, Electric Kettle"
"James","Christina","Mechanical Keyboard, Storage Shelf"
"James","Douglas","Noise Cancelling Headset, External SSD"
"James","Maria","Bookshelf, Bookshelf"
"James","Harold","Water Bottle, Water Bottle"
"James","Nicole","Desk Organizer"
"James","Alexander","Document Scanner, Document Scanner"
"James","Megan","Coffee Maker, Coffee Maker, Rice Cooker"
"James","Samuel","Kitchen Blender, Kitchen Blender"
"James","Dorothy","Storage Containers, Storage Containers"
"James","Frank","Desk Mat, Smartphone Case, Desk Mat"
"James","Sophia","Portable Charger, Office Chair"
"James","Lawrence","Bookshelf, Toaster Oven"
"James","Alice","Storage Shelf"
"James","Arthur","Kitchen Blender, Kitchen Blender, Food Processor, Food Processor"
"James","Ruth","Bath Towels"
"James","Philip","Cable Organizer"
"James","Diana","Laptop Sleeve, Laptop Sleeve, Rice Cooker"
"James","Roger","Bookshelf, Desk Organizer, Bookshelf"
"James","Natalie","Drawer Unit"
"James","Benjamin","External SSD, Drawer Unit"
"James","Virginia","Kitchen Blender, Kitchen Blender, Rice Cooker"
"James","Bruce","Phone Grip, Bookshelf"
"James","Madison","Storage Shelf, Tablet Stand"
"James","Adam","Bookshelf, USB-C Hub"
"James","Abigail","Tablet Stand, Smartphone Case"
"James","Gerald","Standing Desk, Standing Desk"
"James","Lauren","Kitchen Blender, Kitchen Blender, Wireless Charger"
"James","Keith","Screen Protector, Wireless Charger, Wireless Charger"
"James","Isabella","Drawer Unit"
"James","Terry","External SSD"
"James","Jane","Rice Cooker, External SSD"
"James","Wayne","Office Chair, Office Chair"
"James","Amy","Toaster Oven, Toaster Oven"
"James","Ralph","USB-C Hub, Wireless Charger, Wireless Charger, USB-C Hub"
"James","Cynthia","Desk Lamp, Desk Lamp"
"James","Smith","Screen Protector"
"James","Johnson","Gaming Keyboard, Desk Mat"
"James","Williams","Standing Desk, Standing Desk"
"James","Brown","Noise Cancelling Headset"
"James","Jones","Standing Desk"
"James","Garcia","Drawer Unit, Drawer Unit"
"James","Miller","Wall Clock, Wall Clock, Bookshelf"
"James","Davis","Wireless Mouse"
"James","Rodriguez","Bath Towels, Water Bottle, Bath Towels"
"James","Martinez","Webcam HD"
"James","Hernandez","Microphone, Desk Organizer"
"James","Lopez","Document Scanner, Storage Shelf, Storage Shelf"
"James","Gonzalez","Smartphone Case, Webcam HD"
"James","Wilson","Noise Cancelling Headset, Standing Desk"
"James","Anderson","External SSD, Desk Mat, Desk Mat"
"James","Thomas","Storage Shelf, Storage Containers, Storage Shelf"
"James","Taylor","Desk Organizer"
"James","Moore","Laptop Sleeve, Laptop Sleeve, Portable Charger"
"James","Jackson","Laptop Sleeve, Laptop Sleeve, Wireless Presenter, Wireless Presenter"
"James","Martin","Air Purifier, Air Purifier, Microphone"
"James","Peter","Wireless Charger, Wireless Mouse, Wireless Mouse, Wireless Charger"
"James","Victoria","Cable Organizer"
"James","Raymond","Wireless Charger, USB-C Hub, USB-C Hub"
"James","Julia","Tablet Stand"
"James","Scott","Toaster Oven"
"James","Grace","Portable Charger"
"James","Dennis","Power Strip, Wireless Mouse, Power Strip, Wireless Mouse"
"James","Evelyn","Monitor Stand"
"James","Gregory","Wall Clock, Wall Clock, Toaster Oven"
"James","Anna","Webcam HD"
"James","Walter","Storage Containers, Storage Containers"
"James","Rose","Portable Charger, Portable Charger"
"James","Patrick","Webcam HD, Webcam HD"
"James","Judith","Webcam HD, Laptop Sleeve, Laptop Sleeve"
"James","Henry","Storage Shelf, Bookshelf, Storage Shelf"
"James","Christina","Rice Cooker"
"James","Douglas","Noise Cancelling Headset"
"James","Maria","Office Chair, Office Chair, Screen Protector"
"James","Harold","Rice Cooker"
"James","Nicole","Electric Kettle"
"James","Alexander","Coffee Maker"
"James","Megan","Gaming Mouse Pad"
"James","Samuel","WiFi Router, Electric Kettle"
"James","Dorothy","USB-C Hub"
"James","Frank","Throw Pillows"
"James","Sophia","Smart Watch, Smart Watch"
"James","Lawrence","Desk Lamp, Desk Lamp"
"James","Alice","Keyboard Wrist Rest, Food Processor, Keyboard Wrist Rest, Food Processor"
"James","Arthur","Mechanical Keyboard"
"James","Ruth","WiFi Router, Laptop Stand"
"James","Philip","Wireless Charger, 4K Monitor"
"James","Diana","Bookshelf, Bookshelf"
"James","Roger","Electric Kettle"
"James","Natalie","Smart Watch"
"James","Benjamin","Tablet Stand, Storage Shelf"
"James","Virginia","Desk Mat"
"James","Bruce","Wireless Earbuds, Wireless Earbuds"
"James","Madison","USB-C Hub"
"James","Adam","USB-C Hub, Laptop Sleeve"
"James","Abigail","Office Chair, Portable Charger, Office Chair"
"James","Gerald","Toaster Oven"
"James","Lauren","Smart Watch, Storage Shelf"
"James","Keith","Standing Desk"
"James","Isabella","Office Chair, Office Chair"
"James","Terry","WiFi Router, Coffee Maker, WiFi Router"
"James","Jane","Desk Lamp"
"James","Wayne","File Cabinet, Drawer Unit, Drawer Unit"
"James","Amy","Toaster Oven, Toaster Oven"
"James","Ralph","Desk Lamp, Desk Lamp, Document Scanner"
"James","Cynthia","Storage Containers"
"James","Smith","Wireless Mouse, Throw Pillows"
"James","Johnson","Laptop Sleeve, Laptop Sleeve"
"James","Williams","Desk Organizer"
"James","Brown","Food Processor, Tablet Stand, Tablet Stand, Food Processor"
"James","Jones","Laptop Sleeve"
"James","Garcia","Standing Desk, Wall Clock, Standing Desk"
"James","Miller","Bookshelf"
"James","Davis","Bookshelf"
"James","Rodriguez","Keyboard Wrist Rest, Keyboard Wrist Rest"
"James","Martinez","Computer Speakers"
"James","Hernandez","Food Processor, Storage Containers"
"James","Lopez","Desk Lamp, Office Chair"
"James","Gonzalez","Standing Desk"
"James","Wilson","Bluetooth Headphones, Webcam HD, Bluetooth Headphones"
"James","Anderson","Computer Speakers, Microphone, Microphone"
"James","Thomas","Electric Kettle"
"James","Taylor","Storage Containers"
"James","Moore","Air Purifier, Webcam HD, Air Purifier"
"James","Jackson","Webcam HD"
"James","Martin","Storage Shelf, Storage Shelf, Water Bottle"
"James","Peter","Wireless Mouse, Wireless Presenter"
"James","Victoria","Laptop Stand"
"James","Raymond","Kitchen Blender, Kitchen Blender"
"James","Julia","Wireless Charger, Wireless Charger, Wireless Charger"
"James","Scott","Coffee Maker, Tablet Stand"
"James","Grace","External SSD, External SSD"
"James","Dennis","Water Bottle, Wireless Earbuds"
"James","Evelyn","Office Chair"
"James","Gregory","Drawer Unit, Smartphone Case, Smartphone Case"
"James","Anna","Bluetooth Headphones"
"James","Walter","Mechanical Keyboard"
"James","Rose","Food Processor"
"James","Patrick","Wireless Presenter, Wireless Presenter, Computer Speakers"
"James","Judith","Noise Cancelling Headset, Noise Cancelling Headset"
"James","Henry","Portable Charger, Bath Towels"
"James","Christina","WiFi Router, Toaster Oven, Toaster Oven"
"James","Douglas","Air Purifier, Noise Cancelling Headset, Air Purifier, Noise Cancelling Headset"
"James","Maria","Electric Kettle"
"James","Harold","Webcam HD, Webcam HD"
"James","Nicole","Rice Cooker, Portable Charger, Rice Cooker"
"James","Alexander","Desk Mat"
"James","Megan","Smart Watch, Wireless Mouse"
"James","Samuel","Gaming Mouse Pad, Gaming Mouse Pad, Toaster Oven"
"James","Dorothy","Desk Lamp, Gaming Mouse Pad, Gaming Mouse Pad"
"James","Frank","Standing Desk, Standing Desk"
"James","Sophia","Toaster Oven, Kitchen Blender, Kitchen Blender"
"James","Lawrence","Document Scanner, Document Scanner"
"James","Alice","Throw Pillows, Coffee Maker, Throw Pillows, Coffee Maker"
"James","Arthur","Storage Shelf"
"James","Ruth","Laptop Sleeve, Smartphone Case, Smartphone Case"
"James","Philip","Air Purifier, Air Purifier, Desk Organizer"
"James","Diana","Toaster Oven"
"James","Roger","Mechanical Keyboard, Monitor Stand"
"James","Natalie","Document Scanner, Document Scanner"
"James","Benjamin","Screen Protector, Kitchen Blender"
"James","Virginia","File Cabinet, File Cabinet, Air Purifier"
"James","Bruce","Mechanical Keyboard, Food Processor"
"James","Madison","Document Scanner"
"James","Adam","Wireless Charger"
"James","Abigail","Air Purifier, Air Purifier"
"James","Gerald","Rice Cooker"
"James","Lauren","Mechanical Keyboard, Mechanical Keyboard"
"James","Keith","Power Strip, Tablet Stand, Tablet Stand"
"James","Isabella","Storage Containers, External SSD, External SSD, Storage Containers"
"James","Terry","Power Strip"
"James","Jane","Bath Towels"
"James","Wayne","Air Purifier, Cable Organizer, Air Purifier"
"James","Amy","Coffee Maker, Coffee Maker"
"James","Ralph","4K Monitor, 4K Monitor"
"James","Cynthia","Microphone, Microphone"
"James","Smith","File Cabinet, Wireless Mouse"
"James","Johnson","Microphone, Microphone, Bluetooth Headphones, Bluetooth Headphones"
"James","Williams","Storage Containers"
"James","Brown","Bluetooth Headphones, Gaming Mouse Pad, Gaming Mouse Pad"
"James","Jones","Storage Shelf, Bath Towels, Bath Towels"
"James","Garcia","Wall Clock, Storage Shelf, Wall Clock"
"James","Miller","USB-C Hub, Smartphone Case"
"James","Davis","Smartphone Case"
"James","Rodriguez","Throw Pillows, Throw Pillows"
"James","Martinez","Document Scanner, Desk Organizer"
"James","Hernandez","Wireless Charger, Wireless Charger"
"James","Lopez","WiFi Router, Rice Cooker, WiFi Router"
"James","Gonzalez","Noise Cancelling Headset, Mechanical Keyboard"
"James","Wilson","Microphone"
"James","Anderson","Bookshelf, Kitchen Blender"
"James","Thomas","Monitor Stand"
"James","Taylor","Water Bottle, Tablet Stand, Tablet Stand, Water Bottle"
"James","Moore","Electric Kettle, Wireless Earbuds"
"James","Jackson","Bluetooth Headphones, USB-C Hub"
"James","Martin","WiFi Router"
"James","Peter","External SSD"
"James","Victoria","File Cabinet"
"James","Raymond","Electric Kettle, Rice Cooker, Rice Cooker"
"James","Julia","Storage Shelf"
"James","Scott","File Cabinet, File Cabinet"
"James","Grace","Storage Containers, Storage Containers"
"James","Dennis","Gaming Keyboard, Smart Watch"
"James","Evelyn","Document Scanner, Standing Desk, Standing Desk"
"James","Gregory","Kitchen Blender, Standing Desk"
"James","Anna","Drawer Unit, Desk Lamp"
"James","Walter","4K Monitor"
"James","Rose","Wireless Earbuds, Wireless Earbuds, Water Bottle"
"James","Patrick","Office Chair"
"James","Judith","Coffee Maker, Electric Kettle"
"James","Henry","Bath Towels, Bath Towels"
"James","Christina","Tablet Stand, Laptop Sleeve"
"James","Douglas","WiFi Router, Desk Organizer, Desk Organizer"
"James","Maria","Wireless Charger"
"James","Harold","Gaming Mouse Pad, Power Strip, Gaming Mouse Pad"
"James","Nicole","WiFi Router, Tablet Stand"
"James","Alexander","Wireless Earbuds"
"James","Megan","Desk Mat, Smart Watch, Desk Mat, Smart Watch"
"James","Samuel","Electric Kettle, Toaster Oven"
"James","Dorothy","Screen Protector, Screen Protector"
"James","Frank","Desk Lamp, Electric Kettle"
"James","Sophia","Water Bottle, Water Bottle"
"James","Lawrence","Electric Kettle"
"James","Alice","Screen Protector, Mechanical Keyboard"
"James","Arthur","Tablet Stand, Office Chair, Tablet Stand, Office Chair"
"James","Ruth","Kitchen Blender, Kitchen Blender"
"James","Philip","Desk Organizer, Desk Organizer"
"James","Diana","Desk Lamp"
"James","Roger","Gaming Keyboard, Wireless Charger"
"James","Natalie","Desk Lamp"
"James","Benjamin","Portable Charger"
"James","Virginia","Microphone, Toaster Oven, Toaster Oven"
"James","Bruce","Laptop Sleeve, Office Chair"
"James","Madison","Toaster Oven, Storage Shelf, Toaster Oven"
"James","Adam","Electric Kettle, Wireless Earbuds"
"James","Abigail","File Cabinet, Storage Shelf, Storage Shelf"
"James","Gerald","Power Strip, Power Strip"
"James","Lauren","Wireless Charger"
"James","Keith","Desk Lamp, Tablet Stand, Desk Lamp"
"James","Isabella","Office Chair, Webcam HD, Webcam HD"
"James","Terry","Power Strip, Power Strip, Microphone"
"James","Jane","Power Strip, Standing Desk"
"James","Wayne","Drawer Unit, Bath Towels, Drawer Unit"
"James","Amy","Storage Containers"
"James","Ralph","Smart Watch"
"James","Cynthia","4K Monitor, 4K Monitor"
"James","Smith","Screen Protector, Storage Shelf"
"James","Johnson","Smartphone Case"
"James","Williams","Bookshelf, Wireless Earbuds, Bookshelf"
"James","Brown","Keyboard Wrist Rest, Keyboard Wrist Rest, Office Chair, Office Chair"
"James","Jones","Gaming Mouse Pad"
"James","Garcia","Smartphone Case, Smartphone Case"
"James","Miller","Portable Charger, Portable Charger, Wireless Mouse"
"James","Davis","Storage Shelf"
"James","Rodriguez","Wireless Mouse"
"James","Martinez","Laptop Stand, Office Chair, Laptop Stand, Office Chair"
"James","Hernandez","Electric Kettle, Desk Lamp, Desk Lamp, Electric Kettle"
"James","Lopez","Wireless Charger, Wireless Charger, Mechanical Keyboard"
"James","Gonzalez","Bath Towels, Phone Grip"
"James","Wilson","File Cabinet"
"James","Anderson","Cable Organizer"
"James","Thomas","File Cabinet"
"James","Taylor","Throw Pillows"
"James","Moore","Wireless Charger, Wireless Charger"
"James","Jackson","Smartphone Case, Smartphone Case"
"James","Martin","Mechanical Keyboard, Mechanical Keyboard"
"James","Peter","Laptop Sleeve"
"James","Victoria","Standing Desk, Standing Desk"
"James","Raymond","Air Purifier, Air Purifier, Desk Organizer"
"James","Julia","Laptop Stand, Coffee Maker"
"James","Scott","Wireless Earbuds, Wall Clock"
"James","Grace","USB-C Hub, USB-C Hub, Toaster Oven, Toaster Oven"
"James","Dennis","Screen Protector, Toaster Oven, Toaster Oven"
"James","Evelyn","Wireless Charger, Wireless Charger"
"James","Gregory","Office Chair, Office Chair, Storage Shelf"
"James","Anna","Wireless Presenter, Wireless Presenter"
"James","Walter","Bluetooth Headphones"
"James","Rose","Cable Organizer, Drawer Unit"
"James","Patrick","Kitchen Blender, Kitchen Blender"
"James","Judith","Desk Lamp"
"James","Henry","Standing Desk, Smart Watch"
"James","Christina","Kitchen Blender, Food Processor, Kitchen Blender, Food Processor"
"James","Douglas","Tablet Stand"
"James","Maria","Standing Desk, Electric Kettle"
"James","Harold","Screen Protector, Smart Watch"
"James","Nicole","Wall Clock, File Cabinet"
"James","Alexander","Electric Kettle, Coffee Maker, Coffee Maker"
"James","Megan","Keyboard Wrist Rest, Keyboard Wrist Rest"
"James","Samuel","Rice Cooker, Rice Cooker"
"James","Dorothy","Rice Cooker, Rice Cooker"
"James","Frank","USB-C Hub"
"James","Sophia","Food Processor"
"James","Lawrence","Tablet Stand"
"James","Alice","Wireless Charger, Laptop Sleeve, Laptop Sleeve"
"James","Arthur","Water Bottle"
"James","Ruth","Gaming Mouse Pad, Gaming Mouse Pad, Wireless Earbuds, Wireless Earbuds"
"James","Philip","Computer Speakers, Computer Speakers, Drawer Unit"
"James","Diana","Portable Charger, Portable Charger"
"James","Roger","Electric Kettle, Tablet Stand, Tablet Stand"
"James","Natalie","Desk Mat"
"James","Benjamin","Rice Cooker"
"James","Virginia","Desk Mat"
"James","Bruce","Tablet Stand"
"James","Madison","Coffee Maker, Kitchen Blender, Kitchen Blender"
"James","Adam","Document Scanner"
"James","Abigail","Microphone, Microphone"
"James","Gerald","Portable Charger, Microphone, Microphone"
"James","Lauren","Smart Watch, Smart Watch"
"James","Keith","Microphone"
"James","Isabella","Bluetooth Headphones"
"James","Terry","Screen Protector, Screen Protector"
"James","Jane","Keyboard Wrist Rest, Keyboard Wrist Rest"
"James","Wayne","Phone Grip, Bluetooth Headphones, Bluetooth Headphones"
"James","Amy","Air Purifier"
"James","Ralph","Gaming Mouse Pad, Laptop Stand"
"James","Cynthia","Tablet Stand, WiFi Router"
"James","Smith","USB-C Hub"
"James","Johnson","Wall Clock, Bath Towels"
"James","Williams","File Cabinet, File Cabinet, Drawer Unit, Drawer Unit"
"James","Brown","Storage Shelf, Storage Shelf, File Cabinet"
"James","Jones","Wireless Charger, Webcam HD"
"James","Garcia","Drawer Unit, Wireless Charger, Wireless Charger"
"James","Miller","Noise Cancelling Headset, Noise Cancelling Headset"
"James","Davis","Storage Shelf"
"James","Rodriguez","Gaming Keyboard, Gaming Keyboard"
"James","Martinez","Bath Towels"
"James","Hernandez","WiFi Router, Gaming Mouse Pad, WiFi Router"
"James","Lopez","Portable Charger, Portable Charger, Toaster Oven, Toaster Oven"
"James","Gonzalez","Document Scanner"
"James","Wilson","Standing Desk"
"James","Anderson","Mechanical Keyboard, Mechanical Keyboard"
"James","Thomas","Food Processor, Food Processor"
"James","Taylor","Gaming Keyboard"
"James","Moore","Bookshelf"
"James","Jackson","Keyboard Wrist Rest, Keyboard Wrist Rest, Cable Organizer"
"James","Martin","Kitchen Blender"
"James","Peter","Desk Mat"
"James","Victoria","Microphone, Microphone, Storage Containers"
"James","Raymond","Desk Organizer"
"James","Julia","Standing Desk, Standing Desk"
"James","Scott","Smartphone Case, Smartphone Case, Bookshelf"
"James","Grace","Smartphone Case, Smartphone Case, Standing Desk, Standing Desk"
"James","Dennis","Wireless Charger"
"James","Evelyn","Kitchen Blender"
"James","Gregory","Wireless Presenter"
"James","Anna","Drawer Unit, Portable Charger, Portable Charger"
"James","Walter","Wall Clock, Computer Speakers, Wall Clock, Computer Speakers"
"James","Rose","Rice Cooker, Rice Cooker"
"James","Patrick","Kitchen Blender, Keyboard Wrist Rest"
"James","Judith","Laptop Sleeve"
"James","Henry","Storage Shelf, Storage Shelf"
"James","Christina","Storage Shelf"
"James","Douglas","WiFi Router, Electric Kettle"
"James","Maria","Desk Organizer, Desk Organizer"
"James","Harold","Standing Desk, Storage Shelf"
"James","Nicole","Water Bottle"
"James","Alexander","Rice Cooker, Rice Cooker"
"James","Megan","Screen Protector, Storage Shelf"
"James","Samuel","Portable Charger, Toaster Oven, Portable Charger"
"James","Dorothy","Computer Speakers"
"James","Frank","Toaster Oven, Smart Watch"
"James","Sophia","Air Purifier, Cable Organizer, Cable Organizer"
"James","Lawrence","Coffee Maker"
"James","Alice","Wall Clock"
"James","Arthur","Smart Watch"
"James","Ruth","Water Bottle, Water Bottle, Storage Containers"
"James","Philip","USB-C Hub"
"James","Diana","Noise Cancelling Headset"
"James","Roger","Cable Organizer, Laptop Stand, Laptop Stand"
"James","Natalie","Desk Organizer"
"James","Benjamin","Wireless Earbuds, External SSD, Wireless Earbuds"
"James","Virginia","File Cabinet, Phone Grip, Phone Grip"
"James","Bruce","Smart Watch, Bookshelf, Smart Watch"
"James","Madison","Storage Shelf, File Cabinet, Storage Shelf"
"James","Adam","Desk Mat, Gaming Keyboard"
"James","Abigail","Standing Desk, Standing Desk, Storage Containers"
"James","Gerald","Wireless Mouse, Computer Speakers"
"James","Lauren","Phone Grip"
"James","Keith","Wireless Earbuds"
"James","Isabella","Keyboard Wrist Rest"
"James","Terry","Kitchen Blender, Coffee Maker, Kitchen Blender"
"James","Jane","Air Purifier"
"James","Wayne","Webcam HD"
"James","Amy","Document Scanner, 4K Monitor, Document Scanner"
"James","Ralph","Bookshelf, Wireless Mouse"
"James","Cynthia","Monitor Stand, Desk Organizer, Monitor Stand"
"James","Smith","Toaster Oven, Coffee Maker, Toaster Oven"
"James","Johnson","4K Monitor, Gaming Mouse Pad, Gaming Mouse Pad"
"James","Williams","Toaster Oven, Toaster Oven"
"James","Brown","Wireless Earbuds, Desk Mat, Wireless Earbuds"
"James","Jones","Food Processor, Food Processor"
"James","Garcia","Wireless Charger, Keyboard Wrist Rest"
"James","Miller","Keyboard Wrist Rest, Keyboard Wrist Rest, Wireless Presenter"
"James","Davis","4K Monitor, Power Strip"
"James","Rodriguez","Document Scanner, Wireless Charger, Document Scanner"
"James","Martinez","External SSD"
"James","Hernandez","Wireless Charger"
"James","Lopez","Office Chair"
"James","Gonzalez","File Cabinet, External SSD, File Cabinet"
"James","Wilson","Storage Shelf, Wireless Presenter, Storage Shelf"
"James","Anderson","Office Chair, Office Chair"
"James","Thomas","Document Scanner"
"James","Taylor","Phone Grip"
"James","Moore","Toaster Oven"
"James","Jackson","File Cabinet, Tablet Stand, File Cabinet"
"James","Martin","Wall Clock, Wall Clock, Power Strip"
"James","Peter","Document Scanner, Document Scanner"
"James","Victoria","Smart Watch"
"James","Raymond","Standing Desk, Smart Watch, Smart Watch"
"James","Julia","Toaster Oven, Monitor Stand, Toaster Oven"
"James","Scott","Desk Lamp, Wall Clock"
"James","Grace","Wireless Earbuds"
"James","Dennis","Smartphone Case"
"James","Evelyn","Coffee Maker, Gaming Keyboard"
"James","Gregory","Computer Speakers"
"James","Anna","Food Processor, Food Processor"
"James","Walter","Wireless Charger, Standing Desk"
"James","Rose","Document Scanner, Document Scanner, Power Strip"
"James","Patrick","Throw Pillows, Gaming Keyboard"
"James","Judith","Rice Cooker, Rice Cooker"
"James","Henry","Food Processor"
"James","Christina","Bath Towels, Laptop Sleeve, Laptop Sleeve"
"James","Douglas","Laptop Stand, Smart Watch"
"James","Maria","Toaster Oven, Toaster Oven"
"James","Harold","Mechanical Keyboard"
"James","Nicole","Storage Shelf"
"James","Alexander","WiFi Router, Wireless Mouse, Wireless Mouse"
"James","Megan","Wireless Earbuds, Gaming Mouse Pad"
"James","Samuel","Gaming Mouse Pad, Rice Cooker"
"James","Dorothy","4K Monitor"
"James","Frank","Storage Shelf"
"James","Sophia","File Cabinet"
"James","Lawrence","Portable Charger, Wireless Mouse, Wireless Mouse"
"James","Alice","Laptop Sleeve, Electric Kettle"
"James","Arthur","Toaster Oven"
"James","Ruth","Drawer Unit, Drawer Unit, Rice Cooker"
"James","Philip","Electric Kettle"
"James","Diana","Bluetooth Headphones, Phone Grip, Bluetooth Headphones"
"James","Roger","Standing Desk, Keyboard Wrist Rest"
"James","Natalie","4K Monitor, Air Purifier"
"James","Benjamin","Air Purifier, Air Purifier"
"James","Virginia","Desk Mat, Desk Mat"
"James","Bruce","Phone Grip, Phone Grip"
"James","Madison","Noise Cancelling Headset, Noise Cancelling Headset, Tablet Stand"
"James","Adam","Electric Kettle"
"James","Abigail","Portable Charger, Portable Charger, Monitor Stand"
"James","Gerald","Electric Kettle"
"James","Lauren","Toaster Oven, Water Bottle"
"James","Keith","Mechanical Keyboard"
"James","Isabella","Cable Organizer, Cable Organizer"
"James","Terry","Wireless Mouse, USB-C Hub"
"James","Jane","Cable Organizer, Screen Protector, Screen Protector"
"James","Wayne","Bluetooth Headphones, Storage Containers"
"James","Amy","Wireless Charger, Wireless Charger, 4K Monitor"
"James","Ralph","Smartphone Case, Smartphone Case"
"James","Cynthia","Wireless Mouse, Office Chair, Office Chair"
"Mary","Smith","Standing Desk, Document Scanner"
"Mary","Johnson","Water Bottle, Water Bottle, Computer Speakers"
"Mary","Williams","Smart Watch, Bookshelf, Smart Watch"
"Mary","Brown","Coffee Maker, Portable Charger"
"Mary","Jones","Storage Containers, Storage Containers, Wireless Charger"
"Mary","Garcia","Bath Towels, Electric Kettle, Electric Kettle"
"Mary","Miller","External SSD, 4K Monitor"
"Mary","Davis","Noise Cancelling Headset, Noise Cancelling Headset, Power Strip"
"Mary","Rodriguez","Rice Cooker, WiFi Router, WiFi Router"
"Mary","Martinez","Laptop Stand, Laptop Stand"
"Mary","Hernandez","4K Monitor, Wireless Mouse"
"Mary","Lopez","Kitchen Blender"
"Mary","Gonzalez","Bath Towels, Bath Towels"
"Mary","Wilson","Keyboard Wrist Rest"
"Mary","Anderson","Microphone"
"Mary","Thomas","External SSD, Phone Grip"
"Mary","Taylor","Smart Watch"
"Mary","Moore","Food Processor, Food Processor"
"Mary","Jackson","USB-C Hub, Computer Speakers, USB-C Hub"
"Mary","Martin","Throw Pillows, Water Bottle, Throw Pillows"
"Mary","Peter","Power Strip, Power Strip"
"Mary","Victoria","Desk Mat, Desk Lamp, Desk Mat"
"Mary","Raymond","Cable Organizer"
"Mary","Julia","Standing Desk, 4K Monitor"
"Mary","Scott","Noise Cancelling Headset"
"Mary","Grace","Wall Clock, External SSD, External SSD"
"Mary","Dennis","Phone Grip"
"Mary","Evelyn","Computer Speakers"
"Mary","Gregory","Wireless Presenter, Toaster Oven, Toaster Oven, Wireless Presenter"
"Mary","Anna","Coffee Maker, Coffee Maker, Desk Organizer"
"Mary","Walter","Document Scanner"
"Mary","Rose","Bookshelf, Wireless Earbuds, Wireless Earbuds"
"Mary","Patrick","Gaming Mouse Pad, Gaming Mouse Pad"
"Mary","Judith","Desk Mat, Desk Mat, Bookshelf, Bookshelf"
"Mary","Henry","Coffee Maker"
"Mary","Christina","Screen Protector"
"Mary","Douglas","Storage Containers, Desk Lamp"
"Mary","Maria","Desk Mat, Desk Organizer, Desk Organizer, Desk Mat"
"Mary","Harold","Desk Organizer, Cable Organizer, Cable Organizer, Desk Organizer"
"Mary","Nicole","Storage Containers"
"Mary","Alexander","External SSD, External SSD"
"Mary","Megan","Electric Kettle, Monitor Stand, Monitor Stand, Electric Kettle"
"Mary","Samuel","4K Monitor"
"Mary","Dorothy","Rice Cooker, Bluetooth Headphones, Bluetooth Headphones, Rice Cooker"
"Mary","Frank","USB-C Hub"
"Mary","Sophia","Air Purifier, Portable Charger"
"Mary","Lawrence","Bath Towels, Smartphone Case"
"Mary","Alice","Water Bottle"
"Mary","Arthur","Wireless Earbuds, File Cabinet, Wireless Earbuds, File Cabinet"
"Mary","Ruth","Bookshelf, Bookshelf, Gaming Keyboard"
"Mary","Philip","Laptop Sleeve, Smartphone Case"
"Mary","Diana","Cable Organizer, Cable Organizer"
"Mary","Roger","Desk Organizer, Desk Organizer, Webcam HD"
"Mary","Natalie","Rice Cooker, Food Processor, Food Processor, Rice Cooker"
"Mary","Benjamin","Document Scanner, Smart Watch"
"Mary","Virginia","Throw Pillows, Wireless Mouse, Throw Pillows, Wireless Mouse"
"Mary","Bruce","Microphone"
"Mary","Madison","Desk Lamp"
"Mary","Adam","Monitor Stand, 4K Monitor"
"Mary","Abigail","Throw Pillows, Food Processor, Food Processor"
"Mary","Gerald","Storage Shelf, Storage Shelf"
"Mary","Lauren","USB-C Hub, Microphone"
"Mary","Keith","Microphone, Throw Pillows"
"Mary","Isabella","Wireless Mouse"
"Mary","Terry","Coffee Maker, Phone Grip"
"Mary","Jane","Standing Desk, Laptop Sleeve"
"Mary","Wayne","USB-C Hub"
"Mary","Amy","Coffee Maker"
"Mary","Ralph","Power Strip"
"Mary","Cynthia","Water Bottle, Water Bottle, Wireless Earbuds"
"Mary","Smith","Bluetooth Headphones, Drawer Unit"
"Mary","Johnson","Webcam HD"
"Mary","Williams","Drawer Unit, Rice Cooker, Rice Cooker"
"Mary","Brown","Drawer Unit"
"Mary","Jones","4K Monitor, Screen Protector"
"Mary","Garcia","Air Purifier, Air Purifier"
"Mary","Miller","Webcam HD, Webcam HD"
"Mary","Davis","Microphone"
"Mary","Rodriguez","Wireless Earbuds, Kitchen Blender, Kitchen Blender"
"Mary","Martinez","Standing Desk, Wireless Earbuds, Standing Desk"
"Mary","Hernandez","Storage Shelf"
"Mary","Lopez","Webcam HD, Throw Pillows, Webcam HD"
"Mary","Gonzalez","Bookshelf, Bookshelf, Gaming Keyboard, Gaming Keyboard"
"Mary","Wilson","Wireless Charger"
"Mary","Anderson","Computer Speakers, Monitor Stand, Computer Speakers"
"Mary","Thomas","Portable Charger, Portable Charger, Electric Kettle"
"Mary","Taylor","Desk Mat"
"Mary","Moore","Desk Mat"
"Mary","Jackson","Keyboard Wrist Rest, Storage Shelf, Storage Shelf"
"Mary","Martin","Standing Desk"
"Mary","Peter","Desk Organizer"
"Mary","Victoria","Rice Cooker"
"Mary","Raymond","Laptop Sleeve, Tablet Stand"
"Mary","Julia","Mechanical Keyboard, Storage Shelf, Storage Shelf"
"Mary","Scott","External SSD"
"Mary","Grace","Gaming Mouse Pad, Bath Towels"
"Mary","Dennis","Desk Organizer"
"Mary","Evelyn","Food Processor, Smart Watch"
"Mary","Gregory","Desk Lamp, Desk Lamp, Wireless Earbuds, Wireless Earbuds"
"Mary","Anna","Kitchen Blender, Kitchen Blender, Tablet Stand"
"Mary","Walter","Office Chair, File Cabinet"
"Mary","Rose","Throw Pillows"
"Mary","Patrick","4K Monitor"
"Mary","Judith","Wireless Mouse, Wireless Mouse"
"Mary","Henry","Bluetooth Headphones, Bluetooth Headphones"
"Mary","Christina","Storage Containers, Smartphone Case"
"Mary","Douglas","Throw Pillows, Water Bottle, Throw Pillows"
"Mary","Maria","4K Monitor, Document Scanner"
"Mary","Harold","Food Processor, Food Processor, Coffee Maker"
"Mary","Nicole","Desk Organizer"
"Mary","Alexander","Wireless Charger, Water Bottle, Water Bottle"
"Mary","Megan","USB-C Hub"
"Mary","Samuel","Wall Clock, Bluetooth Headphones"
"Mary","Dorothy","Storage Shelf, Smart Watch, Smart Watch"
"Mary","Frank","Document Scanner, Computer Speakers"
"Mary","Sophia","Rice Cooker"
"Mary","Lawrence","Mechanical Keyboard, Mechanical Keyboard"
"Mary","Alice","Rice Cooker, Electric Kettle, Electric Kettle"
"Mary","Arthur","Document Scanner"
"Mary","Ruth","Phone Grip, Phone Grip, Electric Kettle"
"Mary","Philip","Storage Shelf"
"Mary","Diana","Throw Pillows, Throw Pillows"
"Mary","Roger","Document Scanner, Wall Clock, Wall Clock"
"Mary","Natalie","Laptop Sleeve"
"Mary","Benjamin","Cable Organizer"
"Mary","Virginia","Laptop Sleeve, Drawer Unit, Laptop Sleeve"
"Mary","Bruce","Bath Towels, Bookshelf"
"Mary","Madison","Wireless Mouse, Computer Speakers"
"Mary","Adam","Toaster Oven, Cable Organizer"
"Mary","Abigail","Microphone, Noise Cancelling Headset, Noise Cancelling Headset"
"Mary","Gerald","Phone Grip"
"Mary","Lauren","WiFi Router, Laptop Sleeve, WiFi Router"
"Mary","Keith","Food Processor, Food Processor, Monitor Stand, Monitor Stand"
"Mary","Isabella","External SSD, Office Chair"
"Mary","Terry","Desk Mat, Desk Mat, Wall Clock"
"Mary","Jane","Wireless Earbuds, Wireless Earbuds"
"Mary","Wayne","Cable Organizer, Bookshelf"
"Mary","Amy","Power Strip, Power Strip"
"Mary","Ralph","Bath Towels, Bluetooth Headphones, Bluetooth Headphones"
"Mary","Cynthia","4K Monitor, 4K Monitor"
"Mary","Smith","Throw Pillows, Keyboard Wrist Rest, Keyboard Wrist Rest"
"Mary","Johnson","Storage Containers"
"Mary","Williams","Laptop Sleeve, Document Scanner, Laptop Sleeve, Document Scanner"
"Mary","Brown","Laptop Sleeve, Webcam HD, Laptop Sleeve, Webcam HD"
"Mary","Jones","Monitor Stand, Desk Lamp, Monitor Stand"
"Mary","Garcia","Cable Organizer, Keyboard Wrist Rest, Cable Organizer"
"Mary","Miller","Mechanical Keyboard"
"Mary","Davis","Bookshelf, Desk Lamp"
"Mary","Rodriguez","Office Chair, Office Chair"
"Mary","Martinez","Air Purifier, Power Strip"
"Mary","Hernandez","Wall Clock, Wireless Charger"
"Mary","Lopez","Bluetooth Headphones, Bluetooth Headphones"
"Mary","Gonzalez","Wireless Earbuds"
"Mary","Wilson","Microphone, Microphone"
"Mary","Anderson","Portable Charger, Wireless Mouse, Wireless Mouse"
"Mary","Thomas","Noise Cancelling Headset"
"Mary","Taylor","Drawer Unit, Toaster Oven"
"Mary","Moore","Laptop Sleeve"
"Mary","Jackson","4K Monitor, Desk Mat"
"Mary","Martin","Desk Mat"
"Mary","Peter","Desk Lamp"
"Mary","Victoria","Office Chair"
"Mary","Raymond","Wireless Presenter, Wireless Presenter"
"Mary","Julia","Laptop Stand, Laptop Stand"
"Mary","Scott","Bluetooth Headphones, Air Purifier"
"Mary","Grace","Air Purifier, Standing Desk"
"Mary","Dennis","Keyboard Wrist Rest"
"Mary","Evelyn","Wireless Earbuds, Wireless Earbuds"
"Mary","Gregory","Tablet Stand"
"Mary","Anna","Electric Kettle, Electric Kettle, Keyboard Wrist Rest"
"Mary","Walter","Desk Lamp, Desk Lamp, Cable Organizer, Cable Organizer"
"Mary","Rose","Computer Speakers"
"Mary","Patrick","Document Scanner"
"Mary","Judith","Webcam HD, Rice Cooker, Webcam HD"
"Mary","Henry","Noise Cancelling Headset, Noise Cancelling Headset"
"Mary","Christina","4K Monitor"
"Mary","Douglas","Screen Protector"
"Mary","Maria","Storage Containers"
"Mary","Harold","Keyboard Wrist Rest, 4K Monitor"
"Mary","Nicole","Monitor Stand, Monitor Stand, WiFi Router"
"Mary","Alexander","Kitchen Blender, File Cabinet"
"Mary","Megan","Air Purifier"
"Mary","Samuel","Laptop Stand, Screen Protector"
"Mary","Dorothy","Bath Towels"
"Mary","Frank","4K Monitor, Gaming Mouse Pad"
"Mary","Sophia","Keyboard Wrist Rest, Power Strip"
"Mary","Lawrence","Gaming Mouse Pad"
"Mary","Alice","Water Bottle"
"Mary","Arthur","Water Bottle, Throw Pillows"
"Mary","Ruth","Microphone, Phone Grip"
"Mary","Philip","Bookshelf"
"Mary","Diana","Wireless Charger, Smart Watch, Smart Watch"
"Mary","Roger","Computer Speakers, Desk Mat"
"Mary","Natalie","Wall Clock, Smartphone Case"
"Mary","Benjamin","Computer Speakers"
"Mary","Virginia","USB-C Hub, Coffee Maker"
"Mary","Bruce","Keyboard Wrist Rest"
"Mary","Madison","Laptop Sleeve"
"Mary","Adam","Office Chair, Rice Cooker, Rice Cooker"
"Mary","Abigail","Gaming Mouse Pad, Desk Mat"
"Mary","Gerald","Air Purifier, Keyboard Wrist Rest"
"Mary","Lauren","Standing Desk, Bookshelf, Bookshelf"
"Mary","Keith","Computer Speakers"
"Mary","Isabella","Mechanical Keyboard, File Cabinet"
"Mary","Terry","USB-C Hub, USB-C Hub"
"Mary","Jane","Food Processor, Food Processor"
"Mary","Wayne","Wall Clock, Throw Pillows, Throw Pillows"
"Mary","Amy","External SSD, External SSD"
"Mary","Ralph","Power Strip"
"Mary","Cynthia","Bookshelf, Bookshelf"
"Mary","Smith","Power Strip, Power Strip"
"Mary","Johnson","Portable Charger, USB-C Hub, USB-C Hub"
"Mary","Williams","Storage Shelf, Storage Shelf"
"Mary","Brown","Portable Charger, Wireless Presenter"
"Mary","Jones","Bath Towels"
"Mary","Garcia","Noise Cancelling Headset"
"Mary","Miller","Microphone, Power Strip"
"Mary","Davis","Cable Organizer"
"Mary","Rodriguez","Phone Grip, Webcam HD"
"Mary","Martinez","Monitor Stand, Electric Kettle, Electric Kettle"
"Mary","Hernandez","Coffee Maker, Coffee Maker, Smart Watch, Smart Watch"
"Mary","Lopez","Tablet Stand, Tablet Stand"
"Mary","Gonzalez","Tablet Stand"
"Mary","Wilson","Bookshelf, Phone Grip, Bookshelf"
"Mary","Anderson","Laptop Stand, Food Processor"
"Mary","Thomas","Gaming Mouse Pad, Gaming Mouse Pad, Coffee Maker"
"Mary","Taylor","Coffee Maker, Coffee Maker, Office Chair, Office Chair"
"Mary","Moore","Gaming Mouse Pad"
"Mary","Jackson","Mechanical Keyboard, Mechanical Keyboard"
"Mary","Martin","External SSD"
"Mary","Peter","Air Purifier, Air Purifier"
"Mary","Victoria","Kitchen Blender, Microphone, Microphone, Kitchen Blender"
"Mary","Raymond","Desk Organizer, Desk Organizer"
"Mary","Julia","File Cabinet, File Cabinet"
"Mary","Scott","Drawer Unit, Smartphone Case"
"Mary","Grace","File Cabinet, Bluetooth Headphones"
"Mary","Dennis","Wall Clock"
"Mary","Evelyn","Power Strip, Power Strip, Webcam HD, Webcam HD"
"Mary","Gregory","Laptop Sleeve, Laptop Sleeve"
"Mary","Anna","Wireless Charger"
"Mary","Walter","Storage Containers, 4K Monitor, Storage Containers"
"Mary","Rose","Office Chair, Wireless Charger, Office Chair"
"Mary","Patrick","Throw Pillows"
"Mary","Judith","WiFi Router"
"Mary","Henry","Air Purifier"
"Mary","Christina","Wall Clock, Wall Clock, Wireless Charger"
"Mary","Douglas","Wall Clock, Air Purifier"
"Mary","Maria","Office Chair, Office Chair, Tablet Stand"
"Mary","Harold","Air Purifier"
"Mary","Nicole","Portable Charger"
"Mary","Alexander","Monitor Stand, Wall Clock, Monitor Stand, Wall Clock"
"Mary","Megan","Wireless Mouse, USB-C Hub"
"Mary","Samuel","Kitchen Blender, File Cabinet, File Cabinet, Kitchen Blender"
"Mary","Dorothy","Wall Clock, Document Scanner"
"Mary","Frank","USB-C Hub, Kitchen Blender"
"Mary","Sophia","4K Monitor, Cable Organizer, 4K Monitor"
"Mary","Lawrence","Mechanical Keyboard, Mechanical Keyboard"
"Mary","Alice","Portable Charger"
"Mary","Arthur","4K Monitor, Coffee Maker"
"Mary","Ruth","Desk Mat, Bookshelf"
"Mary","Philip","Smart Watch, Standing Desk"
"Mary","Diana","Desk Lamp, Bluetooth Headphones"
"Mary","Roger","Monitor Stand, Standing Desk"
"Mary","Natalie","Document Scanner, Office Chair, Office Chair"
"Mary","Benjamin","Microphone, Coffee Maker"
"Mary","Virginia","Coffee Maker"
"Mary","Bruce","Rice Cooker, Air Purifier"
"Mary","Madison","Portable Charger, Coffee Maker, Portable Charger"
"Mary","Adam","Air Purifier"
"Mary","Abigail","Bath Towels"
"Mary","Gerald","Drawer Unit, Keyboard Wrist Rest"
"Mary","Lauren","Desk Lamp"
"Mary","Keith","Bookshelf, Laptop Stand, Laptop Stand"
"Mary","Isabella","Storage Shelf"
"Mary","Terry","Computer Speakers, Keyboard Wrist Rest, Computer Speakers"
"Mary","Jane","Cable Organizer"
"Mary","Wayne","Kitchen Blender"
"Mary","Amy","Mechanical Keyboard"
"Mary","Ralph","Kitchen Blender"
"Mary","Cynthia","Wireless Charger, Wireless Charger"
"Mary","Smith","Air Purifier, Noise Cancelling Headset, Air Purifier"
"Mary","Johnson","Noise Cancelling Headset"
"Mary","Williams","Electric Kettle, Wireless Mouse, Wireless Mouse, Electric Kettle"
"Mary","Brown","Laptop Sleeve"
"Mary","Jones","Cable Organizer, Cable Organizer"
"Mary","Garcia","Wall Clock, Wall Clock"
"Mary","Miller","USB-C Hub, Food Processor"
"Mary","Davis","Document Scanner, Document Scanner, Wireless Earbuds"
"Mary","Rodriguez","Microphone, Microphone, Desk Lamp"
"Mary","Martinez","Keyboard Wrist Rest, Screen Protector, Keyboard Wrist Rest"
"Mary","Hernandez","Wireless Mouse"
"Mary","Lopez","Wireless Mouse, Tablet Stand, Tablet Stand"
"Mary","Gonzalez","Cable Organizer, Food Processor, Cable Organizer"
"Mary","Wilson","File Cabinet, Wireless Charger"
"Mary","Anderson","Desk Organizer, Desk Mat, Desk Organizer"
"Mary","Thomas","Portable Charger, Standing Desk, Standing Desk, Portable Charger"
"Mary","Taylor","Rice Cooker"
"Mary","Moore","Microphone, Wireless Mouse"
"Mary","Jackson","Wireless Mouse, Office Chair"
"Mary","Martin","Wall Clock, Mechanical Keyboard"
"Mary","Peter","4K Monitor"
"Mary","Victoria","Cable Organizer, Laptop Sleeve"
"Mary","Raymond","Coffee Maker, Water Bottle"
"Mary","Julia","Kitchen Blender"
"Mary","Scott","External SSD"
"Mary","Grace","Electric Kettle"
"Mary","Dennis","External SSD, External SSD"
"Mary","Evelyn","Bluetooth Headphones, Screen Protector, Bluetooth Headphones"
"Mary","Gregory","External SSD, Standing Desk, Standing Desk"
"Mary","Anna","Wireless Presenter, Phone Grip"
"Mary","Walter","Gaming Mouse Pad, Gaming Mouse Pad"
"Mary","Rose","Kitchen Blender, Rice Cooker"
"Mary","Patrick","Bluetooth Headphones"
"Mary","Judith","Smart Watch"
"Mary","Henry","Air Purifier"
"Mary","Christina","Toaster Oven, Toaster Oven, Monitor Stand"
"Mary","Douglas","Phone Grip, Phone Grip"
"Mary","Maria","Laptop Sleeve"
"Mary","Harold","USB-C Hub"
"Mary","Nicole","Screen Protector, Desk Organizer, Desk Organizer, Screen Protector"
"Mary","Alexander","Laptop Sleeve"
"Mary","Megan","Desk Mat, Desk Mat"
"Mary","Samuel","Gaming Keyboard, File Cabinet"
"Mary","Dorothy","File Cabinet"
"Mary","Frank","Noise Cancelling Headset"
"Mary","Sophia","Laptop Stand"
"Mary","Lawrence","Food Processor, Food Processor"
"Mary","Alice","Bluetooth Headphones, Bluetooth Headphones"
"Mary","Arthur","Bookshelf, Bookshelf"
"Mary","Ruth","Laptop Sleeve, Computer Speakers"
"Mary","Philip","Keyboard Wrist Rest"
"Mary","Diana","Bath Towels"
"Mary","Roger","External SSD, Desk Lamp"
"Mary","Natalie","Air Purifier, Storage Containers, Air Purifier"
"Mary","Benjamin","Tablet Stand, Smartphone Case"
"Mary","Virginia","Power Strip"
"Mary","Bruce","External SSD, External SSD, Keyboard Wrist Rest"
"Mary","Madison","Water Bottle, Toaster Oven"
"Mary","Adam","Keyboard Wrist Rest"
"Mary","Abigail","Desk Mat, Rice Cooker, Desk Mat, Rice Cooker"
"Mary","Gerald","Coffee Maker, Drawer Unit"
"Mary","Lauren","Drawer Unit, Drawer Unit"
"Mary","Keith","Monitor Stand, Monitor Stand"
"Mary","Isabella","Gaming Mouse Pad, Gaming Mouse Pad"
"Mary","Terry","Wireless Presenter, Office Chair, Office Chair"
"Mary","Jane","Smart Watch"
"Mary","Wayne","Document Scanner, Document Scanner, Desk Organizer"
"Mary","Amy","Wireless Mouse"
"Mary","Ralph","Smart Watch, Smart Watch"
"Mary","Cynthia","Desk Organizer, Bluetooth Headphones"
"Mary","Smith","Office Chair"
"Mary","Johnson","Storage Shelf, Storage Shelf, Noise Cancelling Headset"
"Mary","Williams","Water Bottle, Water Bottle, Food Processor"
"Mary","Brown","Bluetooth Headphones, Computer Speakers"
"Mary","Jones","Tablet Stand"
"Mary","Garcia","Wall Clock"
"Mary","Miller","Wireless Mouse"
"Mary","Davis","Desk Lamp, Bluetooth Headphones"
"Mary","Rodriguez","Electric Kettle, Electric Kettle"
"Mary","Martinez","Laptop Stand"
"Mary","Hernandez","Rice Cooker, Phone Grip"
"Mary","Lopez","Document Scanner"
"Mary","Gonzalez","Monitor Stand, Bluetooth Headphones, Bluetooth Headphones, Monitor Stand"
"Mary","Wilson","Laptop Sleeve"
"Mary","Anderson","Monitor Stand, Wireless Presenter, Wireless Presenter"
"Mary","Thomas","Wireless Earbuds, Wireless Earbuds"
"Mary","Taylor","Gaming Keyboard, Gaming Keyboard"
"Mary","Moore","File Cabinet, Storage Containers"
"Mary","Jackson","Tablet Stand, Wireless Presenter"
"Mary","Martin","Tablet Stand"
"Mary","Peter","Desk Organizer"
"Mary","Victoria","Bookshelf, Bookshelf"
"Mary","Raymond","Tablet Stand, Tablet Stand"
"Mary","Julia","Bluetooth Headphones, Tablet Stand"
"Mary","Scott","Screen Protector"
"Mary","Grace","Laptop Stand, Laptop Stand, Water Bottle"
"Mary","Dennis","Noise Cancelling Headset, Computer Speakers"
"Mary","Evelyn","Phone Grip, Wall Clock"
"Mary","Gregory","File Cabinet, Phone Grip"
"Mary","Anna","Webcam HD"
"Mary","Walter","Noise Cancelling Headset, 4K Monitor"
"Mary","Rose","Wireless Earbuds"
"Mary","Patrick","External SSD"
"Mary","Judith","Monitor Stand, USB-C Hub, Monitor Stand, USB-C Hub"
"Mary","Henry","Monitor Stand, Bluetooth Headphones, Bluetooth Headphones"
"Mary","Christina","Keyboard Wrist Rest"
"Mary","Douglas","Bookshelf, Bookshelf, Coffee Maker"
"Mary","Maria","Bookshelf"
"Mary","Harold","Tablet Stand, Tablet Stand, External SSD"
"Mary","Nicole","Desk Lamp, Standing Desk"
"Mary","Alexander","Screen Protector"
"Mary","Megan","Electric Kettle, Electric Kettle"
"Mary","Samuel","WiFi Router"
"Mary","Dorothy","File Cabinet, File Cabinet"
"Mary","Frank","Wall Clock, Laptop Stand, Laptop Stand"
"Mary","Sophia","Portable Charger, Portable Charger"
"Mary","Lawrence","Bath Towels, Desk Lamp"
"Mary","Alice","File Cabinet"
"Mary","Arthur","Bluetooth Headphones"
"Mary","Ruth","Microphone, Wireless Earbuds"
"Mary","Philip","Wireless Charger, Portable Charger"
"Mary","Diana","Gaming Keyboard, Gaming Keyboard"
"Mary","Roger","Coffee Maker, Tablet Stand, Coffee Maker"
"Mary","Natalie","Standing Desk, 4K Monitor"
"Mary","Benjamin","Noise Cancelling Headset"
"Mary","Virginia","4K Monitor, 4K Monitor, Office Chair"
"Mary","Bruce","Smartphone Case"
"Mary","Madison","Storage Shelf"
"Mary","Adam","Gaming Mouse Pad, Gaming Mouse Pad, Bookshelf"
"Mary","Abigail","Cable Organizer, Throw Pillows"
"Mary","Gerald","Water Bottle"
"Mary","Lauren","Electric Kettle, Wireless Charger"
"Mary","Keith","Monitor Stand"
"Mary","Isabella","Document Scanner"
"Mary","Terry","External SSD, Wall Clock, External SSD"
"Mary","Jane","Desk Lamp, Desk Lamp"
"Mary","Wayne","Mechanical Keyboard"
"Mary","Amy","Gaming Keyboard"
"Mary","Ralph","Office Chair, Storage Containers"
"Mary","Cynthia","Document Scanner, Document Scanner"
"Mary","Smith","External SSD"
"Mary","Johnson","File Cabinet, Smartphone Case"
"Mary","Williams","Phone Grip, Gaming Keyboard"
"Mary","Brown","Bluetooth Headphones"
"Mary","Jones","Smart Watch"
"Mary","Garcia","Noise Cancelling Headset, Coffee Maker"
"Mary","Miller","Bookshelf, Bookshelf"
"Mary","Davis","Storage Containers, Smartphone Case, Storage Containers"
"Mary","Rodriguez","Standing Desk, Standing Desk"
"Mary","Martinez","Wireless Mouse, Wireless Mouse"
"Mary","Hernandez","Laptop Sleeve"
"Mary","Lopez","Mechanical Keyboard"
"Mary","Gonzalez","Bluetooth Headphones"
"Mary","Wilson","Wall Clock, Wall Clock"
"Mary","Anderson","Office Chair"
"Mary","Thomas","Gaming Keyboard"
"Mary","Taylor","Office Chair, Storage Containers, Office Chair, Storage Containers"
"Mary","Moore","Wireless Charger, Laptop Sleeve, Wireless Charger"
"Mary","Jackson","Wireless Presenter, Noise Cancelling Headset"
"Mary","Martin","Throw Pillows, Throw Pillows"
"Mary","Peter","Tablet Stand, Laptop Stand, Laptop Stand"
"Mary","Victoria","Electric Kettle, Document Scanner, Electric Kettle"
"Mary","Raymond","Smart Watch"
"Mary","Julia","Desk Organizer, Desk Organizer, Smart Watch, Smart Watch"
"Mary","Scott","Cable Organizer, Noise Cancelling Headset, Noise Cancelling Headset"
"Mary","Grace","Laptop Stand, External SSD"
"Mary","Dennis","4K Monitor"
"Mary","Evelyn","USB-C Hub"
"Mary","Gregory","Air Purifier, Air Purifier"
"Mary","Anna","Gaming Keyboard, Gaming Keyboard"
"Mary","Walter","Drawer Unit, Drawer Unit, Throw Pillows"
"Mary","Rose","Cable Organizer, Cable Organizer"
"Mary","Patrick","Cable Organizer, External SSD"
"Mary","Judith","Wireless Earbuds, Microphone, Wireless Earbuds"
"Mary","Henry","Laptop Stand, Throw Pillows"
"Mary","Christina","Wireless Mouse"
"Mary","Douglas","Storage Shelf, File Cabinet, File Cabinet"
"Mary","Maria","Smartphone Case"
"Mary","Harold","Bookshelf, Bookshelf"
"Mary","Nicole","Wireless Presenter"
"Mary","Alexander","Phone Grip, File Cabinet"
"Mary","Megan","Document Scanner, Water Bottle"
"Mary","Samuel","Computer Speakers, Standing Desk"
"Mary","Dorothy","4K Monitor, 4K Monitor"
"Mary","Frank","Storage Containers, Drawer Unit, Storage Containers"
"Mary","Sophia","Coffee Maker, Screen Protector, Coffee Maker"
"Mary","Lawrence","Tablet Stand"
"Mary","Alice","Screen Protector, Screen Protector"
"Mary","Arthur","Bookshelf, Bookshelf, File Cabinet"
"Mary","Ruth","WiFi Router, WiFi Router, Desk Lamp"
"Mary","Philip","Wireless Charger, Gaming Keyboard"
"Mary","Diana","Gaming Mouse Pad, Gaming Mouse Pad"
"Mary","Roger","Keyboard Wrist Rest, External SSD, External SSD"
"Mary","Natalie","Portable Charger, Portable Charger"
"Mary","Benjamin","USB-C Hub"
"Mary","Virginia","Computer Speakers, Computer Speakers"
"Mary","Bruce","Wireless Charger, Desk Organizer, Desk Organizer"
"Mary","Madison","Air Purifier, Air Purifier"
"Mary","Adam","Phone Grip, Storage Shelf, Phone Grip"
"Mary","Abigail","Phone Grip, Screen Protector, Screen Protector"
"Mary","Gerald","Laptop Sleeve"
"Mary","Lauren","Toaster Oven"
"Mary","Keith","Wireless Presenter, Cable Organizer"
"Mary","Isabella","Air Purifier, Air Purifier, Screen Protector, Screen Protector"
"Mary","Terry","Laptop Stand, Laptop Stand, Electric Kettle"
"Mary","Jane","Screen Protector"
"Mary","Wayne","Microphone, Food Processor"
"Mary","Amy","Noise Cancelling Headset, Smart Watch, Noise Cancelling Headset"
"Mary","Ralph","Mechanical Keyboard, Toaster Oven, Mechanical Keyboard"
"Mary","Cynthia","WiFi Router, WiFi Router, Bath Towels, Bath Towels"
"Mary","Smith","Water Bottle, Water Bottle, Noise Cancelling Headset"
"Mary","Johnson","Wireless Mouse, Webcam HD"
"Mary","Williams","Webcam HD, Webcam HD"
"Mary","Brown","Smartphone Case, Smartphone Case"
"Mary","Jones","External SSD, External SSD"
"Mary","Garcia","Storage Containers"
"Mary","Miller","Wireless Mouse"
"Mary","Davis","Laptop Stand, Storage Containers, Storage Containers"
"Mary","Rodriguez","Smart Watch, Desk Organizer"
"Mary","Martinez","File Cabinet"
"Mary","Hernandez","Toaster Oven"
"Mary","Lopez","Standing Desk, Wireless Charger, Wireless Charger"
"Mary","Gonzalez","Document Scanner, Document Scanner"
"Mary","Wilson","File Cabinet"
"Mary","Anderson","Wireless Presenter"
"Mary","Thomas","Webcam HD, Webcam HD"
"Mary","Taylor","Rice Cooker, Rice Cooker, Drawer Unit"
"Mary","Moore","Wireless Charger, Wireless Mouse"
"Mary","Jackson","Wireless Charger, Laptop Stand, Wireless Charger"
"Mary","Martin","Bath Towels"
"Mary","Peter","Smart Watch, Smart Watch, Laptop Sleeve"
"Mary","Victoria","Desk Mat, Bath Towels, Bath Towels, Desk Mat"
"Mary","Raymond","Gaming Keyboard, Gaming Keyboard"
"Mary","Julia","Laptop Stand"
"Mary","Scott","Storage Shelf, File Cabinet, File Cabinet"
"Mary","Grace","Food Processor, Document Scanner, Document Scanner"
"Mary","Dennis","File Cabinet, Laptop Stand"
"Mary","Evelyn","Document Scanner"
"Mary","Gregory","Smart Watch, Food Processor, Food Processor"
"Mary","Anna","Phone Grip, Toaster Oven"
"Mary","Walter","Wireless Mouse, Wireless Mouse, Desk Organizer"
"Mary","Rose","Rice Cooker, Rice Cooker"
"Mary","Patrick","Mechanical Keyboard, Smartphone Case"
"Mary","Judith","Throw Pillows, Kitchen Blender"
"Mary","Henry","Air Purifier, Air Purifier"
"Mary","Christina","Wireless Presenter, Office Chair"
"Mary","Douglas","Screen Protector"
"Mary","Maria","Standing Desk, Standing Desk"
"Mary","Harold","Electric Kettle, Electric Kettle"
"Mary","Nicole","Cable Organizer, Cable Organizer"
"Mary","Alexander","Smart Watch, Wireless Mouse"
"Mary","Megan","Desk Lamp"
"Mary","Samuel","Laptop Sleeve"
"Mary","Dorothy","Storage Shelf, Storage Shelf, Water Bottle, Water Bottle"
"Mary","Frank","Wireless Mouse, Portable Charger, Wireless Mouse, Portable Charger"
"Mary","Sophia","Keyboard Wrist Rest, Keyboard Wrist Rest"
"Mary","Lawrence","Smartphone Case, Smartphone Case, Wireless Presenter"
"Mary","Alice","Laptop Sleeve, Portable Charger, Laptop Sleeve"
"Mary","Arthur","Noise Cancelling Headset, Desk Mat"
"Mary","Ruth","Electric Kettle"
"Mary","Philip","Monitor Stand"
"Mary","Diana","Toaster Oven, Toaster Oven"
"Mary","Roger","Mechanical Keyboard, Air Purifier"
"Mary","Natalie","Wall Clock, External SSD"
"Mary","Benjamin","Smart Watch, Smart Watch, File Cabinet"
"Mary","Virginia","Screen Protector, Screen Protector"
"Mary","Bruce","Laptop Sleeve, Laptop Sleeve"
"Mary","Madison","Laptop Stand"
"Mary","Adam","Wall Clock, Electric Kettle, Electric Kettle"
"Mary","Abigail","Webcam HD"
"Mary","Gerald","Coffee Maker, Wall Clock, Coffee Maker"
"Mary","Lauren","Desk Mat, USB-C Hub, Desk Mat"
"Mary","Keith","Smart Watch, Tablet Stand"
"Mary","Isabella","Wireless Charger, Food Processor, Food Processor"
"Mary","Terry","Desk Mat, 4K Monitor, Desk Mat"
"Mary","Jane","Computer Speakers, Wireless Earbuds, Computer Speakers"
"Mary","Wayne","Wireless Mouse"
"Mary","Amy","Wireless Earbuds, Power Strip"
"Mary","Ralph","Tablet Stand, Tablet Stand"
"Mary","Cynthia","Gaming Mouse Pad"
"Mary","Smith","Power Strip, Power Strip"
"Mary","Johnson","Power Strip"
"Mary","Williams","Storage Shelf"
"Mary","Brown","Toaster Oven"
"Mary","Jones","Water Bottle, Water Bottle"
"Mary","Garcia","Cable Organizer, Gaming Mouse Pad, Gaming Mouse Pad, Cable Organizer"
"Mary","Miller","Wireless Presenter"
"Mary","Davis","USB-C Hub"
"Mary","Rodriguez","Wireless Charger, Wireless Charger"
"Mary","Martinez","Phone Grip, Phone Grip"
"Mary","Hernandez","Bath Towels, Bath Towels"
"Mary","Lopez","Portable Charger"
"Mary","Gonzalez","Bath Towels"
"Mary","Wilson","External SSD"
"Mary","Anderson","4K Monitor"
"Mary","Thomas","External SSD, Cable Organizer, External SSD, Cable Organizer"
"Mary","Taylor","Storage Shelf"
"Mary","Moore","Wireless Presenter"
"Mary","Jackson","Electric Kettle, Webcam HD, Webcam HD"
"Mary","Martin","Wireless Mouse"
"Mary","Peter","Throw Pillows"
"Mary","Victoria","Smartphone Case, Smartphone Case"
"Mary","Raymond","Office Chair, External SSD"
"Mary","Julia","Keyboard Wrist Rest, Desk Lamp"
"Mary","Scott","Desk Mat, Webcam HD"
"Mary","Grace","Toaster Oven"
"Mary","Dennis","Smart Watch, Smart Watch, 4K Monitor, 4K Monitor"
"Mary","Evelyn","Smart Watch"
"Mary","Gregory","WiFi Router"
"Mary","Anna","File Cabinet, File Cabinet"
"Mary","Walter","Bookshelf, Bookshelf, Desk Mat"
"Mary","Rose","Toaster Oven, Toaster Oven, Food Processor"
"Mary","Patrick","Standing Desk, Standing Desk"
"Mary","Judith","USB-C Hub"
"Mary","Henry","Air Purifier"
"Mary","Christina","Monitor Stand, Monitor Stand, Coffee Maker"
"Mary","Douglas","Wireless Charger"
"Mary","Maria","Bath Towels"
"Mary","Harold","Monitor Stand, Wireless Charger"
"Mary","Nicole","Water Bottle, Throw Pillows"
"Mary","Alexander","Monitor Stand, Laptop Stand, Monitor Stand"
"Mary","Megan","Rice Cooker, Kitchen Blender, Kitchen Blender"
"Mary","Samuel","File Cabinet, Bluetooth Headphones"
"Mary","Dorothy","Computer Speakers"
"Mary","Frank","Gaming Mouse Pad"
"Mary","Sophia","Cable Organizer, Cable Organizer, Bluetooth Headphones"
"Mary","Lawrence","Kitchen Blender, Kitchen Blender"
"Mary","Alice","Document Scanner, Document Scanner, Monitor Stand"
"Mary","Arthur","Bath Towels"
"Mary","Ruth","USB-C Hub, Desk Lamp, Desk Lamp"
"Mary","Philip","Phone Grip, Phone Grip"
"Mary","Diana","Keyboard Wrist Rest"
"Mary","Roger","Keyboard Wrist Rest"
"Mary","Natalie","Storage Shelf, Wireless Presenter, Storage Shelf"
"Mary","Benjamin","Document Scanner, Water Bottle"
"Mary","Virginia","Water Bottle"
"Mary","Bruce","Throw Pillows"
"Mary","Madison","Smartphone Case, Toaster Oven"
"Mary","Adam","Bookshelf, Tablet Stand"
"Mary","Abigail","Cable Organizer, Wireless Charger, Cable Organizer"
"Mary","Gerald","Bookshelf, Portable Charger"
"Mary","Lauren","Kitchen Blender, Screen Protector, Kitchen Blender"
"Mary","Keith","Bath Towels"
"Mary","Isabella","Food Processor, Kitchen Blender, Kitchen Blender, Food Processor"
"Mary","Terry","4K Monitor, Electric Kettle, Electric Kettle"
"Mary","Jane","Bookshelf, Monitor Stand, Bookshelf"
"Mary","Wayne","Bluetooth Headphones, Bluetooth Headphones"
"Mary","Amy","Bluetooth Headphones, Bluetooth Headphones"
"Mary","Ralph","Desk Mat"
"Mary","Cynthia","Desk Lamp, Desk Lamp"
"Mary","Smith","Air Purifier, Air Purifier"
"Mary","Johnson","Webcam HD, Webcam HD"
"Mary","Williams","Webcam HD, Webcam HD"
"Mary","Brown","Air Purifier, Air Purifier"
"Mary","Jones","External SSD, External SSD"
"Mary","Garcia","Throw Pillows, Gaming Mouse Pad"
"Mary","Miller","Laptop Sleeve, Smartphone Case, Smartphone Case"
"Mary","Davis","Food Processor, Food Processor"
"Mary","Rodriguez","Keyboard Wrist Rest, Monitor Stand"
"Mary","Martinez","Webcam HD, Webcam HD"
"Mary","Hernandez","Electric Kettle, Electric Kettle"
"Mary","Lopez","USB-C Hub"
"Mary","Gonzalez","Electric Kettle"
"Mary","Wilson","Webcam HD"
"Mary","Anderson","Kitchen Blender, Desk Organizer, Desk Organizer, Kitchen Blender"
"Mary","Thomas","Cable Organizer"
"Mary","Taylor","Tablet Stand"
"Mary","Moore","Cable Organizer, Cable Organizer, Portable Charger"
"Mary","Jackson","File Cabinet"
"Mary","Martin","Cable Organizer"
"Mary","Peter","Screen Protector"
"Mary","Victoria","Throw Pillows, WiFi Router, WiFi Router"
"Mary","Raymond","Power Strip"
"Mary","Julia","Desk Lamp, Wireless Earbuds, Wireless Earbuds"
"Mary","Scott","Smartphone Case, Webcam HD, Smartphone Case, Webcam HD"
"Mary","Grace","Webcam HD"
"Mary","Dennis","Electric Kettle, Bookshelf"
"Mary","Evelyn","External SSD, Office Chair, Office Chair"
"Mary","Gregory","Wireless Earbuds, Toaster Oven, Toaster Oven"
"Mary","Anna","Water Bottle, Mechanical Keyboard"
"Mary","Walter","Bath Towels, Noise Cancelling Headset"
"Mary","Rose","Air Purifier, Drawer Unit"
"Mary","Patrick","Smartphone Case"
"Mary","Judith","Webcam HD, Electric Kettle, Electric Kettle"
"Mary","Henry","Screen Protector, Wireless Mouse"
"Mary","Christina","Portable Charger, Air Purifier, Air Purifier"
"Mary","Douglas","Wireless Presenter"
"Mary","Maria","Coffee Maker, Coffee Maker"
"Mary","Harold","Keyboard Wrist Rest, Keyboard Wrist Rest"
"Mary","Nicole","Screen Protector, Microphone"
"Mary","Alexander","Laptop Sleeve, Document Scanner, Laptop Sleeve"
"Mary","Megan","Monitor Stand, Monitor Stand"
"Mary","Samuel","Desk Organizer"
"Mary","Dorothy","USB-C Hub, Gaming Mouse Pad"
"Mary","Frank","Laptop Stand, Laptop Stand, Water Bottle, Water Bottle"
"Mary","Sophia","Microphone, Document Scanner, Microphone"
"Mary","Lawrence","Storage Containers, Storage Containers"
"Mary","Alice","Electric Kettle"
"Mary","Arthur","Office Chair, Bluetooth Headphones, Bluetooth Headphones, Office Chair"
"Mary","Ruth","Smartphone Case"
"Mary","Philip","USB-C Hub, Tablet Stand"
"Mary","Diana","Smart Watch, Wireless Mouse"
"Mary","Roger","Bookshelf"
"Mary","Natalie","Laptop Sleeve, Laptop Sleeve"
"Mary","Benjamin","Phone Grip, Cable Organizer"
"Mary","Virginia","Electric Kettle, Electric Kettle"
"Mary","Bruce","Smart Watch, 4K Monitor, 4K Monitor"
"Mary","Madison","Microphone"
"Mary","Adam","Document Scanner, Document Scanner, Electric Kettle, Electric Kettle"
"Mary","Abigail","Computer Speakers, File Cabinet, File Cabinet"
"Mary","Gerald","Wireless Charger"
"Mary","Lauren","Keyboard Wrist Rest, Drawer Unit"
"Mary","Keith","Rice Cooker, Rice Cooker"
"Mary","Isabella","Wireless Presenter, Electric Kettle, Electric Kettle, Wireless Presenter"
"Mary","Terry","Wireless Earbuds, Gaming Mouse Pad"
"Mary","Jane","Water Bottle, Food Processor"
"Mary","Wayne","Laptop Sleeve, Laptop Sleeve, Electric Kettle"
"Mary","Amy","File Cabinet, Mechanical Keyboard"
"Mary","Ralph","Wireless Earbuds, Wireless Earbuds, Kitchen Blender"
"Mary","Cynthia","4K Monitor, Desk Organizer, Desk Organizer"
"Mary","Smith","File Cabinet"
"Mary","Johnson","Kitchen Blender, Throw Pillows, Throw Pillows"
"Mary","Williams","Water Bottle"
"Mary","Brown","Laptop Stand, Laptop Stand"
"Mary","Jones","Wireless Mouse, Office Chair, Office Chair"
"Mary","Garcia","External SSD, Microphone, External SSD"
"Mary","Miller","Gaming Mouse Pad, Gaming Mouse Pad"
"Mary","Davis","Electric Kettle, Wireless Earbuds"
"Mary","Rodriguez","Bath Towels, Power Strip, Power Strip, Bath Towels"
"Mary","Martinez","Tablet Stand"
"Mary","Hernandez","Bath Towels, Desk Mat"
"Mary","Lopez","Phone Grip, Phone Grip"
"Mary","Gonzalez","Throw Pillows"
"Mary","Wilson","Wireless Presenter"
"Mary","Anderson","Standing Desk, Laptop Stand"
"Mary","Thomas","Electric Kettle, Tablet Stand"
"Mary","Taylor","Mechanical Keyboard"
"Mary","Moore","Bluetooth Headphones"
"Mary","Jackson","Cable Organizer, Cable Organizer"
"Mary","Martin","Mechanical Keyboard, Bookshelf"
"Mary","Peter","Desk Mat"
"Mary","Victoria","Webcam HD"
"Mary","Raymond","Bookshelf, Power Strip, Bookshelf"
"Mary","Julia","Rice Cooker"
"Mary","Scott","WiFi Router, WiFi Router"
"Mary","Grace","Computer Speakers, Desk Mat"
"Mary","Dennis","Drawer Unit, Drawer Unit"
"Mary","Evelyn","Phone Grip"
"Mary","Gregory","Office Chair, Bath Towels, Bath Towels"
"Mary","Anna","Toaster Oven, Screen Protector, Toaster Oven, Screen Protector"
"Mary","Walter","External SSD, External SSD"
"Mary","Rose","Cable Organizer, Wall Clock, Cable Organizer"
"Mary","Patrick","Bookshelf, Mechanical Keyboard, Mechanical Keyboard, Bookshelf"
"Mary","Judith","Wireless Charger, External SSD"
"Mary","Henry","Bath Towels"
"Mary","Christina","Noise Cancelling Headset, Wireless Charger, Wireless Charger"
"Mary","Douglas","Wireless Earbuds"
"Mary","Maria","Wireless Earbuds"
"Mary","Harold","Computer Speakers, Gaming Keyboard"
"Mary","Nicole","Rice Cooker"
"Mary","Alexander","Standing Desk, 4K Monitor, Standing Desk"
"Mary","Megan","USB-C Hub, Keyboard Wrist Rest"
"Mary","Samuel","Throw Pillows, Microphone"
"Mary","Dorothy","Keyboard Wrist Rest"
"Mary","Frank","Office Chair, Air Purifier"
"Mary","Sophia","Coffee Maker"
"Mary","Lawrence","External SSD, External SSD"
"Mary","Alice","Computer Speakers, Document Scanner"
"Mary","Arthur","Kitchen Blender, Wall Clock, Kitchen Blender"
"Mary","Ruth","Computer Speakers"
"Mary","Philip","Noise Cancelling Headset, Noise Cancelling Headset"
"Mary","Diana","Bluetooth Headphones"
"Mary","Roger","Power Strip"
"Mary","Natalie","Computer Speakers, Storage Shelf"
"Mary","Benjamin","Coffee Maker"
"Mary","Virginia","Standing Desk, Standing Desk, Monitor Stand"
"Mary","Bruce","Monitor Stand, Portable Charger"
"Mary","Madison","Kitchen Blender, Kitchen Blender"
"Mary","Adam","USB-C Hub, Storage Containers, USB-C Hub"
"Mary","Abigail","Power Strip"
"Mary","Gerald","Wireless Earbuds, Throw Pillows"
"Mary","Lauren","Tablet Stand"
"Mary","Keith","Throw Pillows"
"Mary","Isabella","Air Purifier, Air Purifier"
"Mary","Terry","Desk Lamp, Desk Lamp"
"Mary","Jane","Laptop Stand, Computer Speakers"
"Mary","Wayne","Wireless Presenter"
"Mary","Amy","WiFi Router, WiFi Router"
"Mary","Ralph","Power Strip, Power Strip"
"Mary","Cynthia","External SSD"
"Mary","Smith","Power Strip, Throw Pillows"
"Mary","Johnson","Bluetooth Headphones, 4K Monitor"
"Mary","Williams","Bath Towels"
"Mary","Brown","Noise Cancelling Headset, Rice Cooker"
"Mary","Jones","Air Purifier, Noise Cancelling Headset, Air Purifier"
"Mary","Garcia","Laptop Stand, Laptop Stand"
"Mary","Miller","Desk Mat"
"Mary","Davis","Smart Watch, Smartphone Case"
"Mary","Rodriguez","Wireless Mouse, Portable Charger"
"Mary","Martinez","Tablet Stand, Cable Organizer"
"Mary","Hernandez","Phone Grip, Desk Organizer"
"Mary","Lopez","Throw Pillows"
"Mary","Gonzalez","Throw Pillows"
"Mary","Wilson","Standing Desk, Laptop Sleeve"
"Mary","Anderson","Computer Speakers, Cable Organizer, Computer Speakers"
"Mary","Thomas","Bath Towels, Bath Towels"
"Mary","Taylor","4K Monitor, 4K Monitor"
"Mary","Moore","4K Monitor"
"Mary","Jackson","Screen Protector, Screen Protector, Laptop Sleeve"
"Mary","Martin","Storage Containers, Throw Pillows"
"Mary","Peter","Screen Protector"
"Mary","Victoria","Gaming Keyboard, Webcam HD, Webcam HD"
"Mary","Raymond","Desk Lamp, Toaster Oven, Toaster Oven"
"Mary","Julia","Computer Speakers, Standing Desk"
"Mary","Scott","Wireless Presenter, Desk Lamp"
"Mary","Grace","Wall Clock"
"Mary","Dennis","Smart Watch, Smart Watch"
"Mary","Evelyn","Laptop Stand"
"Mary","Gregory","Gaming Mouse Pad, Webcam HD"
"Mary","Anna","Laptop Stand"
"Mary","Walter","Food Processor, Laptop Sleeve, Laptop Sleeve, Food Processor"
"Mary","Rose","Gaming Mouse Pad, Standing Desk"
"Mary","Patrick","Webcam HD, Phone Grip"
"Mary","Judith","Monitor Stand, Monitor Stand"
"Mary","Henry","Drawer Unit, Drawer Unit, Drawer Unit"
"Mary","Christina","Bath Towels"
"Mary","Douglas","Phone Grip"
"Mary","Maria","Rice Cooker"
"Mary","Harold","Wireless Presenter, Wireless Presenter"
"Mary","Nicole","Throw Pillows"
"Mary","Alexander","Noise Cancelling Headset"
"Mary","Megan","Document Scanner, Keyboard Wrist Rest"
"Mary","Samuel","Portable Charger, Water Bottle"
"Mary","Dorothy","Bookshelf, Bookshelf"
"Mary","Frank","Document Scanner, Microphone, Microphone"
"Mary","Sophia","Drawer Unit, Throw Pillows"
"Mary","Lawrence","Office Chair"
"Mary","Alice","Drawer Unit"
"Mary","Arthur","Storage Containers, Wireless Mouse"
"Mary","Ruth","Document Scanner, Document Scanner"
"Mary","Philip","Drawer Unit, Wireless Presenter"
"Mary","Diana","Electric Kettle, Microphone, Electric Kettle"
"Mary","Roger","Monitor Stand, Tablet Stand"
"Mary","Natalie","Bluetooth Headphones, Portable Charger"
"Mary","Benjamin","Phone Grip"
"Mary","Virginia","Toaster Oven, Toaster Oven, Coffee Maker"
"Mary","Bruce","Phone Grip, Standing Desk"
"Mary","Madison","Food Processor, Food Processor"
"Mary","Adam","Bath Towels"
"Mary","Abigail","Standing Desk, File Cabinet, Standing Desk"
"Mary","Gerald","Office Chair, Office Chair"
"Mary","Lauren","Desk Organizer, Desk Organizer"
"Mary","Keith","Keyboard Wrist Rest"
"Mary","Isabella","Tablet Stand, Tablet Stand"
"Mary","Terry","Tablet Stand, Tablet Stand, Document Scanner, Document Scanner"
"Mary","Jane","Desk Mat"
"Mary","Wayne","Webcam HD, WiFi Router"
"Mary","Amy","Rice Cooker"
"Mary","Ralph","USB-C Hub"
"Mary","Cynthia","Storage Shelf"
"Mary","Smith","Food Processor, Toaster Oven"
"Mary","Johnson","Keyboard Wrist Rest, Keyboard Wrist Rest, Phone Grip"
"Mary","Williams","Kitchen Blender"
"Mary","Brown","Smart Watch"
"Mary","Jones","4K Monitor"
"Mary","Garcia","Drawer Unit, Drawer Unit, Drawer Unit"
"Mary","Miller","Computer Speakers"
"Mary","Davis","Smartphone Case, Computer Speakers"
"Mary","Rodriguez","Throw Pillows"
"Mary","Martinez","File Cabinet, Smart Watch, Smart Watch"
"Mary","Hernandez","Tablet Stand"
"Mary","Lopez","Webcam HD, Webcam HD"
"Mary","Gonzalez","Wireless Mouse, Toaster Oven, Toaster Oven"
"Mary","Wilson","Storage Shelf, Bath Towels, Bath Towels"
"Mary","Anderson","Electric Kettle, Noise Cancelling Headset, Noise Cancelling Headset"
"Mary","Thomas","Smart Watch, Smart Watch, Bath Towels"
"Mary","Taylor","Gaming Mouse Pad"
"Mary","Moore","Webcam HD"
"Mary","Jackson","Portable Charger"
"Mary","Martin","Rice Cooker"
"Mary","Peter","Mechanical Keyboard, Mechanical Keyboard, Keyboard Wrist Rest"
"Mary","Victoria","Gaming Mouse Pad, Desk Mat"
"Mary","Raymond","Webcam HD"
"Mary","Julia","Storage Shelf, Storage Shelf"
"Mary","Scott","Drawer Unit"
"Mary","Grace","Computer Speakers"
"Mary","Dennis","Wall Clock, Wall Clock, Monitor Stand"
"Mary","Evelyn","Wall Clock, Wall Clock"
"Mary","Gregory","Tablet Stand"
"Mary","Anna","Cable Organizer, Cable Organizer, Bluetooth Headphones, Bluetooth Headphones"
"Mary","Walter","Kitchen Blender, Kitchen Blender"
"Mary","Rose","Wireless Presenter, Wireless Presenter"
"Mary","Patrick","Desk Lamp, Kitchen Blender, Kitchen Blender"
"Mary","Judith","Throw Pillows, Throw Pillows, Smartphone Case"
"Mary","Henry","Bath Towels, Bath Towels, Cable Organizer"
"Mary","Christina","External SSD, Storage Shelf"
"Mary","Douglas","WiFi Router, USB-C Hub"
"Mary","Maria","Gaming Keyboard"
"Mary","Harold","Power Strip, Wireless Earbuds"
"Mary","Nicole","USB-C Hub"
"Mary","Alexander","Document Scanner"
"Mary","Megan","Laptop Stand, Laptop Stand, Wireless Mouse"
"Mary","Samuel","Cable Organizer, Desk Organizer"
"Mary","Dorothy","Storage Shelf"
"Mary","Frank","Smart Watch, Coffee Maker"
"Mary","Sophia","Water Bottle, Microphone, Microphone"
"Mary","Lawrence","Laptop Stand, Laptop Stand"
"Mary","Alice","Throw Pillows, Water Bottle"
"Mary","Arthur","Bath Towels, Coffee Maker"
"Mary","Ruth","Screen Protector"
"Mary","Philip","Portable Charger"
"Mary","Diana","Phone Grip, 4K Monitor"
"Mary","Roger","Gaming Mouse Pad, Monitor Stand, Monitor Stand"
"Mary","Natalie","Desk Lamp"
"Mary","Benjamin","Standing Desk, Standing Desk, Cable Organizer"
"Mary","Virginia","WiFi Router, Desk Lamp"
"Mary","Bruce","Gaming Mouse Pad"
"Mary","Madison","USB-C Hub"
"Mary","Adam","Toaster Oven, Toaster Oven"
"Mary","Abigail","Keyboard Wrist Rest, Storage Containers"
"Mary","Gerald","Webcam HD, Gaming Mouse Pad"
"Mary","Lauren","Throw Pillows, Throw Pillows"
"Mary","Keith","Power Strip, Desk Mat, Power Strip"
"Mary","Isabella","Cable Organizer, Cable Organizer"
"Mary","Terry","Office Chair"
"Mary","Jane","Standing Desk, Noise Cancelling Headset, Standing Desk, Noise Cancelling Headset"
"Mary","Wayne","Storage Containers, Storage Containers"
"Mary","Amy","Throw Pillows, Cable Organizer, Throw Pillows"
"Mary","Ralph","Gaming Mouse Pad"
"Mary","Cynthia","Computer Speakers"
"Mary","Smith","USB-C Hub"
"Mary","Johnson","Wireless Charger"
"Mary","Williams","Wireless Charger"
"Mary","Brown","Computer Speakers, Phone Grip, Computer Speakers"
"Mary","Jones","Desk Organizer, Desk Mat, Desk Mat"
"Mary","Garcia","Wall Clock, Noise Cancelling Headset"
"Mary","Miller","Wireless Earbuds, Wall Clock, Wall Clock"
"Mary","Davis","Rice Cooker"
"Mary","Rodriguez","WiFi Router"
"Mary","Martinez","Office Chair, Wall Clock"
"Mary","Hernandez","Portable Charger"
"Mary","Lopez","Cable Organizer, Cable Organizer, Toaster Oven"
"Mary","Gonzalez","Air Purifier, Air Purifier"
"Mary","Wilson","Bookshelf, Bookshelf, Microphone, Microphone"
"Mary","Anderson","Mechanical Keyboard, Webcam HD"
"Mary","Thomas","WiFi Router"
"Mary","Taylor","Drawer Unit"
"Mary","Moore","Wireless Mouse, Air Purifier"
"Mary","Jackson","Wireless Mouse, Water Bottle, Water Bottle"
"Mary","Martin","Noise Cancelling Headset"
"Mary","Peter","Smartphone Case, Smartphone Case"
"Mary","Victoria","Air Purifier, Office Chair, Air Purifier"
"Mary","Raymond","Desk Organizer"
"Mary","Julia","Computer Speakers"
"Mary","Scott","Standing Desk, Standing Desk, Gaming Keyboard, Gaming Keyboard"
"Mary","Grace","Desk Lamp, Water Bottle"
"Mary","Dennis","Office Chair"
"Mary","Evelyn","Laptop Sleeve"
"Mary","Gregory","Gaming Mouse Pad"
"Mary","Anna","Rice Cooker"
"Mary","Walter","Drawer Unit, Power Strip, Power Strip"
"Mary","Rose","Webcam HD, Bookshelf, Webcam HD"
"Mary","Patrick","Smartphone Case, Rice Cooker, Smartphone Case"
"Mary","Judith","Food Processor, Keyboard Wrist Rest, Food Processor"
"Mary","Henry","Gaming Mouse Pad, Toaster Oven, Toaster Oven"
"Mary","Christina","Air Purifier"
"Mary","Douglas","Screen Protector, Screen Protector"
"Mary","Maria","File Cabinet"
"Mary","Harold","Laptop Sleeve"
"Mary","Nicole","Bluetooth Headphones"
"Mary","Alexander","Storage Containers, Drawer Unit, Storage Containers"
"Mary","Megan","Wireless Charger"
"Mary","Samuel","Bluetooth Headphones, Bluetooth Headphones"
"Mary","Dorothy","Tablet Stand, Tablet Stand, External SSD, External SSD"
"Mary","Frank","Wireless Earbuds"
"Mary","Sophia","Drawer Unit"
"Mary","Lawrence","Toaster Oven"
"Mary","Alice","Microphone"
"Mary","Arthur","Storage Containers, Storage Containers, Electric Kettle, Electric Kettle"
"Mary","Ruth","Food Processor, Toaster Oven"
"Mary","Philip","Storage Containers"
"Mary","Diana","Bath Towels, Storage Containers, Bath Towels"
"Mary","Roger","Smartphone Case, Smartphone Case"
"Mary","Natalie","Laptop Stand, Water Bottle, Water Bottle"
"Mary","Benjamin","Wireless Mouse"
"Mary","Virginia","Laptop Sleeve, Noise Cancelling Headset"
"Mary","Bruce","Air Purifier, Bookshelf, Bookshelf"
"Mary","Madison","Wireless Earbuds"
"Mary","Adam","Office Chair"
"Mary","Abigail","Food Processor"
"Mary","Gerald","Portable Charger, Portable Charger"
"Mary","Lauren","Wireless Presenter, Wall Clock, Wall Clock"
"Mary","Keith","Electric Kettle"
"Mary","Isabella","Wireless Earbuds, Wireless Earbuds"
"Mary","Terry","Wireless Presenter, Wireless Presenter"
"Mary","Jane","Laptop Sleeve, Smartphone Case"
"Mary","Wayne","Coffee Maker, Microphone, Coffee Maker"
"Mary","Amy","External SSD, External SSD"
"Mary","Ralph","Storage Shelf"
"Mary","Cynthia","Rice Cooker, Monitor Stand"
"Mary","Smith","Wireless Mouse, Storage Containers"
"Mary","Johnson","Keyboard Wrist Rest"
"Mary","Williams","Rice Cooker, Rice Cooker, Desk Organizer"
"Mary","Brown","Tablet Stand, Desk Mat, Desk Mat"
"Mary","Jones","Kitchen Blender, Kitchen Blender"
"Mary","Garcia","4K Monitor, Bookshelf"
"Mary","Miller","Tablet Stand, Gaming Mouse Pad, Tablet Stand"
"Mary","Davis","Bluetooth Headphones"
"Mary","Rodriguez","Tablet Stand"
"Mary","Martinez","Tablet Stand, Wireless Earbuds, Wireless Earbuds"
"Mary","Hernandez","WiFi Router"
"Mary","Lopez","Desk Organizer, Air Purifier, Desk Organizer"
"Mary","Gonzalez","Storage Containers, Smartphone Case"
"Mary","Wilson","Wireless Mouse, Rice Cooker"
"Mary","Anderson","External SSD"
"Mary","Thomas","Computer Speakers"
"Mary","Taylor","Desk Organizer, Desk Organizer"
"Mary","Moore","Kitchen Blender"
"Mary","Jackson","Wireless Presenter, Wireless Presenter"
"Mary","Martin","4K Monitor"
"Mary","Peter","Standing Desk, 4K Monitor, Standing Desk"
"Mary","Victoria","Keyboard Wrist Rest"
"Mary","Raymond","Wireless Mouse"
"Mary","Julia","Laptop Stand, Laptop Stand"
"Mary","Scott","Webcam HD, File Cabinet"
"Mary","Grace","Portable Charger, Monitor Stand, Monitor Stand"
"Mary","Dennis","Throw Pillows"
"Mary","Evelyn","Coffee Maker"
"Mary","Gregory","Storage Containers, Desk Lamp"
"Mary","Anna","Microphone, Gaming Mouse Pad"
"Mary","Walter","Desk Lamp, Bookshelf, Bookshelf"
"Mary","Rose","Drawer Unit, Drawer Unit"
"Mary","Patrick","Smart Watch, Food Processor, Smart Watch"
"Mary","Judith","Monitor Stand"
"Mary","Henry","Cable Organizer, Cable Organizer, Throw Pillows, Throw Pillows"
"Mary","Christina","Bluetooth Headphones, Bluetooth Headphones"
"Mary","Douglas","Air Purifier, Mechanical Keyboard"
"Mary","Maria","Webcam HD"
"Mary","Harold","Phone Grip"
"Mary","Nicole","Standing Desk, Gaming Mouse Pad"
"Mary","Alexander","Desk Organizer"
"Mary","Megan","Wireless Charger"
"Mary","Samuel","Desk Lamp, Desk Lamp, Bath Towels"
"Mary","Dorothy","Cable Organizer"
"Mary","Frank","Microphone"
"Mary","Sophia","Gaming Keyboard, Gaming Keyboard"
"Mary","Lawrence","Toaster Oven, Monitor Stand"
"Mary","Alice","Laptop Stand, Laptop Stand"
"Mary","Arthur","Laptop Sleeve"
"Mary","Ruth","Keyboard Wrist Rest, Keyboard Wrist Rest, Keyboard Wrist Rest"
"Mary","Philip","Screen Protector"
"Mary","Diana","Document Scanner"
"Mary","Roger","Laptop Stand"
"Mary","Natalie","Rice Cooker, Rice Cooker, Document Scanner"
"Mary","Benjamin","Water Bottle, Water Bottle, Smartphone Case"
"Mary","Virginia","Electric Kettle, Power Strip, Power Strip"
"Mary","Bruce","Desk Mat, Desk Mat"
"Mary","Madison","Drawer Unit, Toaster Oven, Toaster Oven"
"Mary","Adam","Desk Mat"
"Mary","Abigail","Cable Organizer"
"Mary","Gerald","Electric Kettle"
"Mary","Lauren","Smartphone Case, Smartphone Case"
"Mary","Keith","Rice Cooker"
"Mary","Isabella","Gaming Keyboard"
"Mary","Terry","Bluetooth Headphones"
"Mary","Jane","Storage Shelf"
"Mary","Wayne","Smartphone Case, Smartphone Case"
"Mary","Amy","Monitor Stand, Monitor Stand"
"Mary","Ralph","Cable Organizer"
"Mary","Cynthia","Wall Clock, Monitor Stand, Monitor Stand"
"Mary","Smith","Gaming Keyboard"
"Mary","Johnson","External SSD, External SSD, Monitor Stand"
"Mary","Williams","Standing Desk"
"Mary","Brown","Rice Cooker, Rice Cooker"
"Mary","Jones","Monitor Stand"
"Mary","Garcia","Desk Mat, Desk Mat, Air Purifier"
"Mary","Miller","File Cabinet, 4K Monitor, File Cabinet, 4K Monitor"
"Mary","Davis","Desk Mat, Drawer Unit"
"Mary","Rodriguez","Kitchen Blender, Storage Containers"
"Mary","Martinez","File Cabinet, File Cabinet"
"Mary","Hernandez","Bookshelf, Keyboard Wrist Rest"
"Mary","Lopez","Wall Clock"
"Mary","Gonzalez","Bluetooth Headphones"
"Mary","Wilson","Cable Organizer"
"Mary","Anderson","Computer Speakers, Wall Clock"
"Mary","Thomas","Coffee Maker, Screen Protector"
"Mary","Taylor","Throw Pillows"
"Mary","Moore","Portable Charger"
"Mary","Jackson","Mechanical Keyboard, Tablet Stand, Mechanical Keyboard"
"Mary","Martin","Webcam HD"
"Mary","Peter","Laptop Sleeve, Webcam HD, Laptop Sleeve"
"Mary","Victoria","Webcam HD, Keyboard Wrist Rest, Keyboard Wrist Rest"
"Mary","Raymond","WiFi Router, Desk Mat"
"Mary","Julia","Storage Shelf, Storage Shelf, Microphone"
"Mary","Scott","Water Bottle"
"Mary","Grace","Water Bottle, Water Bottle"
"Mary","Dennis","Laptop Sleeve, Smartphone Case, Smartphone Case"
"Mary","Evelyn","Smartphone Case, Smartphone Case"
"Mary","Gregory","Mechanical Keyboard, Gaming Keyboard, Mechanical Keyboard, Gaming Keyboard"
"Mary","Anna","Power Strip, Power Strip, Smart Watch"
"Mary","Walter","Wireless Presenter, Wireless Presenter, Storage Shelf"
"Mary","Rose","Desk Organizer"
"Mary","Patrick","Portable Charger, Portable Charger"
"Mary","Judith","Office Chair, Laptop Sleeve, Laptop Sleeve"
"Mary","Henry","Wireless Presenter, Wireless Presenter"
"Mary","Christina","Wireless Earbuds, Mechanical Keyboard, Wireless Earbuds, Mechanical Keyboard"
"Mary","Douglas","Desk Organizer, Water Bottle, Desk Organizer"
"Mary","Maria","Noise Cancelling Headset, Noise Cancelling Headset, Standing Desk"
"Mary","Harold","Keyboard Wrist Rest"
"Mary","Nicole","Microphone"
"Mary","Alexander","Kitchen Blender"
"Mary","Megan","Throw Pillows, Throw Pillows"
"Mary","Samuel","Bookshelf, Bookshelf"
"Mary","Dorothy","Desk Mat"
"Mary","Frank","Electric Kettle, Keyboard Wrist Rest"
"Mary","Sophia","Bluetooth Headphones, Bluetooth Headphones"
"Mary","Lawrence","Desk Organizer, Desk Organizer"
"Mary","Alice","Wireless Charger, External SSD, External SSD"
"Mary","Arthur","Wall Clock"
"Mary","Ruth","Toaster Oven, Toaster Oven"
"Mary","Philip","Laptop Sleeve, Laptop Sleeve, Cable Organizer"
"Mary","Diana","Noise Cancelling Headset"
"Mary","Roger","Wireless Earbuds, Mechanical Keyboard, Wireless Earbuds"
"Mary","Natalie","Coffee Maker, Wireless Charger, Wireless Charger"
"Mary","Benjamin","Computer Speakers"
"Mary","Virginia","Rice Cooker"
"Mary","Bruce","Phone Grip"
"Mary","Madison","Desk Organizer"
"Mary","Adam","Webcam HD, Document Scanner"
"Mary","Abigail","Air Purifier, Bath Towels"
"Mary","Gerald","Bluetooth Headphones, Office Chair"
"Mary","Lauren","Wall Clock, Bath Towels, Wall Clock, Bath Towels"
"Mary","Keith","Wireless Mouse, Portable Charger, Portable Charger"
"Mary","Isabella","Bluetooth Headphones"
"Mary","Terry","Toaster Oven, Toaster Oven, Document Scanner"
"Mary","Jane","Throw Pillows, Throw Pillows"
"Mary","Wayne","External SSD, External SSD"
"Mary","Amy","Office Chair, Monitor Stand"
"Mary","Ralph","Gaming Keyboard"
"Mary","Cynthia","Bath Towels, Wireless Charger, Wireless Charger"
"Mary","Smith","Coffee Maker, Coffee Maker"
"Mary","Johnson","Gaming Keyboard"
"Mary","Williams","4K Monitor"
"Mary","Brown","WiFi Router"
"Mary","Jones","Storage Containers"
"Mary","Garcia","Gaming Mouse Pad, Gaming Mouse Pad"
"Mary","Miller","Screen Protector"
"Mary","Davis","Air Purifier, Food Processor"
"Mary","Rodriguez","Smartphone Case"
"Mary","Martinez","Document Scanner, Document Scanner"
"Mary","Hernandez","Wireless Earbuds"
"Mary","Lopez","Wireless Mouse, Tablet Stand"
"Mary","Gonzalez","Gaming Mouse Pad, 4K Monitor, 4K Monitor, Gaming Mouse Pad"
"Mary","Wilson","Desk Lamp, Smart Watch, Desk Lamp, Smart Watch"
"Mary","Anderson","Water Bottle, Water Bottle"
"Mary","Thomas","USB-C Hub, USB-C Hub"
"Mary","Taylor","Water Bottle, Laptop Stand, Water Bottle"
"Mary","Moore","Power Strip, Power Strip"
"Mary","Jackson","Kitchen Blender, Storage Shelf, Storage Shelf, Kitchen Blender"
"Mary","Martin","Portable Charger"
"Mary","Peter","Smartphone Case, Drawer Unit, Drawer Unit, Smartphone Case"
"Mary","Victoria","Desk Organizer, Desk Organizer, Water Bottle"
"Mary","Raymond","Throw Pillows, Laptop Sleeve"
"Mary","Julia","Wireless Mouse"
"Mary","Scott","Computer Speakers, Computer Speakers"
"Mary","Grace","Toaster Oven, Toaster Oven"
"Mary","Dennis","Bath Towels"
"Mary","Evelyn","Keyboard Wrist Rest, USB-C Hub, USB-C Hub"
"Mary","Gregory","Power Strip, Portable Charger"
"Mary","Anna","WiFi Router"
"Mary","Walter","Phone Grip, Wireless Mouse"
"Mary","Rose","Cable Organizer, File Cabinet, File Cabinet"
"Mary","Patrick","Monitor Stand, Monitor Stand"
"Mary","Judith","Keyboard Wrist Rest, Keyboard Wrist Rest"
"Mary","Henry","WiFi Router, File Cabinet, File Cabinet"
"Mary","Christina","Wireless Charger"
"Mary","Douglas","WiFi Router"
"Mary","Maria","Kitchen Blender"
"Mary","Harold","Webcam HD, Webcam HD"
"Mary","Nicole","Wireless Presenter, Standing Desk, Standing Desk, Wireless Presenter"
"Mary","Alexander","Bookshelf, Air Purifier, Bookshelf"
"Mary","Megan","Toaster Oven, Water Bottle"
"Mary","Samuel","File Cabinet"
"Mary","Dorothy","Kitchen Blender"
"Mary","Frank","Rice Cooker, Computer Speakers, Rice Cooker, Computer Speakers"
"Mary","Sophia","Laptop Sleeve, Laptop Sleeve"
"Mary","Lawrence","Tablet Stand"
"Mary","Alice","Mechanical Keyboard, Mechanical Keyboard"
"Mary","Arthur","Desk Mat, Cable Organizer, Cable Organizer"
"Mary","Ruth","Phone Grip"
"Mary","Philip","Throw Pillows, Throw Pillows"
"Mary","Diana","Throw Pillows, Throw Pillows"
"Mary","Roger","Smart Watch, Smart Watch, External SSD"
"Mary","Natalie","Air Purifier, 4K Monitor"
"Mary","Benjamin","Wireless Presenter, Wireless Presenter"
"Mary","Virginia","Storage Shelf, Storage Shelf"
"Mary","Bruce","Bluetooth Headphones, Standing Desk, Standing Desk"
"Mary","Madison","Wireless Charger, Storage Shelf"
"Mary","Adam","Document Scanner"
"Mary","Abigail","Power Strip, Power Strip"
"Mary","Gerald","Keyboard Wrist Rest, Document Scanner, Keyboard Wrist Rest"
"Mary","Lauren","Wireless Charger, Wireless Charger, Desk Lamp, Desk Lamp"
"Mary","Keith","Standing Desk"
"Mary","Isabella","Kitchen Blender, Kitchen Blender"
"Mary","Terry","Smart Watch"
"Mary","Jane","Mechanical Keyboard, Mechanical Keyboard"
"Mary","Wayne","4K Monitor, Toaster Oven"
"Mary","Amy","Gaming Mouse Pad, Gaming Mouse Pad"
"Mary","Ralph","Cable Organizer, Cable Organizer"
"Mary","Cynthia","Cable Organizer, Cable Organizer"
"Mary","Smith","Document Scanner"
"Mary","Johnson","4K Monitor, Bookshelf"
"Mary","Williams","Desk Mat, Electric Kettle"
"Mary","Brown","Document Scanner, Document Scanner, Laptop Sleeve"
"Mary","Jones","Wireless Mouse"
"Mary","Garcia","Portable Charger, Portable Charger, Coffee Maker"
"Mary","Miller","Keyboard Wrist Rest"
"Mary","Davis","Air Purifier, Air Purifier"
"Mary","Rodriguez","Water Bottle, Mechanical Keyboard, Mechanical Keyboard, Water Bottle"
"Mary","Martinez","Microphone, Gaming Keyboard, Gaming Keyboard"
"Mary","Hernandez","Document Scanner"
"Mary","Lopez","Bookshelf"
"Mary","Gonzalez","USB-C Hub, Wireless Presenter, Wireless Presenter, USB-C Hub"
"Mary","Wilson","4K Monitor, USB-C Hub"
"Mary","Anderson","Wireless Earbuds"
"Mary","Thomas","Laptop Sleeve"
"Mary","Taylor","Bluetooth Headphones, Bluetooth Headphones"
"Mary","Moore","Wireless Mouse"
"Mary","Jackson","Bluetooth Headphones, Bluetooth Headphones, Tablet Stand"
"Mary","Martin","Toaster Oven, Cable Organizer"
"Mary","Peter","Smartphone Case, Smartphone Case"
"Mary","Victoria","Standing Desk"
"Mary","Raymond","Smart Watch, Smart Watch"
"Mary","Julia","Mechanical Keyboard"
"Mary","Scott","Gaming Keyboard, Gaming Keyboard, Coffee Maker, Coffee Maker"
"Mary","Grace","Gaming Keyboard, Gaming Keyboard"
"Mary","Dennis","Noise Cancelling Headset, Gaming Mouse Pad, Gaming Mouse Pad"
"Mary","Evelyn","USB-C Hub"
"Mary","Gregory","Bluetooth Headphones, Bluetooth Headphones"
"Mary","Anna","Wireless Mouse"
"Mary","Walter","Standing Desk, Monitor Stand"
"Mary","Rose","Air Purifier"
"Mary","Patrick","Throw Pillows, Microphone"
"Mary","Judith","Wall Clock, Wall Clock, Bookshelf"
"Mary","Henry","Office Chair, Office Chair"
"Mary","Christina","4K Monitor, Wireless Mouse"
"Mary","Douglas","Keyboard Wrist Rest"
"Mary","Maria","Water Bottle"
"Mary","Harold","Gaming Mouse Pad"
"Mary","Nicole","Wireless Presenter, Wireless Presenter, Bluetooth Headphones, Bluetooth Headphones"
"Mary","Alexander","Rice Cooker, Phone Grip"
"Mary","Megan","File Cabinet"
"Mary","Samuel","Bookshelf"
"Mary","Dorothy","Smartphone Case, Screen Protector, Screen Protector"
"Mary","Frank","Storage Shelf"
"Mary","Sophia","Desk Mat, Desk Mat, Microphone"
"Mary","Lawrence","Electric Kettle, Kitchen Blender"
"Mary","Alice","Drawer Unit, Drawer Unit"
"Mary","Arthur","File Cabinet, Wireless Presenter, Wireless Presenter"
"Mary","Ruth","Air Purifier, 4K Monitor, 4K Monitor, Air Purifier"
"Mary","Philip","Bluetooth Headphones"
"Mary","Diana","Document Scanner, Document Scanner, Wireless Presenter"
"Mary","Roger","Desk Lamp, Desk Lamp"
"Mary","Natalie","Bluetooth Headphones, Bluetooth Headphones"
"Mary","Benjamin","Mechanical Keyboard"
"Mary","Virginia","Storage Shelf, Storage Shelf, Power Strip"
"Mary","Bruce","Computer Speakers"
"Mary","Madison","Gaming Keyboard"
"Mary","Adam","Wireless Earbuds"
"Mary","Abigail","Screen Protector, Bath Towels"
"Mary","Gerald","Wireless Mouse, Power Strip, Power Strip, Wireless Mouse"
"Mary","Lauren","File Cabinet"
"Mary","Keith","Water Bottle"
"Mary","Isabella","Gaming Keyboard"
"Mary","Terry","Monitor Stand"
"Mary","Jane","Wireless Earbuds, Portable Charger"
"Mary","Wayne","Document Scanner"
"Mary","Amy","Throw Pillows"
"Mary","Ralph","Bath Towels, Bath Towels, Laptop Sleeve"
"Mary","Cynthia","Laptop Stand, Laptop Stand"
"Mary","Smith","Bookshelf, Laptop Stand"
"Mary","Johnson","Laptop Sleeve, Laptop Sleeve"
"Mary","Williams","Storage Shelf, Storage Shelf"
"Mary","Brown","Phone Grip"
"Mary","Jones","WiFi Router"
"Mary","Garcia","Wireless Presenter, 4K Monitor, 4K Monitor"
"Mary","Miller","Gaming Keyboard, Kitchen Blender"
"Mary","Davis","Storage Containers, File Cabinet"
"Mary","Rodriguez","4K Monitor"
"Mary","Martinez","Cable Organizer"
"Mary","Hernandez","Bluetooth Headphones"
"Mary","Lopez","USB-C Hub, Storage Shelf"
"Mary","Gonzalez","Wireless Earbuds"
"Mary","Wilson","Power Strip, Document Scanner"
"Mary","Anderson","Kitchen Blender"
"Mary","Thomas","Tablet Stand, Noise Cancelling Headset, Noise Cancelling Headset"
"Mary","Taylor","WiFi Router, WiFi Router"
"Mary","Moore","Smart Watch, Smart Watch, Wireless Mouse"
"Mary","Jackson","Laptop Sleeve, Laptop Sleeve"
"Mary","Martin","Toaster Oven, Webcam HD"
"Mary","Peter","Smart Watch"
"Mary","Victoria","Wireless Earbuds, Electric Kettle, Electric Kettle"
"Mary","Raymond","Bookshelf, Gaming Mouse Pad"
"Mary","Julia","Document Scanner, USB-C Hub, Document Scanner"
"Mary","Scott","Wireless Charger, 4K Monitor, 4K Monitor"
"Mary","Grace","Tablet Stand, Tablet Stand, Electric Kettle"
"Mary","Dennis","Throw Pillows, External SSD"
"Mary","Evelyn","Desk Organizer, Smart Watch"
"Mary","Gregory","4K Monitor, Tablet Stand"
"Mary","Anna","Webcam HD, 4K Monitor, Webcam HD"
"Mary","Walter","Office Chair, Office Chair"
"Mary","Rose","WiFi Router, 4K Monitor"
"Mary","Patrick","Monitor Stand, Air Purifier"
"Mary","Judith","Smart Watch, Smart Watch, Laptop Stand, Laptop Stand"
"Mary","Henry","Bookshelf"
"Mary","Christina","Kitchen Blender"
"Mary","Douglas","Monitor Stand, Phone Grip, Monitor Stand"
"Mary","Maria","Rice Cooker, Rice Cooker, Food Processor"
"Mary","Harold","Keyboard Wrist Rest, Wall Clock, Wall Clock"
"Mary","Nicole","Gaming Keyboard, Gaming Keyboard"
"Mary","Alexander","Computer Speakers, Coffee Maker"
"Mary","Megan","Rice Cooker"
"Mary","Samuel","Noise Cancelling Headset, Throw Pillows"
"Mary","Dorothy","Food Processor"
"Mary","Frank","Mechanical Keyboard, Office Chair"
"Mary","Sophia","Storage Shelf"
"Mary","Lawrence","Laptop Stand"
"Mary","Alice","WiFi Router, External SSD"
"Mary","Arthur","Air Purifier, Bookshelf, Air Purifier"
"Mary","Ruth","USB-C Hub, USB-C Hub"
"Mary","Philip","Microphone, Microphone, Office Chair, Office Chair"
"Mary","Diana","Wireless Charger"
"Mary","Roger","Keyboard Wrist Rest"
"Mary","Natalie","Office Chair"
"Mary","Benjamin","WiFi Router, Bookshelf"
"Mary","Virginia","Storage Shelf, Wireless Earbuds, Wireless Earbuds"
"Mary","Bruce","4K Monitor, Bath Towels, 4K Monitor"
"Mary","Madison","Computer Speakers"
"Mary","Adam","Bluetooth Headphones, Gaming Mouse Pad, Gaming Mouse Pad"
"Mary","Abigail","Mechanical Keyboard, Mechanical Keyboard"
"Mary","Gerald","Monitor Stand, Smart Watch"
"Mary","Lauren","Bluetooth Headphones, Water Bottle, Bluetooth Headphones"
"Mary","Keith","File Cabinet, Water Bottle, File Cabinet"
"Mary","Isabella","Drawer Unit"
"Mary","Terry","Microphone"
"Mary","Jane","Bath Towels"
"Mary","Wayne","Screen Protector, Coffee Maker"
"Mary","Amy","Bookshelf, Portable Charger"
"Mary","Ralph","Kitchen Blender, Kitchen Blender"
"Mary","Cynthia","External SSD, External SSD"
"Mary","Smith","Wireless Mouse"
"Mary","Johnson","Microphone, Microphone"
"Mary","Williams","Mechanical Keyboard"
"Mary","Brown","Drawer Unit, Kitchen Blender, Kitchen Blender, Drawer Unit"
"Mary","Jones","Desk Organizer, Keyboard Wrist Rest, Desk Organizer"
"Mary","Garcia","Rice Cooker, External SSD, Rice Cooker"
"Mary","Miller","External SSD"
"Mary","Davis","Rice Cooker, WiFi Router"
"Mary","Rodriguez","Desk Organizer"
"Mary","Martinez","Electric Kettle, Smartphone Case"
"Mary","Hernandez","Gaming Keyboard, Document Scanner"
"Mary","Lopez","Drawer Unit"
"Mary","Gonzalez","Kitchen Blender, Kitchen Blender"
"Mary","Wilson","External SSD, Cable Organizer, External SSD"
"Mary","Anderson","Water Bottle, Water Bottle, File Cabinet, File Cabinet"
"Mary","Thomas","Wireless Presenter, Storage Shelf, Storage Shelf"
"Mary","Taylor","Electric Kettle, Electric Kettle"
"Mary","Moore","Webcam HD"
"Mary","Jackson","Rice Cooker"
"Mary","Martin","Wireless Earbuds"
"Mary","Peter","Microphone, Storage Containers, Microphone"
"Mary","Victoria","Electric Kettle"
"Mary","Raymond","WiFi Router, WiFi Router, Water Bottle"
"Mary","Julia","Air Purifier, Desk Organizer"
"Mary","Scott","Cable Organizer, Computer Speakers, Cable Organizer"
"Mary","Grace","Wireless Charger, Wireless Charger"
"Mary","Dennis","Gaming Keyboard, Wall Clock"
"Mary","Evelyn","WiFi Router"
"Mary","Gregory","Wireless Presenter"
"Mary","Anna","Smart Watch, Smart Watch, Cable Organizer"
"Mary","Walter","Mechanical Keyboard, Bath Towels, Bath Towels"
"Mary","Rose","Wireless Earbuds, Cable Organizer, Wireless Earbuds"
"Mary","Patrick","Storage Shelf"
"Mary","Judith","Wireless Presenter, WiFi Router"
"Mary","Henry","Kitchen Blender, Wall Clock"
"Mary","Christina","Desk Lamp"
"Mary","Douglas","Laptop Stand, Drawer Unit"
"Mary","Maria","Desk Organizer, Computer Speakers, Desk Organizer"
"Mary","Harold","Electric Kettle, External SSD"
"Mary","Nicole","Laptop Stand, Keyboard Wrist Rest, Keyboard Wrist Rest, Laptop Stand"
"Mary","Alexander","Laptop Sleeve"
"Mary","Megan","Wireless Mouse"
"Mary","Samuel","Bluetooth Headphones, Air Purifier, Bluetooth Headphones"
"Mary","Dorothy","Microphone"
"Mary","Frank","Document Scanner, Document Scanner"
"Mary","Sophia","Tablet Stand"
"Mary","Lawrence","Wireless Mouse, Wireless Mouse"
"Mary","Alice","Desk Mat, Screen Protector, Screen Protector"
"Mary","Arthur","Gaming Keyboard"
"Mary","Ruth","Water Bottle"
"Mary","Philip","Screen Protector, Water Bottle, Water Bottle"
"Mary","Diana","Wireless Charger, Wireless Charger"
"Mary","Roger","Gaming Keyboard, Portable Charger, Gaming Keyboard"
"Mary","Natalie","Food Processor"
"Mary","Benjamin","USB-C Hub, Cable Organizer, Cable Organizer"
"Mary","Virginia","WiFi Router, WiFi Router, Throw Pillows"
"Mary","Bruce","Wireless Mouse, Drawer Unit"
"Mary","Madison","Webcam HD, Webcam HD, WiFi Router, WiFi Router"
"Mary","Adam","Storage Shelf"
"Mary","Abigail","Wireless Charger"
"Mary","Gerald","Rice Cooker, Rice Cooker, Smart Watch"
"Mary","Lauren","Coffee Maker, Water Bottle"
"Mary","Keith","Bath Towels, Noise Cancelling Headset, Bath Towels"
"Mary","Isabella","Cable Organizer, Cable Organizer"
"Mary","Terry","Mechanical Keyboard, Mechanical Keyboard, Standing Desk"
"Mary","Jane","Water Bottle"
"Mary","Wayne","Toaster Oven, Toaster Oven, Laptop Stand"
"Mary","Amy","Desk Lamp"
"Mary","Ralph","Desk Mat, Desk Mat"
"Mary","Cynthia","Storage Shelf"
"Mary","Smith","Toaster Oven, External SSD"
"Mary","Johnson","Bookshelf, Bookshelf, WiFi Router"
"Mary","Williams","WiFi Router"
"Mary","Brown","Microphone, Microphone, Bookshelf"
"Mary","Jones","Food Processor"
"Mary","Garcia","Desk Mat"
"Mary","Miller","Webcam HD"
"Mary","Davis","Wireless Presenter, Toaster Oven, Toaster Oven, Wireless Presenter"
"Mary","Rodriguez","Mechanical Keyboard, Mechanical Keyboard, Storage Shelf"
"Mary","Martinez","Rice Cooker, Gaming Keyboard"
"Mary","Hernandez","Wireless Charger, Wireless Charger"
"Mary","Lopez","Phone Grip, Wireless Earbuds"
"Mary","Gonzalez","Screen Protector"
"Mary","Wilson","Mechanical Keyboard, 4K Monitor, 4K Monitor"
"Mary","Anderson","Bath Towels"
"Mary","Thomas","Smart Watch, Storage Containers, Smart Watch"
"Mary","Taylor","Cable Organizer, Cable Organizer"
"Mary","Moore","Storage Containers, Noise Cancelling Headset"
"Mary","Jackson","Keyboard Wrist Rest, Desk Lamp, Keyboard Wrist Rest, Desk Lamp"
"Mary","Martin","Coffee Maker, Phone Grip"
"Mary","Peter","Microphone"
"Mary","Victoria","Storage Containers, Bookshelf, Storage Containers"
"Mary","Raymond","Storage Shelf, Phone Grip, Storage Shelf"
"Mary","Julia","Smart Watch"
"Mary","Scott","4K Monitor, Microphone"
"Mary","Grace","Laptop Sleeve, Rice Cooker, Laptop Sleeve, Rice Cooker"
"Mary","Dennis","Tablet Stand, Tablet Stand, Drawer Unit"
"Mary","Evelyn","Microphone, Throw Pillows, Microphone"
"Mary","Gregory","Air Purifier"
"Mary","Anna","Smart Watch, Computer Speakers, Computer Speakers, Smart Watch"
"Mary","Walter","Webcam HD, Bluetooth Headphones, Bluetooth Headphones, Webcam HD"
"Mary","Rose","Storage Shelf, Noise Cancelling Headset"
"Mary","Patrick","Toaster Oven, Toaster Oven"
"Mary","Judith","Laptop Sleeve, Desk Organizer, Desk Organizer"
"Mary","Henry","Standing Desk, Standing Desk"
"Mary","Christina","Water Bottle"
"Mary","Douglas","Desk Lamp, Desk Lamp, Air Purifier"
"Mary","Maria","File Cabinet, File Cabinet, Laptop Sleeve"
"Mary","Harold","Storage Shelf, Wall Clock, Wall Clock"
"Mary","Nicole","Bookshelf, Keyboard Wrist Rest"
"Mary","Alexander","Wireless Charger"
"Mary","Megan","Kitchen Blender, Keyboard Wrist Rest"
"Mary","Samuel","Webcam HD, 4K Monitor"
"Mary","Dorothy","Laptop Sleeve, Screen Protector, Laptop Sleeve"
"Mary","Frank","Kitchen Blender, Toaster Oven"
"Mary","Sophia","Air Purifier, Laptop Sleeve"
"Mary","Lawrence","Smart Watch, Phone Grip"
"Mary","Alice","Mechanical Keyboard, Tablet Stand, Tablet Stand"
"Mary","Arthur","Electric Kettle, Document Scanner"
"Mary","Ruth","Kitchen Blender, Kitchen Blender"
"Mary","Philip","Gaming Keyboard, Keyboard Wrist Rest"
"Mary","Diana","Office Chair, Office Chair, Desk Lamp"
"Mary","Roger","External SSD"
"Mary","Natalie","Smart Watch, Keyboard Wrist Rest"
"Mary","Benjamin","Wireless Presenter, Storage Shelf, Storage Shelf, Wireless Presenter"
"Mary","Virginia","Storage Shelf, Wireless Charger, Wireless Charger, Storage Shelf"
"Mary","Bruce","Laptop Stand, Laptop Stand, Laptop Sleeve"
"Mary","Madison","Monitor Stand, Monitor Stand"
"Mary","Adam","Wireless Presenter"
"Mary","Abigail","Throw Pillows"
"Mary","Gerald","Bath Towels, Wireless Earbuds"
"Mary","Lauren","Noise Cancelling Headset, Wireless Mouse, Noise Cancelling Headset"
"Mary","Keith","4K Monitor, 4K Monitor"
"Mary","Isabella","Screen Protector, Drawer Unit"
"Mary","Terry","Power Strip, Power Strip"
"Mary","Jane","Webcam HD, Wireless Charger, Wireless Charger"
"Mary","Wayne","External SSD, Smart Watch"
"Mary","Amy","4K Monitor, Tablet Stand"
"Mary","Ralph","Power Strip, Storage Containers"
"Mary","Cynthia","Bookshelf"
"Mary","Smith","Mechanical Keyboard, Laptop Stand"
"Mary","Johnson","Monitor Stand"
"Mary","Williams","Kitchen Blender"
"Mary","Brown","Electric Kettle, USB-C Hub"
"Mary","Jones","Portable Charger"
"Mary","Garcia","File Cabinet, File Cabinet"
"Mary","Miller","Throw Pillows, Throw Pillows"
"Mary","Davis","Mechanical Keyboard, Mechanical Keyboard, Food Processor"
"Mary","Rodriguez","Bookshelf"
"Mary","Martinez","File Cabinet, Power Strip"
"Mary","Hernandez","Desk Organizer"
"Mary","Lopez","Food Processor, Webcam HD"
"Mary","Gonzalez","Wireless Mouse"
"Mary","Wilson","Phone Grip, Electric Kettle"
"Mary","Anderson","Mechanical Keyboard, Wireless Presenter, Mechanical Keyboard"
"Mary","Thomas","Storage Shelf, Storage Shelf"
"Mary","Taylor","Keyboard Wrist Rest"
"Mary","Moore","Gaming Mouse Pad, Wall Clock, Gaming Mouse Pad"
"Mary","Jackson","Standing Desk"
"Mary","Martin","Toaster Oven"
"Mary","Peter","Bookshelf"
"Mary","Victoria","Toaster Oven"
"Mary","Raymond","Kitchen Blender, Tablet Stand, Tablet Stand"
"Mary","Julia","Wireless Earbuds, Wireless Earbuds"
"Mary","Scott","Smartphone Case, Smartphone Case"
"Mary","Grace","Kitchen Blender, Kitchen Blender"
"Mary","Dennis","Kitchen Blender, Wireless Earbuds"
"Mary","Evelyn","Wireless Mouse, Wireless Mouse"
"Mary","Gregory","Bath Towels, Water Bottle, Water Bottle, Bath Towels"
"Mary","Anna","4K Monitor, 4K Monitor"
"Mary","Walter","Webcam HD, Laptop Sleeve"
"Mary","Rose","Cable Organizer"
"Mary","Patrick","External SSD"
"Mary","Judith","Mechanical Keyboard, Mechanical Keyboard"
"Mary","Henry","Cable Organizer, Standing Desk, Standing Desk"
"Mary","Christina","Drawer Unit, Keyboard Wrist Rest, Keyboard Wrist Rest"
"Mary","Douglas","Throw Pillows, Monitor Stand"
"Mary","Maria","Laptop Sleeve, Smartphone Case, Laptop Sleeve, Smartphone Case"
"Mary","Harold","Portable Charger, Power Strip, Portable Charger"
"Mary","Nicole","Keyboard Wrist Rest"
"Mary","Alexander","Rice Cooker, Rice Cooker"
"Mary","Megan","Electric Kettle, Wall Clock"
"Mary","Samuel","Laptop Sleeve, Laptop Sleeve"
"Mary","Dorothy","Standing Desk, Power Strip"
"Mary","Frank","Storage Shelf, Storage Shelf"
"Mary","Sophia","Keyboard Wrist Rest"
"Mary","Lawrence","Desk Lamp, Desk Lamp"
"Mary","Alice","Smart Watch"
"Mary","Arthur","Smartphone Case"
"Mary","Ruth","4K Monitor, Screen Protector"
"Mary","Philip","Bath Towels, Bluetooth Headphones, Bluetooth Headphones"
"Mary","Diana","Document Scanner, Document Scanner, Air Purifier, Air Purifier"
"Mary","Roger","Microphone, Webcam HD, Microphone"
"Mary","Natalie","Rice Cooker, Wall Clock, Rice Cooker"
"Mary","Benjamin","Desk Lamp"
"Mary","Virginia","Water Bottle, Smart Watch"
"Mary","Bruce","Drawer Unit, Throw Pillows"
"Mary","Madison","Smartphone Case"
"Mary","Adam","USB-C Hub, Bookshelf"
"Mary","Abigail","Kitchen Blender, Kitchen Blender"
"Mary","Gerald","USB-C Hub, 4K Monitor"
"Mary","Lauren","Rice Cooker, Food Processor"
"Mary","Keith","Webcam HD, Bluetooth Headphones"
"Mary","Isabella","WiFi Router"
"Mary","Terry","Gaming Mouse Pad, Air Purifier"
"Mary","Jane","Standing Desk, Phone Grip, Standing Desk"
"Mary","Wayne","Gaming Keyboard, Gaming Keyboard"
"Mary","Amy","Gaming Keyboard, Gaming Keyboard"
"Mary","Ralph","Gaming Keyboard, Desk Mat"
"Mary","Cynthia","Coffee Maker"
"Mary","Smith","Document Scanner, Gaming Mouse Pad, Document Scanner"
"Mary","Johnson","Cable Organizer"
"Mary","Williams","Smart Watch, Desk Mat"
"Mary","Brown","Portable Charger, Microphone, Portable Charger, Microphone"
"Mary","Jones","Keyboard Wrist Rest, Desk Organizer"
"Mary","Garcia","Desk Mat, Webcam HD"
"Mary","Miller","Water Bottle"
"Mary","Davis","Computer Speakers"
"Mary","Rodriguez","Food Processor"
"Mary","Martinez","Storage Containers, Throw Pillows"
"Mary","Hernandez","Webcam HD, Wireless Presenter"
"Mary","Lopez","External SSD, 4K Monitor"
"Mary","Gonzalez","Storage Shelf, Gaming Keyboard"
"Mary","Wilson","Microphone, WiFi Router"
"Mary","Anderson","Laptop Stand, Laptop Stand"
"Mary","Thomas","Throw Pillows, Throw Pillows, Bookshelf"
"Mary","Taylor","Wireless Presenter, Wireless Presenter, Office Chair"
"Mary","Moore","Office Chair, Office Chair"
"Mary","Jackson","Smart Watch, Smart Watch"
"Mary","Martin","Coffee Maker, Coffee Maker"
"Mary","Peter","Document Scanner, Electric Kettle, Document Scanner"
"Mary","Victoria","WiFi Router"
"Mary","Raymond","Office Chair"
"Mary","Julia","Bookshelf"
"Mary","Scott","Screen Protector, Screen Protector"
"Mary","Grace","Gaming Mouse Pad"
"Mary","Dennis","Toaster Oven"
"Mary","Evelyn","Rice Cooker"
"Mary","Gregory","Throw Pillows, Drawer Unit"
"Mary","Anna","USB-C Hub, Air Purifier, USB-C Hub, Air Purifier"
"Mary","Walter","Bluetooth Headphones"
"Mary","Rose","Laptop Sleeve, Laptop Sleeve, Kitchen Blender"
"Mary","Patrick","Monitor Stand"
"Mary","Judith","External SSD, External SSD, Cable Organizer, Cable Organizer"
"Mary","Henry","Screen Protector, Screen Protector"
"Mary","Christina","Webcam HD, Webcam HD"
"Mary","Douglas","Mechanical Keyboard, Rice Cooker, Mechanical Keyboard"
"Mary","Maria","Wall Clock"
"Mary","Harold","Wireless Charger, Smartphone Case"
"Mary","Nicole","Gaming Mouse Pad, Wireless Mouse, Gaming Mouse Pad"
"Mary","Alexander","Laptop Sleeve, Laptop Sleeve, Food Processor"
"Mary","Megan","4K Monitor, Wall Clock"
"Mary","Samuel","Keyboard Wrist Rest"
"Mary","Dorothy","Smartphone Case"
"Mary","Frank","Food Processor, Food Processor, Bluetooth Headphones"
"Mary","Sophia","Wireless Earbuds"
"Mary","Lawrence","Power Strip, Phone Grip, Power Strip"
"Mary","Alice","Air Purifier, Laptop Sleeve, Laptop Sleeve"
"Mary","Arthur","Noise Cancelling Headset, Coffee Maker"
"Mary","Ruth","Water Bottle, Water Bottle"
"Mary","Philip","Storage Containers, Desk Lamp, Storage Containers"
"Mary","Diana","Monitor Stand"
"Mary","Roger","Coffee Maker, Monitor Stand"
"Mary","Natalie","Coffee Maker"
"Mary","Benjamin","Keyboard Wrist Rest, Microphone"
"Mary","Virginia","Screen Protector"
"Mary","Bruce","4K Monitor, Bath Towels"
"Mary","Madison","Drawer Unit, Drawer Unit"
"Mary","Adam","Webcam HD, Wireless Mouse"
"Mary","Abigail","WiFi Router, WiFi Router"
"Mary","Gerald","External SSD"
"Mary","Lauren","4K Monitor"
"Mary","Keith","Bluetooth Headphones, Bluetooth Headphones, Gaming Keyboard, Gaming Keyboard"
"Mary","Isabella","Cable Organizer, Storage Shelf, Storage Shelf"
"Mary","Terry","Coffee Maker, Mechanical Keyboard, Coffee Maker"
"Mary","Jane","Tablet Stand, Laptop Sleeve"
"Mary","Wayne","Mechanical Keyboard, Tablet Stand, Mechanical Keyboard"
"Mary","Amy","Noise Cancelling Headset, Storage Shelf"
"Mary","Ralph","Gaming Keyboard, Gaming Mouse Pad"
"Mary","Cynthia","Noise Cancelling Headset, Storage Shelf, Noise Cancelling Headset"
"Mary","Smith","Smartphone Case, Mechanical Keyboard"
"Mary","Johnson","Standing Desk, Standing Desk, Storage Containers"
"Mary","Williams","Portable Charger, Kitchen Blender, Kitchen Blender"
"Mary","Brown","Tablet Stand, Power Strip"
"Mary","Jones","Wireless Mouse, Phone Grip, Phone Grip"
"Mary","Garcia","Storage Shelf, Storage Shelf, Office Chair"
"Mary","Miller","Desk Organizer, Microphone, Microphone, Desk Organizer"
"Mary","Davis","Smart Watch, Smart Watch, Smartphone Case"
"Mary","Rodriguez","Water Bottle, USB-C Hub"
"Mary","Martinez","Food Processor, Food Processor, Drawer Unit"
"Mary","Hernandez","Storage Containers, Computer Speakers"
"Mary","Lopez","Toaster Oven"
"Mary","Gonzalez","Office Chair, Power Strip, Office Chair"
"Mary","Wilson","Electric Kettle, Bluetooth Headphones"
"Mary","Anderson","Noise Cancelling Headset"
"Mary","Thomas","USB-C Hub, USB-C Hub"
"Mary","Taylor","Computer Speakers, Computer Speakers"
"Mary","Moore","Kitchen Blender, Kitchen Blender, Wireless Mouse, Wireless Mouse"
"Mary","Jackson","Power Strip"
"Mary","Martin","Bluetooth Headphones, Bluetooth Headphones"
"Mary","Peter","Water Bottle"
"Mary","Victoria","Keyboard Wrist Rest, Keyboard Wrist Rest"
"Mary","Raymond","WiFi Router, WiFi Router"
"Mary","Julia","Power Strip"
"Mary","Scott","Power Strip"
"Mary","Grace","Laptop Sleeve, Kitchen Blender, Laptop Sleeve, Kitchen Blender"
"Mary","Dennis","Electric Kettle"
"Mary","Evelyn","Cable Organizer, Phone Grip, Phone Grip"
"Mary","Gregory","Power Strip"
"Mary","Anna","Throw Pillows"
"Mary","Walter","Microphone, Screen Protector"
"Mary","Rose","Office Chair"
"Mary","Patrick","Air Purifier, Air Purifier, Portable Charger"
"Mary","Judith","Kitchen Blender"
"Mary","Henry","Gaming Keyboard, Gaming Keyboard, Desk Organizer"
"Mary","Christina","Air Purifier, Power Strip"
"Mary","Douglas","Laptop Stand"
"Mary","Maria","Power Strip, Bath Towels"
"Mary","Harold","Throw Pillows, Throw Pillows"
"Mary","Nicole","Coffee Maker"
"Mary","Alexander","Wireless Charger, Keyboard Wrist Rest, Wireless Charger"
"Mary","Megan","Keyboard Wrist Rest"
"Mary","Samuel","Standing Desk, Screen Protector"
"Mary","Dorothy","Toaster Oven, File Cabinet, File Cabinet, Toaster Oven"
"Mary","Frank","Food Processor, Keyboard Wrist Rest, Keyboard Wrist Rest"
"Mary","Sophia","Bath Towels, Smart Watch"
"Mary","Lawrence","Keyboard Wrist Rest, Keyboard Wrist Rest"
"Mary","Alice","Cable Organizer, Gaming Mouse Pad, Cable Organizer"
"Mary","Arthur","External SSD, Noise Cancelling Headset"
"Mary","Ruth","Office Chair"
"Mary","Philip","Bluetooth Headphones, Mechanical Keyboard"
"Mary","Diana","Wireless Presenter"
"Mary","Roger","Portable Charger"
"Mary","Natalie","Phone Grip"
"Mary","Benjamin","Gaming Mouse Pad"
"Mary","Virginia","Wireless Charger"
"Mary","Bruce","Wireless Presenter, Laptop Sleeve"
"Mary","Madison","WiFi Router, WiFi Router"
"Mary","Adam","External SSD, Standing Desk, Standing Desk"
"Mary","Abigail","Tablet Stand"
"Mary","Gerald","Desk Mat, Desk Mat"
"Mary","Lauren","File Cabinet, File Cabinet"
"Mary","Keith","Phone Grip"
"Mary","Isabella","4K Monitor, Wireless Mouse, 4K Monitor"
"Mary","Terry","Document Scanner, Screen Protector"
"Mary","Jane","Bookshelf"
"Mary","Wayne","Storage Containers, Storage Containers, Keyboard Wrist Rest, Keyboard Wrist Rest"
"Mary","Amy","Screen Protector, Wireless Charger, Wireless Charger"
"Mary","Ralph","Mechanical Keyboard, Drawer Unit, Mechanical Keyboard, Drawer Unit"
"Mary","Cynthia","Wireless Charger"
"Mary","Smith","Wireless Earbuds"
"Mary","Johnson","4K Monitor"
"Mary","Williams","Electric Kettle, Laptop Stand, Laptop Stand"
"Mary","Brown","Webcam HD"
"Mary","Jones","Laptop Stand, Cable Organizer, Cable Organizer"
"Mary","Garcia","Keyboard Wrist Rest, Bookshelf"
"Mary","Miller","Desk Mat"
"Mary","Davis","Smartphone Case"
"Mary","Rodriguez","Air Purifier, Kitchen Blender, Air Purifier"
"Mary","Martinez","WiFi Router, Smartphone Case, WiFi Router"
"Mary","Hernandez","USB-C Hub, USB-C Hub, Cable Organizer"
"Mary","Lopez","Gaming Keyboard, Gaming Keyboard"
"Mary","Gonzalez","Monitor Stand, Monitor Stand"
"Mary","Wilson","Bookshelf"
"Mary","Anderson","Storage Shelf"
"Mary","Thomas","Desk Organizer, Desk Organizer"
"Mary","Taylor","Desk Organizer, Throw Pillows, Throw Pillows"
"Mary","Moore","Air Purifier, Wireless Charger"
"Mary","Jackson","Computer Speakers, Computer Speakers, Wall Clock"
"Mary","Martin","Laptop Sleeve"
"Mary","Peter","Wall Clock, Wall Clock, Wall Clock"
"Mary","Victoria","Document Scanner"
"Mary","Raymond","Power Strip, Power Strip, Food Processor"
"Mary","Julia","Wireless Presenter, Storage Containers"
"Mary","Scott","Portable Charger, File Cabinet, File Cabinet, Portable Charger"
"Mary","Grace","Webcam HD, Webcam HD"
"Mary","Dennis","Desk Mat, Desk Mat"
"Mary","Evelyn","WiFi Router, Power Strip, Power Strip"
"Mary","Gregory","Coffee Maker, Coffee Maker"
"Mary","Anna","Office Chair, Office Chair"
"Mary","Walter","Mechanical Keyboard, Computer Speakers"
"Mary","Rose","Wireless Earbuds"
"Mary","Patrick","Bluetooth Headphones, Drawer Unit, Drawer Unit"
"Mary","Judith","Laptop Sleeve, Laptop Sleeve"
"Mary","Henry","Cable Organizer"
"Mary","Christina","4K Monitor, Bluetooth Headphones, Bluetooth Headphones"
"Mary","Douglas","Webcam HD, Webcam HD"
"Mary","Maria","Office Chair, Power Strip"
"Mary","Harold","Bookshelf, Wireless Earbuds"
"Mary","Nicole","Power Strip, Power Strip, USB-C Hub"
"Mary","Alexander","Wireless Charger"
"Mary","Megan","Wireless Presenter, Wireless Presenter, Gaming Keyboard"
"Mary","Samuel","Storage Containers"
"Mary","Dorothy","Air Purifier, Computer Speakers"
"Mary","Frank","Office Chair"
"Mary","Sophia","Electric Kettle, 4K Monitor"
"Mary","Lawrence","Power Strip, Mechanical Keyboard, Mechanical Keyboard, Power Strip"
"Mary","Alice","Cable Organizer, Phone Grip, Cable Organizer"
"Mary","Arthur","USB-C Hub, USB-C Hub"
"Mary","Ruth","Bookshelf"
"Mary","Philip","Screen Protector, Drawer Unit"
"Mary","Diana","Phone Grip"
"Mary","Roger","4K Monitor"
"Mary","Natalie","Webcam HD, Webcam HD, Air Purifier"
"Mary","Benjamin","Tablet Stand"
"Mary","Virginia","Storage Containers, Storage Containers, Computer Speakers"
"Mary","Bruce","Smartphone Case, Smartphone Case"
"Mary","Madison","Monitor Stand, Bath Towels, Monitor Stand"
"Mary","Adam","Air Purifier, Gaming Keyboard"
"Mary","Abigail","Desk Mat, Desk Mat"
"Mary","Gerald","Wireless Presenter"
"Mary","Lauren","Drawer Unit"
"Mary","Keith","Webcam HD, External SSD, External SSD"
"Mary","Isabella","4K Monitor, 4K Monitor"
"Mary","Terry","Desk Lamp, Webcam HD, Webcam HD, Desk Lamp"
"Mary","Jane","Desk Lamp, Portable Charger, Desk Lamp"
"Mary","Wayne","Bluetooth Headphones"
"Mary","Amy","Gaming Keyboard"
"Mary","Ralph","Water Bottle, Water Bottle, Screen Protector"
"Mary","Cynthia","File Cabinet"
"Mary","Smith","Wireless Charger"
"Mary","Johnson","Wireless Charger, Standing Desk"
"Mary","Williams","USB-C Hub, USB-C Hub"
"Mary","Brown","Toaster Oven, Rice Cooker, Rice Cooker"
"Mary","Jones","Webcam HD, Webcam HD"
"Mary","Garcia","Noise Cancelling Headset, Phone Grip"
"Mary","Miller","Bluetooth Headphones, Bluetooth Headphones"
"Mary","Davis","Power Strip, Tablet Stand"
"Mary","Rodriguez","Power Strip, Rice Cooker"
"Mary","Martinez","Laptop Sleeve, Coffee Maker, Coffee Maker"
"Mary","Hernandez","Electric Kettle, Electric Kettle, WiFi Router"
"Mary","Lopez","Gaming Mouse Pad, Laptop Sleeve, Gaming Mouse Pad"
"Mary","Gonzalez","4K Monitor, 4K Monitor"
"Mary","Wilson","External SSD"
"Mary","Anderson","Smart Watch"
"Mary","Thomas","File Cabinet, 4K Monitor, File Cabinet, 4K Monitor"
"Mary","Taylor","Standing Desk"
"Mary","Moore","Drawer Unit, WiFi Router, WiFi Router"
"Mary","Jackson","Electric Kettle"
"Mary","Martin","Microphone"
"Mary","Peter","Microphone"
"Mary","Victoria","Laptop Stand"
"Mary","Raymond","Mechanical Keyboard, Tablet Stand, Mechanical Keyboard"
"Mary","Julia","Bath Towels, Tablet Stand"
"Mary","Scott","Desk Mat"
"Mary","Grace","Laptop Stand"
"Mary","Dennis","Wireless Presenter, Wireless Presenter"
"Mary","Evelyn","Desk Mat, WiFi Router"
"Mary","Gregory","Laptop Stand, External SSD, Laptop Stand"
"Mary","Anna","Webcam HD, Webcam HD"
"Mary","Walter","Coffee Maker"
"Mary","Rose","Webcam HD"
"Mary","Patrick","USB-C Hub, USB-C Hub"
"Mary","Judith","Storage Containers, Coffee Maker"
"Mary","Henry","File Cabinet, File Cabinet"
"Mary","Christina","Wireless Presenter, Wireless Presenter"
"Mary","Douglas","Wireless Charger, Wireless Charger, Power Strip, Power Strip"
"Mary","Maria","Rice Cooker, Wireless Mouse, Wireless Mouse"
"Mary","Harold","Bookshelf"
"Mary","Nicole","Drawer Unit"
"Mary","Alexander","Wall Clock, Wall Clock"
"Mary","Megan","Noise Cancelling Headset, Noise Cancelling Headset"
"Mary","Samuel","Desk Organizer"
"Mary","Dorothy","Desk Organizer"
"Mary","Frank","Noise Cancelling Headset, Wireless Mouse"
"Mary","Sophia","Standing Desk, Food Processor, Food Processor"
"Mary","Lawrence","External SSD, Rice Cooker"
"Mary","Alice","Water Bottle"
"Mary","Arthur","Keyboard Wrist Rest"
"Mary","Ruth","Electric Kettle, Electric Kettle, Wireless Presenter"
"Mary","Philip","Smartphone Case, Gaming Keyboard, Gaming Keyboard"
"Mary","Diana","Noise Cancelling Headset"
"Mary","Roger","Wall Clock"
"Mary","Natalie","External SSD"
"Mary","Benjamin","External SSD"
"Mary","Virginia","Storage Shelf, Storage Shelf"
"Mary","Bruce","Gaming Keyboard, Laptop Stand, Laptop Stand"
"Mary","Madison","Air Purifier, Toaster Oven"
"Mary","Adam","File Cabinet"
"Mary","Abigail","Monitor Stand, Monitor Stand"
"Mary","Gerald","Air Purifier"
"Mary","Lauren","Coffee Maker"
"Mary","Keith","Bookshelf"
"Mary","Isabella","Desk Mat, Tablet Stand, Desk Mat"
"Mary","Terry","Smartphone Case, Smartphone Case, Phone Grip"
"Mary","Jane","Portable Charger, Storage Shelf, Portable Charger"
"Mary","Wayne","Portable Charger, Portable Charger, Wall Clock"
"Mary","Amy","Bath Towels, Bath Towels"
"Mary","Ralph","Electric Kettle, Power Strip, Electric Kettle, Power Strip"
"Mary","Cynthia","Rice Cooker, Rice Cooker"
"Mary","Smith","External SSD, Monitor Stand, External SSD"
"Mary","Johnson","Wall Clock, Portable Charger, Portable Charger, Wall Clock"
"Mary","Williams","Bath Towels, Computer Speakers"
"Mary","Brown","WiFi Router, Gaming Mouse Pad, WiFi Router"
"Mary","Jones","Gaming Keyboard, Bookshelf"
"Mary","Garcia","Smartphone Case"
"Mary","Miller","Water Bottle, Wireless Presenter"
"Mary","Davis","Smart Watch, Computer Speakers"
"Mary","Rodriguez","Food Processor"
"Mary","Martinez","4K Monitor, Wall Clock, 4K Monitor"
"Mary","Hernandez","Throw Pillows, Throw Pillows"
"Mary","Lopez","Mechanical Keyboard, Mechanical Keyboard"
"Mary","Gonzalez","Power Strip, Laptop Sleeve, Laptop Sleeve, Power Strip"
"Mary","Wilson","Throw Pillows, Throw Pillows, Air Purifier"
"Mary","Anderson","Phone Grip"
"Mary","Thomas","Laptop Sleeve"
"Mary","Taylor","Water Bottle, Water Bottle, Water Bottle"
"Mary","Moore","Wireless Charger"
"Mary","Jackson","Storage Containers, Storage Containers, Gaming Mouse Pad"
"Mary","Martin","Power Strip, Power Strip"
"Mary","Peter","Water Bottle"
"Mary","Victoria","4K Monitor, Noise Cancelling Headset"
"Mary","Raymond","Tablet Stand, Tablet Stand, Bath Towels"
"Mary","Julia","Drawer Unit"
"Mary","Scott","Desk Mat, Desk Mat"
"Mary","Grace","Power Strip, Power Strip, Food Processor"
"Mary","Dennis","Standing Desk, Rice Cooker"
"Mary","Evelyn","Water Bottle"
"Mary","Gregory","Kitchen Blender, Smartphone Case"
"Mary","Anna","Monitor Stand, Throw Pillows"
"Mary","Walter","Mechanical Keyboard, Power Strip, Power Strip"
"Mary","Rose","Wireless Earbuds"
"Mary","Patrick","Keyboard Wrist Rest"
"Mary","Judith","Desk Lamp, Desk Lamp"
"Mary","Henry","Laptop Stand, Desk Lamp, Desk Lamp"
"Mary","Christina","Rice Cooker, External SSD"
"Mary","Douglas","Tablet Stand, Cable Organizer, Cable Organizer"
"Mary","Maria","Gaming Mouse Pad, Gaming Mouse Pad"
"Mary","Harold","Storage Shelf, Laptop Sleeve, Storage Shelf"
"Mary","Nicole","Portable Charger, Document Scanner"
"Mary","Alexander","Document Scanner, Mechanical Keyboard"
"Mary","Megan","Drawer Unit, Wireless Earbuds"
"Mary","Samuel","Gaming Mouse Pad"
"Mary","Dorothy","Mechanical Keyboard, Office Chair"
"Mary","Frank","Electric Kettle, Electric Kettle"
"Mary","Sophia","Power Strip"
"Mary","Lawrence","Gaming Mouse Pad, Power Strip, Gaming Mouse Pad, Power Strip"
"Mary","Alice","Water Bottle, Air Purifier, Air Purifier"
"Mary","Arthur","Rice Cooker, Rice Cooker, Desk Organizer"
"Mary","Ruth","Throw Pillows"
"Mary","Philip","Office Chair"
"Mary","Diana","Kitchen Blender"
"Mary","Roger","Laptop Stand, Kitchen Blender"
"Mary","Natalie","Wall Clock"
"Mary","Benjamin","Monitor Stand, Standing Desk"
"Mary","Virginia","Monitor Stand"
"Mary","Bruce","Desk Lamp, Desk Lamp"
"Mary","Madison","Keyboard Wrist Rest"
"Mary","Adam","Wall Clock"
"Mary","Abigail","Drawer Unit, External SSD, Drawer Unit"
"Mary","Gerald","Bookshelf, Keyboard Wrist Rest, Keyboard Wrist Rest"
"Mary","Lauren","USB-C Hub, Coffee Maker, Coffee Maker"
"Mary","Keith","Kitchen Blender, Bath Towels"
"Mary","Isabella","Phone Grip, Bookshelf"
"Mary","Terry","File Cabinet, Cable Organizer, Cable Organizer"
"Mary","Jane","Microphone, Microphone, Electric Kettle"
"Mary","Wayne","Desk Mat"
"Mary","Amy","Webcam HD, Webcam HD, Wireless Charger, Wireless Charger"
"Mary","Ralph","Throw Pillows, Throw Pillows, Desk Organizer"
"Mary","Cynthia","Screen Protector, Phone Grip"
"Mary","Smith","Standing Desk, Standing Desk, Wireless Charger"
"Mary","Johnson","Phone Grip, File Cabinet, Phone Grip"
"Mary","Williams","Wireless Presenter"
"Mary","Brown","Electric Kettle, Toaster Oven, Electric Kettle"
"Mary","Jones","Smartphone Case, Smartphone Case, Standing Desk"
"Mary","Garcia","Mechanical Keyboard"
"Mary","Miller","File Cabinet, Bluetooth Headphones, File Cabinet, Bluetooth Headphones"
"Mary","Davis","Tablet Stand, Tablet Stand, Desk Lamp"
"Mary","Rodriguez","External SSD, Laptop Sleeve, External SSD"
"Mary","Martinez","Portable Charger, Wireless Presenter, Portable Charger"
"Mary","Hernandez","Wireless Mouse, Tablet Stand, Wireless Mouse"
"Mary","Lopez","File Cabinet, Rice Cooker"
"Mary","Gonzalez","Portable Charger"
"Mary","Wilson","Water Bottle, Water Bottle"
"Mary","Anderson","Electric Kettle, Water Bottle"
"Mary","Thomas","Wireless Presenter, Portable Charger, Wireless Presenter"
"Mary","Taylor","Bath Towels, Bath Towels, Throw Pillows"
"Mary","Moore","Computer Speakers"
"Mary","Jackson","Air Purifier"
"Mary","Martin","Office Chair, Laptop Sleeve, Laptop Sleeve"
"Mary","Peter","Wireless Mouse"
"Mary","Victoria","Kitchen Blender"
"Mary","Raymond","Wireless Earbuds"
"Mary","Julia","Storage Shelf"
"Mary","Scott","Laptop Sleeve, Laptop Sleeve"
"Mary","Grace","Mechanical Keyboard, Desk Mat"
"Mary","Dennis","Smartphone Case"
"Mary","Evelyn","Microphone, Microphone"
"Mary","Gregory","Electric Kettle, Webcam HD"
"Mary","Anna","Screen Protector, Standing Desk"
"Mary","Walter","Office Chair, Office Chair"
"Mary","Rose","Noise Cancelling Headset, Storage Containers"
"Mary","Patrick","Kitchen Blender, Kitchen Blender, Wireless Presenter"
"Mary","Judith","Electric Kettle, Mechanical Keyboard, Mechanical Keyboard"
"Mary","Henry","Standing Desk"
"Mary","Christina","Wall Clock"
"Mary","Douglas","USB-C Hub"
"Mary","Maria","USB-C Hub"
"Mary","Harold","Drawer Unit"
"Mary","Nicole","Standing Desk, Standing Desk"
"Mary","Alexander","Storage Containers, Standing Desk, Standing Desk"
"Mary","Megan","Desk Lamp, Document Scanner"
"Mary","Samuel","Toaster Oven"
"Mary","Dorothy","Desk Mat"
"Mary","Frank","Bath Towels, Electric Kettle"
"Mary","Sophia","Drawer Unit"
"Mary","Lawrence","Screen Protector, Screen Protector"
"Mary","Alice","USB-C Hub"
"Mary","Arthur","Smart Watch"
"Mary","Ruth","Rice Cooker, Rice Cooker"
"Mary","Philip","Microphone, Microphone, Kitchen Blender"
"Mary","Diana","Microphone, Smartphone Case"
"Mary","Roger","Power Strip, Power Strip, Storage Containers"
"Mary","Natalie","4K Monitor, 4K Monitor, Smart Watch"
"Mary","Benjamin","Office Chair"
"Mary","Virginia","Standing Desk"
"Mary","Bruce","Tablet Stand, Tablet Stand"
"Mary","Madison","Storage Containers"
"Mary","Adam","External SSD, 4K Monitor, External SSD"
"Mary","Abigail","Storage Containers, Storage Containers"
"Mary","Gerald","WiFi Router"
"Mary","Lauren","Drawer Unit, Drawer Unit"
"Mary","Keith","Kitchen Blender"
"Mary","Isabella","Desk Mat, Desk Mat, Water Bottle"
"Mary","Terry","Standing Desk, Standing Desk"
"Mary","Jane","Wireless Charger"
"Mary","Wayne","Smart Watch"
"Mary","Amy","WiFi Router, Noise Cancelling Headset, WiFi Router"
"Mary","Ralph","External SSD"
"Mary","Cynthia","Power Strip"
"Mary","Smith","Throw Pillows, Throw Pillows, Power Strip"
"Mary","Johnson","Computer Speakers, Portable Charger, Portable Charger"
"Mary","Williams","Gaming Mouse Pad, Electric Kettle, Electric Kettle"
"Mary","Brown","Tablet Stand, Wireless Earbuds, Wireless Earbuds"
"Mary","Jones","Monitor Stand, Bluetooth Headphones, Monitor Stand"
"Mary","Garcia","Electric Kettle, Screen Protector, Electric Kettle"
"Mary","Miller","4K Monitor"
"Mary","Davis","Document Scanner, Noise Cancelling Headset, Noise Cancelling Headset"
"Mary","Rodriguez","Webcam HD, Webcam HD"
"Mary","Martinez","Laptop Sleeve"
"Mary","Hernandez","Phone Grip, Document Scanner"
"Mary","Lopez","Air Purifier, Portable Charger"
"Mary","Gonzalez","Toaster Oven"
"Mary","Wilson","File Cabinet"
"Mary","Anderson","Rice Cooker, Rice Cooker"
"Mary","Thomas","Rice Cooker"
"Mary","Taylor","Toaster Oven, USB-C Hub"
"Mary","Moore","Computer Speakers"
"Mary","Jackson","Food Processor, Food Processor"
"Mary","Martin","Desk Organizer, Desk Organizer, Storage Containers"
"Mary","Peter","Toaster Oven, Toaster Oven"
"Mary","Victoria","Screen Protector, Storage Shelf, Storage Shelf"
"Mary","Raymond","Smartphone Case, Screen Protector"
"Mary","Julia","Noise Cancelling Headset, Kitchen Blender"
"Mary","Scott","Gaming Mouse Pad, Gaming Mouse Pad"
"Mary","Grace","Smartphone Case, 4K Monitor, Smartphone Case"
"Mary","Dennis","Microphone, Microphone"
"Mary","Evelyn","Phone Grip, Phone Grip"
"Mary","Gregory","External SSD"
"Mary","Anna","Standing Desk, Standing Desk"
"Mary","Walter","Bookshelf"
"Mary","Rose","Food Processor"
"Mary","Patrick","Smart Watch, Wireless Presenter, Wireless Presenter"
"Mary","Judith","Food Processor, File Cabinet"
"Mary","Henry","Smartphone Case, Tablet Stand, Tablet Stand"
"Mary","Christina","Bluetooth Headphones"
"Mary","Douglas","Bath Towels, Keyboard Wrist Rest"
"Mary","Maria","Wireless Presenter"
"Mary","Harold","Computer Speakers, Computer Speakers"
"Mary","Nicole","Laptop Sleeve"
"Mary","Alexander","Gaming Keyboard, Webcam HD"
"Mary","Megan","File Cabinet"
"Mary","Samuel","Standing Desk, Desk Lamp"
"Mary","Dorothy","Webcam HD, Webcam HD, Wireless Mouse"
"Mary","Frank","WiFi Router, Smartphone Case"
"Mary","Sophia","Wireless Mouse"
"Mary","Lawrence","Wireless Mouse"
"Mary","Alice","Wireless Earbuds, Wireless Earbuds"
"Mary","Arthur","Keyboard Wrist Rest, Desk Lamp"
"Mary","Ruth","4K Monitor, Storage Shelf, 4K Monitor"
"Mary","Philip","Wireless Mouse"
"Mary","Diana","Wireless Earbuds"
"Mary","Roger","Document Scanner, Drawer Unit"
"Mary","Natalie","Toaster Oven, Tablet Stand"
"Mary","Benjamin","Toaster Oven, Water Bottle"
"Mary","Virginia","Cable Organizer"
"Mary","Bruce","Water Bottle, Food Processor, Water Bottle"
"Mary","Madison","Bath Towels, Wireless Mouse"
"Mary","Adam","Screen Protector"
"Mary","Abigail","Bath Towels, Bath Towels"
"Mary","Gerald","Throw Pillows"
"Mary","Lauren","Noise Cancelling Headset, Drawer Unit"
"Mary","Keith","Document Scanner, Wireless Earbuds, Document Scanner, Wireless Earbuds"
"Mary","Isabella","Air Purifier, Desk Organizer"
"Mary","Terry","Storage Containers, Wall Clock, Wall Clock"
"Mary","Jane","Gaming Mouse Pad"
"Mary","Wayne","Power Strip, Phone Grip, Phone Grip, Power Strip"
"Mary","Amy","Smart Watch, Toaster Oven"
"Mary","Ralph","Tablet Stand, Tablet Stand, WiFi Router, WiFi Router"
"Mary","Cynthia","Gaming Keyboard, Gaming Keyboard"
"Mary","Smith","Smartphone Case, Smartphone Case"
"Mary","Johnson","Desk Mat, Desk Mat"
"Mary","Williams","Desk Lamp, Desk Lamp, Noise Cancelling Headset"
"Mary","Brown","Storage Shelf, Storage Shelf, Computer Speakers"
"Mary","Jones","Kitchen Blender"
"Mary","Garcia","Electric Kettle, Gaming Mouse Pad, Electric Kettle"
"Mary","Miller","Mechanical Keyboard, Laptop Stand, Laptop Stand"
"Mary","Davis","Air Purifier, Air Purifier"
"Mary","Rodriguez","Wireless Charger, Storage Containers, Wireless Charger"
"Mary","Martinez","Wireless Earbuds, Laptop Sleeve"
"Mary","Hernandez","Drawer Unit, Power Strip"
"Mary","Lopez","Power Strip, Smart Watch"
"Mary","Gonzalez","Throw Pillows"
"Mary","Wilson","Bluetooth Headphones, Storage Shelf"
"Mary","Anderson","Air Purifier, Air Purifier, Phone Grip"
"Mary","Thomas","WiFi Router, Storage Containers, Storage Containers"
"Mary","Taylor","Wall Clock, Monitor Stand"
"Mary","Moore","External SSD, Kitchen Blender, Kitchen Blender"
"Mary","Jackson","Computer Speakers, Desk Lamp"
"Mary","Martin","Webcam HD"
"Mary","Peter","Storage Shelf"
"Mary","Victoria","Rice Cooker, Rice Cooker, Desk Mat, Desk Mat"
"Mary","Raymond","Laptop Stand, Wall Clock"
"Mary","Julia","Smartphone Case"
"Mary","Scott","Microphone"
"Mary","Grace","Document Scanner, Gaming Mouse Pad"
"Mary","Dennis","Office Chair, Office Chair, Desk Organizer"
"Mary","Evelyn","WiFi Router, Document Scanner, Document Scanner"
"Mary","Gregory","Desk Organizer, Computer Speakers, Desk Organizer"
"Mary","Anna","Bath Towels, Electric Kettle, Electric Kettle"
"Mary","Walter","Microphone"
"Mary","Rose","Wall Clock, Cable Organizer"
"Mary","Patrick","Desk Mat"
"Mary","Judith","Office Chair, WiFi Router, WiFi Router"
"Mary","Henry","Tablet Stand, USB-C Hub"
"Mary","Christina","Noise Cancelling Headset"
"Mary","Douglas","Desk Mat"
"Mary","Maria","4K Monitor"
"Mary","Harold","Webcam HD, Laptop Sleeve, Webcam HD"
"Mary","Nicole","Portable Charger, Laptop Sleeve"
"Mary","Alexander","Microphone"
"Mary","Megan","Gaming Mouse Pad, Gaming Mouse Pad, Standing Desk"
"Mary","Samuel","Tablet Stand"
"Mary","Dorothy","File Cabinet"
"Mary","Frank","Wireless Earbuds, Wireless Earbuds"
"Mary","Sophia","Bath Towels"
"Mary","Lawrence","Wall Clock, Standing Desk"
"Mary","Alice","Gaming Keyboard, Gaming Keyboard"
"Mary","Arthur","Gaming Mouse Pad"
"Mary","Ruth","Wireless Charger, Wireless Charger, Wireless Presenter"
"Mary","Philip","Microphone, Microphone"
"Mary","Diana","Screen Protector, External SSD"
"Mary","Roger","Throw Pillows"
"Mary","Natalie","Coffee Maker, Coffee Maker, Storage Shelf"
"Mary","Benjamin","Desk Organizer, Tablet Stand"
"Mary","Virginia","Wall Clock"
"Mary","Bruce","Wall Clock"
"Mary","Madison","Microphone, Microphone"
"Mary","Adam","Coffee Maker"
"Mary","Abigail","Smart Watch, Smart Watch, Desk Lamp"
"Mary","Gerald","Bluetooth Headphones, Desk Lamp"
"Mary","Lauren","Drawer Unit, Coffee Maker, Drawer Unit"
"Mary","Keith","Monitor Stand, Wireless Earbuds"
"Mary","Isabella","4K Monitor, 4K Monitor"
"Mary","Terry","Smart Watch"
"Mary","Jane","Smartphone Case"
"Mary","Wayne","Smartphone Case, Smartphone Case, Laptop Stand, Laptop Stand"
"Mary","Amy","Wireless Charger, Throw Pillows"
"Mary","Ralph","Bookshelf, Noise Cancelling Headset, Bookshelf"
"Mary","Cynthia","Standing Desk, Portable Charger"
"Mary","Smith","Storage Containers, Office Chair, Storage Containers"
"Mary","Johnson","Bath Towels"
"Mary","Williams","Mechanical Keyboard, Microphone"
"Mary","Brown","Desk Lamp"
"Mary","Jones","Laptop Sleeve"
"Mary","Garcia","Computer Speakers, File Cabinet, File Cabinet"
"Mary","Miller","Webcam HD, Webcam HD"
"Mary","Davis","Kitchen Blender"
"Mary","Rodriguez","Laptop Stand"
"Mary","Martinez","Webcam HD, Mechanical Keyboard, Mechanical Keyboard"
"Mary","Hernandez","External SSD"
"Mary","Lopez","Desk Organizer"
"Mary","Gonzalez","Rice Cooker"
"Mary","Wilson","External SSD, Noise Cancelling Headset"
"Mary","Anderson","Document Scanner, Document Scanner"
"Mary","Thomas","Air Purifier"
"Mary","Taylor","Wall Clock, Air Purifier"
"Mary","Moore","Monitor Stand, Wireless Earbuds, Monitor Stand, Wireless Earbuds"
"Mary","Jackson","Gaming Keyboard, Gaming Keyboard"
"Mary","Martin","Wireless Charger, Bluetooth Headphones"
"Mary","Peter","Food Processor, Food Processor"
"Mary","Victoria","Coffee Maker, File Cabinet, Coffee Maker"
"Mary","Raymond","Coffee Maker"
"Mary","Julia","Wireless Earbuds, Wireless Earbuds, Noise Cancelling Headset"
"Mary","Scott","Air Purifier, File Cabinet, Air Purifier"
"Mary","Grace","Computer Speakers"
"Mary","Dennis","Water Bottle"
"Mary","Evelyn","WiFi Router"
"Mary","Gregory","Document Scanner, Document Scanner, Cable Organizer, Cable Organizer"
"Mary","Anna","Kitchen Blender"
"Mary","Walter","Smart Watch, Office Chair, Office Chair"
"Mary","Rose","Kitchen Blender, Rice Cooker"
"Mary","Patrick","USB-C Hub"
"Mary","Judith","Water Bottle, Monitor Stand, Monitor Stand"
"Mary","Henry","Mechanical Keyboard, Water Bottle, Mechanical Keyboard"
"Mary","Christina","Wireless Earbuds, Wireless Earbuds, Laptop Stand"
"Mary","Douglas","Portable Charger, Gaming Mouse Pad"
"Mary","Maria","Kitchen Blender, USB-C Hub"
"Mary","Harold","Air Purifier, Air Purifier"
"Mary","Nicole","Noise Cancelling Headset"
"Mary","Alexander","Air Purifier"
"Mary","Megan","Food Processor, Toaster Oven"
"Mary","Samuel","Cable Organizer, Smart Watch, Smart Watch"
"Mary","Dorothy","Keyboard Wrist Rest, Noise Cancelling Headset, Keyboard Wrist Rest"
"Mary","Frank","Tablet Stand, Tablet Stand, Mechanical Keyboard"
"Mary","Sophia","File Cabinet, File Cabinet"
"Mary","Lawrence","Bath Towels, Screen Protector, Bath Towels"
"Mary","Alice","Desk Mat, Bookshelf, Bookshelf"
"Mary","Arthur","Keyboard Wrist Rest, Bluetooth Headphones, Keyboard Wrist Rest, Bluetooth Headphones"
"Mary","Ruth","WiFi Router, WiFi Router"
"Mary","Philip","Monitor Stand"
"Mary","Diana","Drawer Unit, Wireless Mouse, Drawer Unit"
"Mary","Roger","Desk Lamp"
"Mary","Natalie","Microphone"
"Mary","Benjamin","Kitchen Blender"
"Mary","Virginia","USB-C Hub, Desk Mat, USB-C Hub"
"Mary","Bruce","Storage Containers, Food Processor"
"Mary","Madison","Office Chair, Bookshelf, Office Chair"
"Mary","Adam","Bluetooth Headphones"
"Mary","Abigail","Throw Pillows, Throw Pillows"
"Mary","Gerald","Standing Desk, Bath Towels"
"Mary","Lauren","Power Strip, Wall Clock"
"Mary","Keith","Coffee Maker"
"Mary","Isabella","Air Purifier"
"Mary","Terry","Kitchen Blender, Monitor Stand"
"Mary","Jane","Water Bottle, Bath Towels"
"Mary","Wayne","Electric Kettle, Electric Kettle, Smart Watch"
"Mary","Amy","Coffee Maker, Computer Speakers, Computer Speakers"
"Mary","Ralph","External SSD, External SSD"
"Mary","Cynthia","Electric Kettle"
"Mary","Smith","Storage Shelf, Bookshelf, Bookshelf"
"Mary","Johnson","Microphone"
"Mary","Williams","Gaming Keyboard"
"Mary","Brown","Kitchen Blender, Smart Watch, Kitchen Blender"
"Mary","Jones","Microphone"
"Mary","Garcia","Bluetooth Headphones, Wireless Charger"
"Mary","Miller","Tablet Stand, Water Bottle, Tablet Stand, Water Bottle"
"Mary","Davis","USB-C Hub, USB-C Hub, Standing Desk, Standing Desk"
"Mary","Rodriguez","4K Monitor"
"Mary","Martinez","Webcam HD, Rice Cooker"
"Mary","Hernandez","4K Monitor, Desk Mat, Desk Mat"
"Mary","Lopez","Computer Speakers, Computer Speakers"
"Mary","Gonzalez","Throw Pillows, Bath Towels"
"Mary","Wilson","Storage Containers, Desk Lamp"
"Mary","Anderson","Power Strip, External SSD, External SSD"
"Mary","Thomas","Standing Desk, Tablet Stand, Standing Desk"
"Mary","Taylor","Food Processor, Food Processor"
"Mary","Moore","Food Processor"
"Mary","Jackson","Gaming Keyboard, Gaming Keyboard"
"Mary","Martin","Kitchen Blender, Tablet Stand"
"Mary","Peter","Desk Mat, Portable Charger, Portable Charger"
"Mary","Victoria","Bluetooth Headphones, Food Processor, Bluetooth Headphones"
"Mary","Raymond","Bath Towels"
"Mary","Julia","Coffee Maker, Storage Containers, Coffee Maker"
"Mary","Scott","Noise Cancelling Headset, Noise Cancelling Headset"
"Mary","Grace","Gaming Keyboard, Wall Clock"
"Mary","Dennis","Desk Organizer, Coffee Maker, Desk Organizer"
"Mary","Evelyn","Gaming Keyboard, Microphone"
"Mary","Gregory","Document Scanner, 4K Monitor, 4K Monitor"
"Mary","Anna","Throw Pillows, Throw Pillows, File Cabinet"
"Mary","Walter","Webcam HD, Bluetooth Headphones"
"Mary","Rose","Desk Lamp, Water Bottle"
"Mary","Patrick","Desk Lamp, Rice Cooker"
"Mary","Judith","Screen Protector, Drawer Unit"
"Mary","Henry","Keyboard Wrist Rest"
"Mary","Christina","Gaming Keyboard, Electric Kettle"
"Mary","Douglas","Bluetooth Headphones, Bluetooth Headphones, Wireless Mouse, Wireless Mouse"
"Mary","Maria","Tablet Stand"
"Mary","Harold","Standing Desk, Kitchen Blender"
"Mary","Nicole","Smartphone Case"
"Mary","Alexander","Wall Clock, Keyboard Wrist Rest"
"Mary","Megan","Mechanical Keyboard"
"Mary","Samuel","Gaming Keyboard, Wireless Charger, Gaming Keyboard"
"Mary","Dorothy","USB-C Hub, USB-C Hub, Wall Clock"
"Mary","Frank","Standing Desk, Standing Desk"
"Mary","Sophia","Microphone, Wall Clock, Microphone, Wall Clock"
"Mary","Lawrence","Monitor Stand"
"Mary","Alice","Bluetooth Headphones, Noise Cancelling Headset, Noise Cancelling Headset"
"Mary","Arthur","Storage Shelf, Tablet Stand"
"Mary","Ruth","4K Monitor"
"Mary","Philip","Standing Desk, Standing Desk"
"Mary","Diana","Tablet Stand"
"Mary","Roger","Standing Desk, Smart Watch"
"Mary","Natalie","Bluetooth Headphones"
"Mary","Benjamin","Storage Containers"
"Mary","Virginia","Toaster Oven, Toaster Oven"
"Mary","Bruce","Throw Pillows"
"Mary","Madison","USB-C Hub, USB-C Hub"
"Mary","Adam","Coffee Maker, Coffee Maker"
"Mary","Abigail","Portable Charger, Office Chair"
"Mary","Gerald","Wireless Charger, Rice Cooker, Wireless Charger, Rice Cooker"
"Mary","Lauren","Monitor Stand"
"Mary","Keith","Wireless Charger, Wireless Charger, Document Scanner, Document Scanner"
"Mary","Isabella","4K Monitor, Keyboard Wrist Rest"
"Mary","Terry","Bath Towels"
"Mary","Jane","Mechanical Keyboard"
"Mary","Wayne","Screen Protector, Portable Charger"
"Mary","Amy","Keyboard Wrist Rest"
"Mary","Ralph","Drawer Unit, Kitchen Blender, Kitchen Blender"
"Mary","Cynthia","Bluetooth Headphones"
"Mary","Smith","Electric Kettle, Electric Kettle, Standing Desk, Standing Desk"
"Mary","Johnson","Storage Shelf, Storage Containers"
"Mary","Williams","Rice Cooker"
"Mary","Brown","Phone Grip, Desk Mat, Phone Grip"
"Mary","Jones","Bluetooth Headphones, Bluetooth Headphones"
"Mary","Garcia","Laptop Stand"
"Mary","Miller","File Cabinet, Noise Cancelling Headset, File Cabinet"
"Mary","Davis","USB-C Hub, Drawer Unit"
"Mary","Rodriguez","Screen Protector"
"Mary","Martinez","External SSD, Food Processor, External SSD"
"Mary","Hernandez","Desk Mat"
"Mary","Lopez","USB-C Hub, USB-C Hub, Storage Containers"
"Mary","Gonzalez","Kitchen Blender, Drawer Unit"
"Mary","Wilson","Desk Mat"
"Mary","Anderson","External SSD"
"Mary","Thomas","Storage Containers, Bath Towels"
"Mary","Taylor","Screen Protector, Screen Protector"
"Mary","Moore","Webcam HD"
"Mary","Jackson","Laptop Sleeve, Gaming Mouse Pad, Gaming Mouse Pad"
"Mary","Martin","Document Scanner, Laptop Stand, Document Scanner"
"Mary","Peter","Air Purifier, Air Purifier, Storage Containers"
"Mary","Victoria","Bookshelf, Bookshelf"
"Mary","Raymond","Laptop Sleeve"
"Mary","Julia","Desk Lamp, Desk Lamp, Gaming Keyboard, Gaming Keyboard"
"Mary","Scott","WiFi Router, Electric Kettle, WiFi Router"
"Mary","Grace","Gaming Mouse Pad, Tablet Stand, Gaming Mouse Pad"
"Mary","Dennis","Wireless Earbuds, Portable Charger"
"Mary","Evelyn","Bookshelf, Mechanical Keyboard, Bookshelf"
"Mary","Gregory","Microphone, Microphone"
"Mary","Anna","Power Strip"
"Mary","Walter","Bluetooth Headphones, Bluetooth Headphones"
"Mary","Rose","Webcam HD"
"Mary","Patrick","Mechanical Keyboard, Smart Watch"
"Mary","Judith","WiFi Router, Storage Shelf, WiFi Router"
"Mary","Henry","Smart Watch, Toaster Oven, Smart Watch"
"Mary","Christina","Monitor Stand, Monitor Stand"
"Mary","Douglas","Wall Clock, Wall Clock"
"Mary","Maria","File Cabinet, File Cabinet, Toaster Oven"
"Mary","Harold","Noise Cancelling Headset, Noise Cancelling Headset, Wall Clock"
"Mary","Nicole","Smartphone Case, Wireless Charger"
"Mary","Alexander","Drawer Unit, Drawer Unit"
"Mary","Megan","Bluetooth Headphones, Wireless Presenter, Bluetooth Headphones"
"Mary","Samuel","Desk Mat"
"Mary","Dorothy","Wireless Earbuds, Phone Grip, Phone Grip"
"Mary","Frank","Kitchen Blender, Food Processor"
"Mary","Sophia","Throw Pillows"
"Mary","Lawrence","Coffee Maker, Coffee Maker"
"Mary","Alice","Computer Speakers, Throw Pillows, Throw Pillows"
"Mary","Arthur","Microphone, Office Chair"
"Mary","Ruth","4K Monitor"
"Mary","Philip","Computer Speakers"
"Mary","Diana","Laptop Sleeve, Laptop Sleeve"
"Mary","Roger","Bluetooth Headphones"
"Mary","Natalie","Drawer Unit, Office Chair, Office Chair, Drawer Unit"
"Mary","Benjamin","Gaming Keyboard"
"Mary","Virginia","Gaming Keyboard, Drawer Unit, Gaming Keyboard"
"Mary","Bruce","Desk Lamp, Desk Lamp"
"Mary","Madison","Storage Shelf, Coffee Maker, Storage Shelf"
"Mary","Adam","Wireless Charger"
"Mary","Abigail","Document Scanner, Document Scanner"
"Mary","Gerald","Smartphone Case"
"Mary","Lauren","Throw Pillows"
"Mary","Keith","Office Chair, Office Chair, Wireless Mouse"
"Mary","Isabella","Water Bottle, Water Bottle, Water Bottle, Water Bottle"
"Mary","Terry","Storage Containers"
"Mary","Jane","Drawer Unit"
"Mary","Wayne","Noise Cancelling Headset"
"Mary","Amy","Computer Speakers"
"Mary","Ralph","Phone Grip"
"Mary","Cynthia","Microphone, Microphone"
"Mary","Smith","Tablet Stand"
"Mary","Johnson","4K Monitor, Water Bottle, Water Bottle"
"Mary","Williams","Wireless Charger, Wireless Charger"
"Mary","Brown","Food Processor, Webcam HD, Food Processor, Webcam HD"
"Mary","Jones","Wireless Presenter, Document Scanner"
"Mary","Garcia","Coffee Maker, USB-C Hub, Coffee Maker"
"Mary","Miller","Wireless Presenter"
"Mary","Davis","Bookshelf"
"Mary","Rodriguez","Noise Cancelling Headset"
"Mary","Martinez","Standing Desk"
"Mary","Hernandez","Webcam HD, Cable Organizer, Cable Organizer"
"Mary","Lopez","Gaming Mouse Pad, Microphone"
"Mary","Gonzalez","4K Monitor"
"Mary","Wilson","4K Monitor, USB-C Hub"
"Mary","Anderson","Wireless Earbuds, Document Scanner, Wireless Earbuds"
"Mary","Thomas","Monitor Stand"
"Mary","Taylor","Gaming Keyboard"
"Mary","Moore","Bath Towels, Bath Towels, Wireless Mouse"
"Mary","Jackson","Food Processor, WiFi Router"
"Mary","Martin","Smart Watch, Smart Watch, Bookshelf, Bookshelf"
"Mary","Peter","Gaming Mouse Pad, Gaming Mouse Pad, Wireless Presenter"
"Mary","Victoria","Document Scanner"
"Mary","Raymond","Coffee Maker"
"Mary","Julia","4K Monitor, 4K Monitor, Throw Pillows"
"Mary","Scott","Bookshelf"
"Mary","Grace","Bath Towels"
"Mary","Dennis","Tablet Stand, Tablet Stand, Smart Watch"
"Mary","Evelyn","Wireless Charger, Water Bottle, Wireless Charger"
"Mary","Gregory","Desk Organizer, Desk Organizer, Gaming Keyboard, Gaming Keyboard"
"Mary","Anna","Storage Shelf, Electric Kettle"
"Mary","Walter","Power Strip, Power Strip"
"Mary","Rose","Computer Speakers, Computer Speakers, Laptop Stand, Laptop Stand"
"Mary","Patrick","Power Strip"
"Mary","Judith","Food Processor, Mechanical Keyboard"
"Mary","Henry","Smart Watch, Smartphone Case"
"Mary","Christina","Desk Lamp, Bath Towels, Desk Lamp"
"Mary","Douglas","Standing Desk"
"Mary","Maria","Monitor Stand, Monitor Stand, Bath Towels"
"Mary","Harold","Keyboard Wrist Rest, Air Purifier, Keyboard Wrist Rest"
"Mary","Nicole","Tablet Stand, External SSD"
"Mary","Alexander","USB-C Hub"
"Mary","Megan","Water Bottle"
"Mary","Samuel","Microphone, Desk Lamp"
"Mary","Dorothy","Bluetooth Headphones, Drawer Unit"
"Mary","Frank","Screen Protector"
"Mary","Sophia","Phone Grip, External SSD"
"Mary","Lawrence","Tablet Stand, Tablet Stand, Wall Clock"
"Mary","Alice","Smartphone Case"
"Mary","Arthur","Kitchen Blender, Air Purifier"
"Mary","Ruth","Food Processor, Microphone"
"Mary","Philip","Drawer Unit, Drawer Unit"
"Mary","Diana","Power Strip"
"Mary","Roger","Bookshelf"
"Mary","Natalie","Gaming Keyboard"
"Mary","Benjamin","Power Strip, Wall Clock, Power Strip"
"Mary","Virginia","Keyboard Wrist Rest"
"Mary","Bruce","Toaster Oven, Toaster Oven"
"Mary","Madison","Tablet Stand, Tablet Stand"
"Mary","Adam","Bluetooth Headphones, Phone Grip, Phone Grip, Bluetooth Headphones"
"Mary","Abigail","Kitchen Blender, Kitchen Blender, Coffee Maker"
"Mary","Gerald","USB-C Hub"
"Mary","Lauren","Bookshelf, Food Processor, Food Processor"
"Mary","Keith","Monitor Stand"
"Mary","Isabella","Phone Grip, Bluetooth Headphones"
"Mary","Terry","Kitchen Blender, Microphone, Kitchen Blender"
"Mary","Jane","Food Processor, Food Processor, Smart Watch, Smart Watch"
"Mary","Wayne","Cable Organizer"
"Mary","Amy","Air Purifier, File Cabinet, File Cabinet"
"Mary","Ralph","Wireless Mouse, Desk Organizer, Desk Organizer"
"Mary","Cynthia","Cable Organizer, Cable Organizer, Kitchen Blender"
"Mary","Smith","Monitor Stand"
"Mary","Johnson","Microphone"
"Mary","Williams","Bookshelf"
"Mary","Brown","Toaster Oven"
"Mary","Jones","Bookshelf, Bookshelf, Storage Containers"
"Mary","Garcia","Keyboard Wrist Rest, Keyboard Wrist Rest"
"Mary","Miller","Document Scanner, Document Scanner"
"Mary","Davis","Smartphone Case"
"Mary","Rodriguez","Electric Kettle"
"Mary","Martinez","Power Strip, Rice Cooker"
"Mary","Hernandez","Portable Charger, Portable Charger, Monitor Stand"
"Mary","Lopez","Phone Grip, Wireless Mouse"
"Mary","Gonzalez","Kitchen Blender"
"Mary","Wilson","Wall Clock, Document Scanner"
"Mary","Anderson","Phone Grip"
"Mary","Thomas","Air Purifier, Standing Desk"
"Mary","Taylor","Wireless Presenter"
"Mary","Moore","Screen Protector"
"Mary","Jackson","Gaming Mouse Pad, Wireless Presenter"
"Mary","Martin","Desk Organizer"
"Mary","Peter","Desk Lamp, Rice Cooker, Desk Lamp"
"Mary","Victoria","Wall Clock, File Cabinet, File Cabinet"
"Mary","Raymond","Storage Containers"
"Mary","Julia","Gaming Keyboard"
"Mary","Scott","Storage Shelf, Storage Shelf"
"Mary","Grace","Phone Grip, Drawer Unit"
"Mary","Dennis","Portable Charger"
"Mary","Evelyn","Wireless Charger, Wireless Charger"
"Mary","Gregory","Cable Organizer"
"Mary","Anna","Power Strip, Laptop Sleeve"
"Mary","Walter","Wireless Charger, Wireless Charger"
"Mary","Rose","Screen Protector"
"Mary","Patrick","Desk Lamp, Wireless Earbuds, Desk Lamp"
"Mary","Judith","Document Scanner"
"Mary","Henry","Wireless Presenter, Wireless Presenter"
"Mary","Christina","4K Monitor, 4K Monitor"
"Mary","Douglas","Keyboard Wrist Rest, Keyboard Wrist Rest, Bookshelf, Bookshelf"
"Mary","Maria","Desk Organizer, Bluetooth Headphones, Bluetooth Headphones, Desk Organizer"
"Mary","Harold","USB-C Hub, USB-C Hub"
"Mary","Nicole","Noise Cancelling Headset, Noise Cancelling Headset, Wireless Mouse"
"Mary","Alexander","Drawer Unit, Storage Shelf, Drawer Unit"
"Mary","Megan","File Cabinet, Wireless Presenter, Wireless Presenter"
"Mary","Samuel","Power Strip, Webcam HD"
"Mary","Dorothy","Computer Speakers, Computer Speakers, Wireless Presenter"
"Mary","Frank","Screen Protector, Screen Protector, Toaster Oven, Toaster Oven"
"Mary","Sophia","Water Bottle, Office Chair, Office Chair"
"Mary","Lawrence","Gaming Mouse Pad"
"Mary","Alice","Cable Organizer, Microphone"
"Mary","Arthur","Cable Organizer, Standing Desk, Cable Organizer"
"Mary","Ruth","Smartphone Case, Bookshelf"
"Mary","Philip","Wireless Charger"
"Mary","Diana","Bookshelf"
"Mary","Roger","Toaster Oven, Toaster Oven"
"Mary","Natalie","Kitchen Blender, Phone Grip"
"Mary","Benjamin","Bath Towels"
"Mary","Virginia","Wireless Presenter"
"Mary","Bruce","Food Processor"
"Mary","Madison","Kitchen Blender, Desk Organizer"
"Mary","Adam","Smartphone Case"
"Mary","Abigail","Smart Watch"
"Mary","Gerald","Toaster Oven, Toaster Oven"
"Mary","Lauren","USB-C Hub, USB-C Hub"
"Mary","Keith","Portable Charger, Portable Charger, Noise Cancelling Headset, Noise Cancelling Headset"
"Mary","Isabella","Laptop Stand, Laptop Sleeve"
"Mary","Terry","USB-C Hub, External SSD, USB-C Hub, External SSD"
"Mary","Jane","Document Scanner, Document Scanner"
"Mary","Wayne","Computer Speakers"
"Mary","Amy","Microphone, Storage Containers, Storage Containers, Microphone"
"Mary","Ralph","Gaming Mouse Pad"
"Mary","Cynthia","Wall Clock, Gaming Mouse Pad, Wall Clock"
"Mary","Smith","Wireless Earbuds, Bookshelf, Bookshelf"
"Mary","Johnson","Kitchen Blender, Kitchen Blender"
"Mary","Williams","Air Purifier, Wireless Mouse, Wireless Mouse"
"Mary","Brown","Drawer Unit, Drawer Unit"
"Mary","Jones","Mechanical Keyboard, Mechanical Keyboard"
"Mary","Garcia","Mechanical Keyboard, Mechanical Keyboard"
"Mary","Miller","Mechanical Keyboard"
"Mary","Davis","Document Scanner"
"Mary","Rodriguez","Keyboard Wrist Rest, Computer Speakers"
"Mary","Martinez","Portable Charger, Bath Towels"
"Mary","Hernandez","Bluetooth Headphones, Wall Clock"
"Mary","Lopez","Keyboard Wrist Rest, Portable Charger"
"Mary","Gonzalez","WiFi Router, WiFi Router"
"Mary","Wilson","Bookshelf, Drawer Unit, Bookshelf"
"Mary","Anderson","Kitchen Blender, Document Scanner"
"Mary","Thomas","Webcam HD"
"Mary","Taylor","Wireless Mouse, Wireless Mouse, Mechanical Keyboard"
"Mary","Moore","Bookshelf, Desk Lamp"
"Mary","Jackson","Standing Desk"
"Mary","Martin","Wireless Earbuds, Wireless Earbuds"
"Mary","Peter","4K Monitor, 4K Monitor"
"Mary","Victoria","Bluetooth Headphones"
"Mary","Raymond","Office Chair, Coffee Maker"
"Mary","Julia","Microphone, Toaster Oven"
"Mary","Scott","Computer Speakers"
"Mary","Grace","Laptop Sleeve"
"Mary","Dennis","Rice Cooker"
"Mary","Evelyn","Keyboard Wrist Rest, Power Strip, Power Strip"
"Mary","Gregory","Power Strip, Power Strip"
"Mary","Anna","Keyboard Wrist Rest"
"Mary","Walter","Air Purifier, Air Purifier"
"Mary","Rose","Smart Watch, Smart Watch"
"Mary","Patrick","Noise Cancelling Headset, Noise Cancelling Headset"
"Mary","Judith","Desk Mat, Computer Speakers"
"Mary","Henry","Smart Watch, Electric Kettle"
"Mary","Christina","USB-C Hub, Desk Lamp"
"Mary","Douglas","Coffee Maker, Wireless Charger"
"Mary","Maria","Water Bottle, Desk Mat"
"Mary","Harold","Air Purifier, Air Purifier"
"Mary","Nicole","Tablet Stand"
"Mary","Alexander","Coffee Maker, USB-C Hub"
"Mary","Megan","Mechanical Keyboard"
"Mary","Samuel","Office Chair"
"Mary","Dorothy","Laptop Stand, Laptop Stand"
"Mary","Frank","4K Monitor, Microphone"
"Mary","Sophia","Noise Cancelling Headset, Standing Desk, Noise Cancelling Headset, Standing Desk"
"Mary","Lawrence","Toaster Oven, Toaster Oven, Microphone"
"Mary","Alice","Laptop Stand, Laptop Stand"
"Mary","Arthur","Rice Cooker, Desk Mat"
"Mary","Ruth","Air Purifier, Air Purifier"
"Mary","Philip","Keyboard Wrist Rest, Electric Kettle, Electric Kettle, Keyboard Wrist Rest"
"Mary","Diana","Power Strip"
"Mary","Roger","Wireless Charger"
"Mary","Natalie","WiFi Router, Food Processor, WiFi Router"
"Mary","Benjamin","Wireless Earbuds"
"Mary","Virginia","Gaming Keyboard, USB-C Hub, USB-C Hub"
"Mary","Bruce","External SSD, External SSD"
"Mary","Madison","Smartphone Case"
"Mary","Adam","Wall Clock, Wall Clock"
"Mary","Abigail","Coffee Maker"
"Mary","Gerald","Food Processor, Food Processor"
"Mary","Lauren","Food Processor"
"Mary","Keith","Mechanical Keyboard, Phone Grip, Mechanical Keyboard"
"Mary","Isabella","Noise Cancelling Headset, Noise Cancelling Headset"
"Mary","Terry","USB-C Hub, Electric Kettle"
"Mary","Jane","Laptop Stand"
"Mary","Wayne","Bath Towels"
"Mary","Amy","Computer Speakers, Computer Speakers"
"Mary","Ralph","Electric Kettle"
"Mary","Cynthia","WiFi Router, File Cabinet"
"Mary","Smith","Desk Organizer, Storage Shelf"
"Mary","Johnson","Bookshelf"
"Mary","Williams","Noise Cancelling Headset, Noise Cancelling Headset"
"Mary","Brown","Wireless Mouse, Wireless Mouse"
"Mary","Jones","Bath Towels, Bath Towels"
"Mary","Garcia","Desk Organizer"
"Mary","Miller","Computer Speakers, 4K Monitor"
"Mary","Davis","Air Purifier, Gaming Keyboard, Gaming Keyboard, Air Purifier"
"Mary","Rodriguez","Power Strip, Drawer Unit"
"Mary","Martinez","Bath Towels"
"Mary","Hernandez","Webcam HD, Webcam HD, Coffee Maker"
"Mary","Lopez","Keyboard Wrist Rest, 4K Monitor, 4K Monitor"
"Mary","Gonzalez","Air Purifier, Tablet Stand"
"Mary","Wilson","Document Scanner"
"Mary","Anderson","USB-C Hub, Wireless Mouse, USB-C Hub, Wireless Mouse"
"Mary","Thomas","Storage Shelf, Cable Organizer, Storage Shelf"
"Mary","Taylor","Microphone, Storage Containers, Storage Containers"
"Mary","Moore","File Cabinet, Bluetooth Headphones, File Cabinet"
"Mary","Jackson","WiFi Router, Bookshelf, WiFi Router"
"Mary","Martin","Keyboard Wrist Rest, Drawer Unit, Keyboard Wrist Rest, Drawer Unit"
"Mary","Peter","Keyboard Wrist Rest, Bluetooth Headphones, Bluetooth Headphones"
"Mary","Victoria","Mechanical Keyboard, Gaming Keyboard"
"Mary","Raymond","Document Scanner, External SSD"
"Mary","Julia","Wireless Presenter, Wireless Presenter"
"Mary","Scott","Desk Organizer, USB-C Hub"
"Mary","Grace","Noise Cancelling Headset"
"Mary","Dennis","External SSD, External SSD, Electric Kettle"
"Mary","Evelyn","Wall Clock"
"Mary","Gregory","Storage Shelf, Storage Shelf"
"Mary","Anna","Laptop Sleeve"
"Mary","Walter","Tablet Stand"
"Mary","Rose","Screen Protector, Screen Protector, Desk Organizer"
"Mary","Patrick","Drawer Unit, Desk Organizer, Desk Organizer"
"Mary","Judith","Monitor Stand, Monitor Stand"
"Mary","Henry","Power Strip, Power Strip"
"Mary","Christina","Storage Shelf"
"Mary","Douglas","Wireless Mouse"
"Mary","Maria","Gaming Mouse Pad"
"Mary","Harold","Water Bottle, Water Bottle"
"Mary","Nicole","Wireless Mouse, Bookshelf, Bookshelf"
"Mary","Alexander","4K Monitor"
"Mary","Megan","Wireless Charger, Office Chair"
"Mary","Samuel","Microphone, Cable Organizer, Microphone"
"Mary","Dorothy","Microphone, Microphone"
"Mary","Frank","Monitor Stand"
"Mary","Sophia","Storage Shelf"
"Mary","Lawrence","Mechanical Keyboard, Mechanical Keyboard"
"Mary","Alice","Wireless Mouse"
"Mary","Arthur","Food Processor"
"Mary","Ruth","Microphone"
"Mary","Philip","Kitchen Blender"
"Mary","Diana","Phone Grip, Coffee Maker"
"Mary","Roger","Storage Shelf, Storage Shelf"
"Mary","Natalie","Toaster Oven"
"Mary","Benjamin","Desk Mat, Keyboard Wrist Rest"
"Mary","Virginia","Wireless Mouse"
"Mary","Bruce","Computer Speakers, 4K Monitor"
"Mary","Madison","Cable Organizer, Cable Organizer, Gaming Mouse Pad"
"Mary","Adam","Screen Protector, Wireless Charger"
"Mary","Abigail","Desk Mat"
"Mary","Gerald","Storage Shelf"
"Mary","Lauren","WiFi Router, Laptop Stand"
"Mary","Keith","Wireless Earbuds, Wireless Earbuds, Wall Clock"
"Mary","Isabella","Throw Pillows, Throw Pillows"
"Mary","Terry","Storage Containers, Storage Containers"
"Mary","Jane","Tablet Stand, Toaster Oven, Tablet Stand"
"Mary","Wayne","Water Bottle"
"Mary","Amy","Throw Pillows, Wireless Mouse, Throw Pillows, Wireless Mouse"
"Mary","Ralph","Office Chair, Rice Cooker"
"Mary","Cynthia","Power Strip"
"Mary","Smith","Laptop Stand"
"Mary","Johnson","Microphone, Microphone, Bookshelf"
"Mary","Williams","Drawer Unit"
"Mary","Brown","Noise Cancelling Headset"
"Mary","Jones","Drawer Unit, Drawer Unit"
"Mary","Garcia","Monitor Stand, Cable Organizer"
"Mary","Miller","Food Processor, Food Processor"
"Mary","Davis","Water Bottle, Wireless Mouse"
"Mary","Rodriguez","Monitor Stand, Monitor Stand, Monitor Stand, Monitor Stand"
"Mary","Martinez","External SSD"
"Mary","Hernandez","Electric Kettle"
"Mary","Lopez","Mechanical Keyboard, Mechanical Keyboard"
"Mary","Gonzalez","Wall Clock, Portable Charger"
"Mary","Wilson","Laptop Stand"
"Mary","Anderson","Portable Charger, Noise Cancelling Headset, Noise Cancelling Headset"
"Mary","Thomas","Water Bottle, Smartphone Case"
"Mary","Taylor","Phone Grip, Electric Kettle"
"Mary","Moore","Microphone, Gaming Mouse Pad"
"Mary","Jackson","USB-C Hub, Drawer Unit"
"Mary","Martin","Phone Grip, Coffee Maker, Phone Grip"
"Mary","Peter","Wireless Charger, Storage Shelf, Storage Shelf, Wireless Charger"
"Mary","Victoria","Water Bottle, Water Bottle"
"Mary","Raymond","Laptop Sleeve, Laptop Sleeve"
"Mary","Julia","External SSD"
"Mary","Scott","Power Strip"
"Mary","Grace","Desk Mat, Throw Pillows"
"Mary","Dennis","Kitchen Blender"
"Mary","Evelyn","Throw Pillows"
"Mary","Gregory","External SSD, Rice Cooker, External SSD"
"Mary","Anna","File Cabinet, File Cabinet"
"Mary","Walter","Bookshelf, Bookshelf, Smart Watch"
"Mary","Rose","Keyboard Wrist Rest, Keyboard Wrist Rest"
"Mary","Patrick","Keyboard Wrist Rest, Wireless Presenter"
"Mary","Judith","Cable Organizer"
"Mary","Henry","Desk Lamp, Computer Speakers, Computer Speakers, Desk Lamp"
"Mary","Christina","Desk Lamp"
"Mary","Douglas","Computer Speakers, Wall Clock"
"Mary","Maria","Wireless Charger, Wall Clock, Wall Clock"
"Mary","Harold","Keyboard Wrist Rest, Keyboard Wrist Rest"
"Mary","Nicole","Monitor Stand"
"Mary","Alexander","External SSD, Portable Charger, Portable Charger"
"Mary","Megan","Wall Clock, Wall Clock"
"Mary","Samuel","Wireless Mouse"
"Mary","Dorothy","Screen Protector, USB-C Hub, Screen Protector, USB-C Hub"
"Mary","Frank","Keyboard Wrist Rest, Wireless Charger, Wireless Charger"
"Mary","Sophia","Mechanical Keyboard, Wireless Charger, Wireless Charger"
"Mary","Lawrence","Mechanical Keyboard, 4K Monitor"
"Mary","Alice","Desk Organizer, Desk Organizer, Gaming Mouse Pad, Gaming Mouse Pad"
"Mary","Arthur","Laptop Stand"
"Mary","Ruth","Wireless Earbuds, USB-C Hub"
"Mary","Philip","Laptop Stand"
"Mary","Diana","Storage Shelf, Storage Shelf, Desk Organizer"
"Mary","Roger","Laptop Stand"
"Mary","Natalie","Bluetooth Headphones, Computer Speakers"
"Mary","Benjamin","Gaming Mouse Pad, Kitchen Blender, Kitchen Blender"
"Mary","Virginia","Webcam HD, Webcam HD"
"Mary","Bruce","Webcam HD, Webcam HD"
"Mary","Madison","Power Strip, Power Strip, Microphone, Microphone"
"Mary","Adam","Wall Clock"
"Mary","Abigail","Cable Organizer, Air Purifier"
"Mary","Gerald","Wireless Mouse"
"Mary","Lauren","Drawer Unit, Drawer Unit"
"Mary","Keith","Microphone"
"Mary","Isabella","Desk Organizer, Desk Organizer"
"Mary","Terry","External SSD, External SSD"
"Mary","Jane","Wall Clock, Wireless Charger"
"Mary","Wayne","Wireless Mouse"
"Mary","Amy","Microphone, Coffee Maker, Coffee Maker"
"Mary","Ralph","Webcam HD"
"Mary","Cynthia","Mechanical Keyboard"
"Mary","Smith","Water Bottle, Water Bottle, Wireless Presenter"
"Mary","Johnson","Office Chair, Office Chair"
"Mary","Williams","Cable Organizer"
"Mary","Brown","Food Processor, Standing Desk, Standing Desk"
"Mary","Jones","Throw Pillows, Bath Towels"
"Mary","Garcia","Tablet Stand"
"Mary","Miller","Wall Clock, Phone Grip"
"Mary","Davis","Mechanical Keyboard, Gaming Mouse Pad, Gaming Mouse Pad"
"Mary","Rodriguez","Kitchen Blender, Tablet Stand, Tablet Stand, Kitchen Blender"
"Mary","Martinez","Storage Containers, Monitor Stand"
"Mary","Hernandez","Power Strip, Noise Cancelling Headset"
"Mary","Lopez","Coffee Maker, Electric Kettle"
"Mary","Gonzalez","Laptop Stand, Gaming Keyboard, Gaming Keyboard"
"Mary","Wilson","Mechanical Keyboard"
"Mary","Anderson","Bluetooth Headphones, Rice Cooker"
"Mary","Thomas","Electric Kettle"
"Mary","Taylor","Desk Lamp"
"Mary","Moore","Phone Grip, Phone Grip"
"Mary","Jackson","Electric Kettle"
"Mary","Martin","WiFi Router, WiFi Router"
"Mary","Peter","USB-C Hub, Bluetooth Headphones"
"Mary","Victoria","Standing Desk"
"Mary","Raymond","Smart Watch, Food Processor"
"Mary","Julia","Tablet Stand, Tablet Stand, Gaming Keyboard"
"Mary","Scott","Mechanical Keyboard, Toaster Oven"
"Mary","Grace","Coffee Maker, Wall Clock, Coffee Maker"
"Mary","Dennis","Air Purifier, Wireless Presenter"
"Mary","Evelyn","Noise Cancelling Headset"
"Mary","Gregory","Food Processor, Food Processor, Wall Clock"
"Mary","Anna","Computer Speakers, Keyboard Wrist Rest, Computer Speakers"
"Mary","Walter","Smartphone Case, Wireless Mouse"
"Mary","Rose","Microphone, Wireless Presenter, Microphone"
"Mary","Patrick","Throw Pillows, Computer Speakers, Throw Pillows"
"Mary","Judith","WiFi Router, Webcam HD"
"Mary","Henry","Bath Towels"
"Mary","Christina","Laptop Stand"
"Mary","Douglas","Webcam HD"
"Mary","Maria","Food Processor, External SSD, External SSD"
"Mary","Harold","Cable Organizer, Cable Organizer"
"Mary","Nicole","Noise Cancelling Headset, WiFi Router"
"Mary","Alexander","Wireless Presenter"
"Mary","Megan","Tablet Stand"
"Mary","Samuel","Wireless Charger"
"Mary","Dorothy","File Cabinet, File Cabinet"
"Mary","Frank","Desk Mat"
"Mary","Sophia","Food Processor"
"Mary","Lawrence","Keyboard Wrist Rest"
"Mary","Alice","Toaster Oven, Toaster Oven, Bath Towels"
"Mary","Arthur","Microphone"
"Mary","Ruth","Tablet Stand"
"Mary","Philip","Rice Cooker"
"Mary","Diana","Throw Pillows, Desk Organizer"
"Mary","Roger","Kitchen Blender, Kitchen Blender, Bluetooth Headphones, Bluetooth Headphones"
"Mary","Natalie","Laptop Sleeve, Desk Lamp"
"Mary","Benjamin","WiFi Router, Microphone"
"Mary","Virginia","Gaming Keyboard, Portable Charger, Portable Charger"
"Mary","Bruce","File Cabinet, Storage Shelf"
"Mary","Madison","Bath Towels"
"Mary","Adam","Laptop Sleeve"
"Mary","Abigail","Water Bottle, Desk Mat, Water Bottle, Desk Mat"
"Mary","Gerald","Gaming Keyboard, Gaming Keyboard"
"Mary","Lauren","Noise Cancelling Headset, Storage Containers"
"Mary","Keith","Portable Charger, Portable Charger"
"Mary","Isabella","Storage Shelf, Standing Desk, Storage Shelf"
"Mary","Terry","Monitor Stand, 4K Monitor"
"Mary","Jane","Drawer Unit, Drawer Unit"
"Mary","Wayne","Gaming Keyboard, 4K Monitor"
"Mary","Amy","Food Processor, Wireless Presenter, Wireless Presenter"
"Mary","Ralph","External SSD, Food Processor"
"Mary","Cynthia","Webcam HD, Webcam HD"
"Mary","Smith","Desk Organizer, Bluetooth Headphones"
"Mary","Johnson","Storage Shelf"
"Mary","Williams","Office Chair, Desk Mat"
"Mary","Brown","Document Scanner, Document Scanner"
"Mary","Jones","Drawer Unit, Power Strip"
"Mary","Garcia","Storage Shelf, Laptop Stand, Laptop Stand"
"Mary","Miller","Gaming Mouse Pad, Phone Grip, Phone Grip"
"Mary","Davis","4K Monitor"
"Mary","Rodriguez","Gaming Mouse Pad"
"Mary","Martinez","Bookshelf, Laptop Sleeve, Bookshelf"
"Mary","Hernandez","Laptop Sleeve"
"Mary","Lopez","Monitor Stand, Smart Watch"
"Mary","Gonzalez","Tablet Stand"
"Mary","Wilson","Water Bottle"
"Mary","Anderson","Drawer Unit"
"Mary","Thomas","Noise Cancelling Headset, Noise Cancelling Headset"
"Mary","Taylor","Keyboard Wrist Rest"
"Mary","Moore","Storage Containers, Kitchen Blender, Storage Containers"
"Mary","Jackson","Microphone, Microphone"
"Mary","Martin","Air Purifier"
"Mary","Peter","Noise Cancelling Headset, Gaming Keyboard, Noise Cancelling Headset"
"Mary","Victoria","Office Chair, Wireless Mouse"
"Mary","Raymond","Standing Desk, Computer Speakers"
"Mary","Julia","Noise Cancelling Headset, Gaming Keyboard"
"Mary","Scott","Power Strip, Power Strip"
"Mary","Grace","Water Bottle, Water Bottle"
"Mary","Dennis","Phone Grip, WiFi Router"
"Mary","Evelyn","Rice Cooker"
"Mary","Gregory","Wireless Charger, Wireless Charger, Desk Mat, Desk Mat"
"Mary","Anna","Monitor Stand, Monitor Stand"
"Mary","Walter","Wireless Charger, Food Processor"
"Mary","Rose","Toaster Oven"
"Mary","Patrick","Storage Shelf, Wireless Mouse, Wireless Mouse"
"Mary","Judith","Toaster Oven"
"Mary","Henry","Office Chair"
"Mary","Christina","File Cabinet"
"Mary","Douglas","Air Purifier"
"Mary","Maria","USB-C Hub, USB-C Hub, Tablet Stand"
"Mary","Harold","Microphone, Microphone"
"Mary","Nicole","Office Chair"
"Mary","Alexander","Portable Charger, Air Purifier"
"Mary","Megan","Electric Kettle, Electric Kettle, Portable Charger"
"Mary","Samuel","External SSD, External SSD"
"Mary","Dorothy","Wireless Charger, Electric Kettle, Electric Kettle"
"Mary","Frank","Gaming Mouse Pad, Gaming Mouse Pad, Power Strip"
"Mary","Sophia","Smartphone Case"
"Mary","Lawrence","Wireless Earbuds, Wireless Earbuds"
"Mary","Alice","Wireless Charger, Gaming Keyboard"
"Mary","Arthur","WiFi Router, WiFi Router, Document Scanner"
"Mary","Ruth","Food Processor, File Cabinet"
"Mary","Philip","Desk Organizer"
"Mary","Diana","Gaming Keyboard, Gaming Keyboard"
"Mary","Roger","Bookshelf"
"Mary","Natalie","Throw Pillows, Storage Containers, Throw Pillows"
"Mary","Benjamin","Gaming Mouse Pad, Smartphone Case, Smartphone Case"
"Mary","Virginia","Screen Protector, Office Chair, Screen Protector"
"Mary","Bruce","Laptop Sleeve, Screen Protector"
"Mary","Madison","Desk Mat"
"Mary","Adam","Food Processor, Food Processor"
"Mary","Abigail","Phone Grip"
"Mary","Gerald","Noise Cancelling Headset, Noise Cancelling Headset, Monitor Stand"
"Mary","Lauren","Storage Shelf"
"Mary","Keith","Kitchen Blender"
"Mary","Isabella","Wireless Presenter, Wireless Presenter"
"Mary","Terry","Webcam HD, Webcam HD"
"Mary","Jane","Drawer Unit, Screen Protector"
"Mary","Wayne","Kitchen Blender, Kitchen Blender, File Cabinet"
"Mary","Amy","Computer Speakers, WiFi Router"
"Mary","Ralph","Smartphone Case, Smartphone Case"
"Mary","Cynthia","Office Chair, Throw Pillows"
"Mary","Smith","Keyboard Wrist Rest, Toaster Oven, Keyboard Wrist Rest"
"Mary","Johnson","Electric Kettle, Keyboard Wrist Rest, Electric Kettle"
"Mary","Williams","Smartphone Case, Smartphone Case, Smart Watch"
"Mary","Brown","Power Strip"
"Mary","Jones","Water Bottle, Laptop Sleeve"
"Mary","Garcia","Kitchen Blender, Kitchen Blender, Cable Organizer"
"Mary","Miller","Wireless Presenter, Wireless Presenter"
"Mary","Davis","Wall Clock, Kitchen Blender"
"Mary","Rodriguez","Gaming Keyboard, Storage Containers"
"Mary","Martinez","Monitor Stand, Monitor Stand"
"Mary","Hernandez","Bluetooth Headphones, Bluetooth Headphones"
"Mary","Lopez","Coffee Maker, Coffee Maker"
"Mary","Gonzalez","Bath Towels"
"Mary","Wilson","Smart Watch"
"Mary","Anderson","Mechanical Keyboard"
"Mary","Thomas","Bluetooth Headphones"
"Mary","Taylor","WiFi Router"
"Mary","Moore","Power Strip"
"Mary","Jackson","Bookshelf, Computer Speakers"
"Mary","Martin","Computer Speakers, Drawer Unit"
"Mary","Peter","Smartphone Case, Smartphone Case, Wireless Charger"
"Mary","Victoria","4K Monitor, Rice Cooker"
"Mary","Raymond","Gaming Keyboard"
"Mary","Julia","Bluetooth Headphones"
"Mary","Scott","Water Bottle"
"Mary","Grace","Office Chair, Gaming Keyboard, Gaming Keyboard"
"Mary","Dennis","Desk Lamp, External SSD, External SSD"
"Mary","Evelyn","4K Monitor"
"Mary","Gregory","Mechanical Keyboard"
"Mary","Anna","Bath Towels, Bath Towels, Rice Cooker"
"Mary","Walter","Storage Shelf, Storage Shelf"
"Mary","Rose","Bookshelf, Gaming Mouse Pad, Gaming Mouse Pad"
"Mary","Patrick","Drawer Unit, Office Chair"
"Mary","Judith","4K Monitor, Smart Watch"
"Mary","Henry","Bookshelf, Bookshelf"
"Mary","Christina","Toaster Oven, Microphone, Microphone"
"Mary","Douglas","Drawer Unit, File Cabinet"
"Mary","Maria","Microphone, Microphone"
"Mary","Harold","Power Strip, Standing Desk"
"Mary","Nicole","Air Purifier"
"Mary","Alexander","WiFi Router, WiFi Router"
"Mary","Megan","Standing Desk, Rice Cooker"
"Mary","Samuel","Desk Lamp, Desk Lamp"
"Mary","Dorothy","Gaming Keyboard, Throw Pillows"
"Mary","Frank","Water Bottle, Screen Protector"
"Mary","Sophia","Desk Organizer, Toaster Oven, Toaster Oven, Desk Organizer"
"Mary","Lawrence","Desk Mat, Desk Mat, Air Purifier"
"Mary","Alice","Food Processor, Food Processor, Microphone"
"Mary","Arthur","Food Processor, Microphone"
"Mary","Ruth","Screen Protector"
"Mary","Philip","4K Monitor, 4K Monitor"
"Mary","Diana","Throw Pillows, Throw Pillows"
"Mary","Roger","Desk Organizer, Desk Organizer"
"Mary","Natalie","Standing Desk, Standing Desk"
"Mary","Benjamin","Computer Speakers"
"Mary","Virginia","External SSD"
"Mary","Bruce","Laptop Sleeve"
"Mary","Madison","Storage Containers, USB-C Hub"
"Mary","Adam","Water Bottle, Tablet Stand"
"Mary","Abigail","Gaming Keyboard"
"Mary","Gerald","Desk Organizer, Desk Organizer, Computer Speakers, Computer Speakers"
"Mary","Lauren","Water Bottle, Smart Watch, Smart Watch, Water Bottle"
"Mary","Keith","Bath Towels, Bath Towels"
"Mary","Isabella","Storage Containers"
"Mary","Terry","Rice Cooker, Computer Speakers"
"Mary","Jane","USB-C Hub"
"Mary","Wayne","Wireless Presenter, Wireless Presenter, Desk Lamp"
"Mary","Amy","Computer Speakers, Air Purifier"
"Mary","Ralph","Kitchen Blender"
"Mary","Cynthia","Food Processor, Air Purifier"
"Mary","Smith","Document Scanner, Office Chair"
"Mary","Johnson","Office Chair"
"Mary","Williams","Storage Shelf, Throw Pillows"
"Mary","Brown","Drawer Unit, Drawer Unit"
"Mary","Jones","WiFi Router, Smartphone Case"
"Mary","Garcia","Rice Cooker"
"Mary","Miller","USB-C Hub, USB-C Hub, Wireless Presenter"
"Mary","Davis","Portable Charger, Air Purifier, Air Purifier"
"Mary","Rodriguez","Wireless Mouse, Wireless Mouse"
"Mary","Martinez","Laptop Stand, Wireless Charger"
"Mary","Hernandez","Water Bottle, Screen Protector"
"Mary","Lopez","Wireless Charger"
"Mary","Gonzalez","Laptop Stand"
"Mary","Wilson","Water Bottle"
"Mary","Anderson","WiFi Router, WiFi Router"
"Mary","Thomas","Desk Organizer, Desk Organizer, Power Strip"
"Mary","Taylor","Laptop Sleeve, Food Processor"
"Mary","Moore","Desk Mat"
"Mary","Jackson","Keyboard Wrist Rest, Keyboard Wrist Rest"
"Mary","Martin","Laptop Sleeve, Laptop Sleeve, Wall Clock"
"Mary","Peter","Phone Grip, Desk Organizer"
"Mary","Victoria","Phone Grip, Phone Grip"
"Mary","Raymond","Gaming Mouse Pad, Gaming Mouse Pad"
"Mary","Julia","Office Chair, Desk Mat"
"Mary","Scott","Drawer Unit"
"Mary","Grace","Throw Pillows, Water Bottle, Throw Pillows"
"Mary","Dennis","Standing Desk, Standing Desk"
"Mary","Evelyn","Microphone"
"Mary","Gregory","USB-C Hub, USB-C Hub"
"Mary","Anna","WiFi Router, WiFi Router, Bath Towels"
"Mary","Walter","Monitor Stand, Monitor Stand"
"Mary","Rose","Tablet Stand"
"Mary","Patrick","External SSD, File Cabinet, External SSD"
"Mary","Judith","Tablet Stand, Bath Towels, Tablet Stand"
"Mary","Henry","Microphone, Rice Cooker"
"Mary","Christina","Standing Desk, Screen Protector, Standing Desk"
"Mary","Douglas","Standing Desk, Standing Desk"
"Mary","Maria","Gaming Mouse Pad, Gaming Mouse Pad"
"Mary","Harold","Power Strip"
"Mary","Nicole","Microphone, Bluetooth Headphones"
"Mary","Alexander","Tablet Stand"
"Mary","Megan","Water Bottle"
"Mary","Samuel","Screen Protector, Kitchen Blender"
"Mary","Dorothy","Keyboard Wrist Rest, USB-C Hub, USB-C Hub"
"Mary","Frank","Food Processor"
"Mary","Sophia","File Cabinet, Tablet Stand, Tablet Stand"
"Mary","Lawrence","Cable Organizer"
"Mary","Alice","Bath Towels"
"Mary","Arthur","Storage Containers"
"Mary","Ruth","Desk Mat, Desk Organizer"
"Mary","Philip","Wireless Mouse"
"Mary","Diana","Monitor Stand, Portable Charger"
"Mary","Roger","Wireless Earbuds, Coffee Maker"
"Mary","Natalie","Standing Desk, Standing Desk"
"Mary","Benjamin","Toaster Oven"
"Mary","Virginia","Laptop Stand"
"Mary","Bruce","Storage Shelf"
"Mary","Madison","Smartphone Case"
"Mary","Adam","Food Processor"
"Mary","Abigail","4K Monitor, Electric Kettle"
"Mary","Gerald","Laptop Sleeve"
"Mary","Lauren","Wireless Mouse, Coffee Maker, Wireless Mouse"
"Mary","Keith","Monitor Stand, Laptop Sleeve"
"Mary","Isabella","Wireless Charger, Standing Desk"
"Mary","Terry","External SSD"
"Mary","Jane","Screen Protector"
"Mary","Wayne","Office Chair, Wireless Mouse, Wireless Mouse"
"Mary","Amy","Screen Protector"
"Mary","Ralph","Power Strip, Bath Towels, Bath Towels"
"Mary","Cynthia","Webcam HD"
"Mary","Smith","Phone Grip, Desk Mat, Desk Mat"
"Mary","Johnson","Drawer Unit"
"Mary","Williams","Phone Grip"
"Mary","Brown","Webcam HD, WiFi Router, Webcam HD"
"Mary","Jones","File Cabinet, Smartphone Case"
"Mary","Garcia","File Cabinet"
"Mary","Miller","Smartphone Case"
"Mary","Davis","Desk Lamp, Desk Lamp, Laptop Sleeve, Laptop Sleeve"
"Mary","Rodriguez","WiFi Router, Wall Clock"
"Mary","Martinez","Bookshelf"
"Mary","Hernandez","Wireless Charger, External SSD"
"Mary","Lopez","Wireless Presenter, Wireless Presenter"
"Mary","Gonzalez","Desk Mat, Coffee Maker"
"Mary","Wilson","4K Monitor"
"Mary","Anderson","Phone Grip, Wireless Presenter"
"Mary","Thomas","Portable Charger"
"Mary","Taylor","Gaming Keyboard, Gaming Keyboard"
"Mary","Moore","Gaming Keyboard, Wireless Mouse"
"Mary","Jackson","Desk Lamp, Air Purifier"
"Mary","Martin","Laptop Sleeve, Laptop Sleeve, Water Bottle, Water Bottle"
"Mary","Peter","Desk Organizer, Desk Organizer, Computer Speakers"
"Mary","Victoria","4K Monitor, 4K Monitor, Smartphone Case"
"Mary","Raymond","Wireless Mouse, USB-C Hub, USB-C Hub"
"Mary","Julia","Cable Organizer, Bookshelf, Cable Organizer"
"Mary","Scott","Smart Watch, Laptop Stand, Laptop Stand, Smart Watch"
"Mary","Grace","Smart Watch, Laptop Stand"
"Mary","Dennis","Electric Kettle"
"Mary","Evelyn","Kitchen Blender, Wireless Earbuds, Kitchen Blender, Wireless Earbuds"
"Mary","Gregory","Air Purifier, Air Purifier"
"Mary","Anna","Air Purifier, Electric Kettle, Electric Kettle"
"Mary","Walter","Desk Mat"
"Mary","Rose","Electric Kettle, Electric Kettle, Microphone, Microphone"
"Mary","Patrick","Food Processor, Throw Pillows"
"Mary","Judith","Air Purifier"
"Mary","Henry","External SSD, External SSD"
"Mary","Christina","Rice Cooker, Rice Cooker"
"Mary","Douglas","Wireless Charger, Wireless Charger"
"Mary","Maria","WiFi Router, WiFi Router"
"Mary","Harold","Computer Speakers, Screen Protector, Screen Protector"
"Mary","Nicole","Wireless Earbuds"
"Mary","Alexander","Wireless Mouse, Storage Containers, Wireless Mouse"
"Mary","Megan","Webcam HD, Noise Cancelling Headset, Noise Cancelling Headset"
"Mary","Samuel","Toaster Oven, Toaster Oven"
"Mary","Dorothy","Smartphone Case, Monitor Stand"
"Mary","Frank","Microphone"
"Mary","Sophia","Cable Organizer, Laptop Stand, Laptop Stand"
"Mary","Lawrence","Drawer Unit, Laptop Stand"
"Mary","Alice","Microphone, Microphone"
"Mary","Arthur","Bluetooth Headphones, Bluetooth Headphones"
"Mary","Ruth","Office Chair, Standing Desk, Office Chair"
"Mary","Philip","WiFi Router, Office Chair"
"Mary","Diana","Wireless Charger"
"Mary","Roger","Tablet Stand, Tablet Stand"
"Mary","Natalie","Microphone, Laptop Sleeve"
"Mary","Benjamin","Microphone"
"Mary","Virginia","Monitor Stand"
"Mary","Bruce","Bath Towels"
"Mary","Madison","Gaming Mouse Pad, Cable Organizer"
"Mary","Adam","Webcam HD, Bookshelf, Webcam HD"
"Mary","Abigail","USB-C Hub"
"Mary","Gerald","Phone Grip, Portable Charger"
"Mary","Lauren","Water Bottle, Air Purifier"
"Mary","Keith","Standing Desk, Monitor Stand"
"Mary","Isabella","Gaming Keyboard, Gaming Keyboard"
"Mary","Terry","Desk Lamp"
"Mary","Jane","Wall Clock"
"Mary","Wayne","Mechanical Keyboard, Mechanical Keyboard"
"Mary","Amy","WiFi Router"
"Mary","Ralph","Computer Speakers, Mechanical Keyboard, Mechanical Keyboard"
"Mary","Cynthia","External SSD"
"Mary","Smith","Storage Containers, Desk Organizer"
"Mary","Johnson","Water Bottle, Water Bottle"
"Mary","Williams","Wall Clock"
"Mary","Brown","Wireless Presenter"
"Mary","Jones","Laptop Stand, Phone Grip, Laptop Stand, Phone Grip"
"Mary","Garcia","Toaster Oven, Toaster Oven"
"Mary","Miller","Keyboard Wrist Rest"
"Mary","Davis","Portable Charger, Webcam HD"
"Mary","Rodriguez","Power Strip, Throw Pillows, Throw Pillows"
"Mary","Martinez","Storage Shelf, Tablet Stand, Tablet Stand"
"Mary","Hernandez","External SSD"
"Mary","Lopez","Electric Kettle"
"Mary","Gonzalez","Wireless Mouse, Wireless Mouse, Smart Watch, Smart Watch"
"Mary","Wilson","Document Scanner, Wireless Presenter, Document Scanner"
"Mary","Anderson","Drawer Unit, Gaming Mouse Pad"
"Mary","Thomas","Desk Organizer"
"Mary","Taylor","Cable Organizer"
"Mary","Moore","WiFi Router"
"Mary","Jackson","Tablet Stand"
"Mary","Martin","Water Bottle, Bluetooth Headphones, Bluetooth Headphones"
"Mary","Peter","Power Strip, Electric Kettle"
"Mary","Victoria","Power Strip, Desk Organizer"
"Mary","Raymond","Wall Clock, Electric Kettle"
"Mary","Julia","Desk Mat, Office Chair, Desk Mat"
"Mary","Scott","Bath Towels, Monitor Stand"
"Mary","Grace","Smartphone Case, Water Bottle, Water Bottle"
"Mary","Dennis","Microphone, Coffee Maker, Microphone"
"Mary","Evelyn","Storage Containers"
"Mary","Gregory","Rice Cooker"
"Mary","Anna","Keyboard Wrist Rest"
"Mary","Walter","Portable Charger, Coffee Maker, Coffee Maker"
"Mary","Rose","Wireless Earbuds, Toaster Oven"
"Mary","Patrick","Mechanical Keyboard"
"Mary","Judith","Document Scanner"
"Mary","Henry","Laptop Stand"
"Mary","Christina","Computer Speakers, Computer Speakers"
"Mary","Douglas","Throw Pillows"
"Mary","Maria","Microphone, Portable Charger"
"Mary","Harold","Wireless Presenter, Wireless Presenter, Noise Cancelling Headset"
"Mary","Nicole","Wireless Presenter"
"Mary","Alexander","Phone Grip"
"Mary","Megan","Gaming Keyboard"
"Mary","Samuel","Bookshelf"
"Mary","Dorothy","Smartphone Case, 4K Monitor"
"Mary","Frank","Electric Kettle, Wall Clock"
"Mary","Sophia","WiFi Router"
"Mary","Lawrence","Bluetooth Headphones, Bluetooth Headphones"
"Mary","Alice","4K Monitor, 4K Monitor, Screen Protector"
"Mary","Arthur","Laptop Sleeve, Desk Organizer, Desk Organizer"
"Mary","Ruth","Bluetooth Headphones, Bluetooth Headphones"
"Mary","Philip","Gaming Mouse Pad, Water Bottle, Water Bottle, Gaming Mouse Pad"
"Mary","Diana","Wireless Mouse"
"Mary","Roger","Gaming Keyboard, Wall Clock"
"Mary","Natalie","External SSD, Bookshelf"
"Mary","Benjamin","Toaster Oven, Toaster Oven"
"Mary","Virginia","Desk Lamp, Gaming Keyboard, Gaming Keyboard"
"Mary","Bruce","Toaster Oven, 4K Monitor"
"Mary","Madison","Power Strip"
"Mary","Adam","Wireless Charger"
"Mary","Abigail","Water Bottle, Water Bottle"
"Mary","Gerald","Office Chair, Office Chair"
"Mary","Lauren","File Cabinet"
"Mary","Keith","Keyboard Wrist Rest, Keyboard Wrist Rest, Keyboard Wrist Rest, Keyboard Wrist Rest"
"Mary","Isabella","Mechanical Keyboard, Wireless Presenter, Wireless Presenter"
"Mary","Terry","Standing Desk, External SSD, External SSD"
"Mary","Jane","Gaming Mouse Pad, Gaming Mouse Pad, WiFi Router"
"Mary","Wayne","Microphone"
"Mary","Amy","Webcam HD, Webcam HD, Document Scanner"
"Mary","Ralph","External SSD"
"Mary","Cynthia","Gaming Keyboard, Gaming Keyboard, Tablet Stand"
"Mary","Smith","Gaming Mouse Pad, Water Bottle"
"Mary","Johnson","Noise Cancelling Headset"
"Mary","Williams","Keyboard Wrist Rest"
"Mary","Brown","Document Scanner, Mechanical Keyboard, Document Scanner"
"Mary","Jones","Noise Cancelling Headset, Coffee Maker, Coffee Maker"
"Mary","Garcia","Keyboard Wrist Rest, Cable Organizer"
"Mary","Miller","Microphone, Phone Grip"
"Mary","Davis","Keyboard Wrist Rest"
"Mary","Rodriguez","Air Purifier, Air Purifier"
"Mary","Martinez","Gaming Keyboard, Gaming Keyboard"
"Mary","Hernandez","Desk Organizer"
"Mary","Lopez","Computer Speakers"
"Mary","Gonzalez","Desk Lamp"
"Mary","Wilson","Phone Grip"
"Mary","Anderson","File Cabinet, File Cabinet, External SSD, External SSD"
"Mary","Thomas","Noise Cancelling Headset, Desk Mat"
"Mary","Taylor","Wireless Charger"
"Mary","Moore","4K Monitor, 4K Monitor"
"Mary","Jackson","Standing Desk, Standing Desk"
"Mary","Martin","Portable Charger, Portable Charger"
"Mary","Peter","Tablet Stand"
"Mary","Victoria","Phone Grip"
"Mary","Raymond","Phone Grip"
"Mary","Julia","USB-C Hub, Keyboard Wrist Rest, USB-C Hub"
"Mary","Scott","Kitchen Blender"
"Mary","Grace","Keyboard Wrist Rest"
"Mary","Dennis","Mechanical Keyboard"
"Mary","Evelyn","Screen Protector, Microphone"
"Mary","Gregory","Storage Shelf, Screen Protector, Screen Protector"
"Mary","Anna","Desk Lamp, Smart Watch, Desk Lamp"
"Mary","Walter","WiFi Router"
"Mary","Rose","Laptop Sleeve, Computer Speakers, Laptop Sleeve"
"Mary","Patrick","Coffee Maker"
"Mary","Judith","Air Purifier, Office Chair"
"Mary","Henry","Throw Pillows, Throw Pillows"
"Mary","Christina","Computer Speakers, Office Chair"
"Mary","Douglas","Screen Protector, Toaster Oven, Screen Protector"
"Mary","Maria","Webcam HD"
"Mary","Harold","Power Strip"
"Mary","Nicole","File Cabinet, Wall Clock, File Cabinet, Wall Clock"
"Mary","Alexander","Toaster Oven, Webcam HD"
"Mary","Megan","Gaming Keyboard, Coffee Maker, Gaming Keyboard"
"Mary","Samuel","Storage Shelf, Computer Speakers"
"Mary","Dorothy","Noise Cancelling Headset, Noise Cancelling Headset, Smartphone Case"
"Mary","Frank","Desk Lamp, Toaster Oven"
"Mary","Sophia","Noise Cancelling Headset, Screen Protector, Noise Cancelling Headset"
"Mary","Lawrence","Bath Towels, Microphone, Microphone, Bath Towels"
"Mary","Alice","Screen Protector, Screen Protector, Wireless Charger"
"Mary","Arthur","Coffee Maker, Phone Grip, Phone Grip"
"Mary","Ruth","Mechanical Keyboard, Mechanical Keyboard"
"Mary","Philip","Bluetooth Headphones, Cable Organizer"
"Mary","Diana","Drawer Unit"
"Mary","Roger","Mechanical Keyboard"
"Mary","Natalie","Mechanical Keyboard, Bath Towels, Mechanical Keyboard"
"Mary","Benjamin","Food Processor"
"Mary","Virginia","File Cabinet, File Cabinet"
"Mary","Bruce","Air Purifier"
"Mary","Madison","Bath Towels, Wireless Mouse"
"Mary","Adam","Wireless Mouse, Wireless Earbuds"
"Mary","Abigail","Office Chair, Office Chair"
"Mary","Gerald","Standing Desk, Mechanical Keyboard"
"Mary","Lauren","Smartphone Case, Gaming Mouse Pad"
"Mary","Keith","Laptop Sleeve"
"Mary","Isabella","Smart Watch, Desk Mat"
"Mary","Terry","Bluetooth Headphones, Rice Cooker, Rice Cooker"
"Mary","Jane","Bookshelf, Bookshelf"
"Mary","Wayne","Water Bottle"
"Mary","Amy","Bath Towels, Bath Towels"
"Mary","Ralph","Gaming Keyboard"
"Mary","Cynthia","Webcam HD, Laptop Stand"
"Mary","Smith","4K Monitor, Desk Mat, 4K Monitor"
"Mary","Johnson","Bluetooth Headphones, Bluetooth Headphones, Laptop Stand"
"Mary","Williams","Office Chair, Office Chair, Wireless Charger"
"Mary","Brown","Rice Cooker"
"Mary","Jones","Bath Towels, Bath Towels, Phone Grip"
"Mary","Garcia","Mechanical Keyboard, Throw Pillows"
"Mary","Miller","Tablet Stand, Gaming Keyboard"
"Mary","Davis","Food Processor"
"Mary","Rodriguez","Electric Kettle"
"Mary","Martinez","Portable Charger, Webcam HD"
"Mary","Hernandez","Power Strip, Desk Lamp"
"Mary","Lopez","Throw Pillows"
"Mary","Gonzalez","Noise Cancelling Headset"
"Mary","Wilson","Smart Watch, Wireless Charger, Wireless Charger, Smart Watch"
"Mary","Anderson","Desk Organizer, Desk Organizer"
"Mary","Thomas","Kitchen Blender, Kitchen Blender, Cable Organizer"
"Mary","Taylor","Portable Charger, Portable Charger"
"Mary","Moore","Monitor Stand, Monitor Stand, Bath Towels"
"Mary","Jackson","Kitchen Blender"
"Mary","Martin","4K Monitor, 4K Monitor"
"Mary","Peter","Rice Cooker, Laptop Sleeve, Laptop Sleeve"
"Mary","Victoria","Storage Containers, Gaming Mouse Pad"
"Mary","Raymond","Power Strip, Laptop Sleeve"
"Mary","Julia","Water Bottle"
"Mary","Scott","Cable Organizer"
"Mary","Grace","Water Bottle"
"Mary","Dennis","4K Monitor, Office Chair, 4K Monitor"
"Mary","Evelyn","Air Purifier"
"Mary","Gregory","Water Bottle, Water Bottle"
"Mary","Anna","Smartphone Case, Smartphone Case"
"Mary","Walter","WiFi Router, Gaming Keyboard, WiFi Router"
"Mary","Rose","Mechanical Keyboard"
"Mary","Patrick","Coffee Maker, Portable Charger"
"Mary","Judith","Noise Cancelling Headset, Gaming Keyboard"
"Mary","Henry","Electric Kettle, Electric Kettle"
"Mary","Christina","Throw Pillows"
"Mary","Douglas","Storage Shelf"
"Mary","Maria","Water Bottle"
"Mary","Harold","Smartphone Case, 4K Monitor"
"Mary","Nicole","Storage Containers, Laptop Stand, Laptop Stand"
"Mary","Alexander","Phone Grip, Wall Clock"
"Mary","Megan","Smartphone Case, Smartphone Case, 4K Monitor, 4K Monitor"
"Mary","Samuel","Keyboard Wrist Rest, Keyboard Wrist Rest"
"Mary","Dorothy","Wireless Charger, USB-C Hub, USB-C Hub, Wireless Charger"
"Mary","Frank","Kitchen Blender, Tablet Stand"
"Mary","Sophia","Cable Organizer"
"Mary","Lawrence","Monitor Stand, Monitor Stand, Air Purifier, Air Purifier"
"Mary","Alice","Laptop Stand, Laptop Stand, Smartphone Case"
"Mary","Arthur","File Cabinet"
"Mary","Ruth","File Cabinet"
"Mary","Philip","Gaming Mouse Pad"
"Mary","Diana","Webcam HD, File Cabinet"
"Mary","Roger","Desk Lamp"
"Mary","Natalie","Document Scanner"
"Mary","Benjamin","Mechanical Keyboard, Mechanical Keyboard"
"Mary","Virginia","Document Scanner, Toaster Oven"
"Mary","Bruce","Computer Speakers, Computer Speakers"
"Mary","Madison","Coffee Maker, Coffee Maker"
"Mary","Adam","Power Strip, Bluetooth Headphones"
"Mary","Abigail","4K Monitor"
"Mary","Gerald","Webcam HD, Power Strip, Webcam HD"
"Mary","Lauren","Wireless Mouse, Wireless Mouse, USB-C Hub"
"Mary","Keith","Bluetooth Headphones, Phone Grip, Bluetooth Headphones"
"Mary","Isabella","Desk Mat"
"Mary","Terry","Storage Containers, Storage Containers"
"Mary","Jane","Document Scanner"
"Mary","Wayne","Wall Clock"
"Mary","Amy","Storage Containers"
"Mary","Ralph","Laptop Stand, Laptop Stand, Storage Containers, Storage Containers"
"Mary","Cynthia","Wireless Charger, Wireless Charger"
"Mary","Smith","Gaming Keyboard, Gaming Keyboard"
"Mary","Johnson","Smart Watch"
"Mary","Williams","Water Bottle"
"Mary","Brown","Screen Protector, Computer Speakers"
"Mary","Jones","Desk Lamp"
"Mary","Garcia","Monitor Stand, Monitor Stand"
"Mary","Miller","Gaming Keyboard, Gaming Keyboard"
"Mary","Davis","Rice Cooker, Rice Cooker"
"Mary","Rodriguez","Bluetooth Headphones, Storage Shelf"
"Mary","Martinez","Bath Towels"
"Mary","Hernandez","Bath Towels, Water Bottle, Water Bottle"
"Mary","Lopez","4K Monitor, File Cabinet"
"Mary","Gonzalez","Air Purifier, Air Purifier"
"Mary","Wilson","Power Strip"
"Mary","Anderson","Food Processor"
"Mary","Thomas","Air Purifier"
"Mary","Taylor","Gaming Keyboard, Gaming Keyboard"
"Mary","Moore","Monitor Stand, Keyboard Wrist Rest, Monitor Stand, Keyboard Wrist Rest"
"Mary","Jackson","Kitchen Blender"
"Mary","Martin","Kitchen Blender"
"Mary","Peter","Bath Towels"
"Mary","Victoria","Water Bottle"
"Mary","Raymond","Desk Mat, Rice Cooker"
"Mary","Julia","Office Chair, Standing Desk"
"Mary","Scott","Mechanical Keyboard, Mechanical Keyboard"
"Mary","Grace","Wireless Earbuds, Bluetooth Headphones, Bluetooth Headphones"
"Mary","Dennis","Coffee Maker"
"Mary","Evelyn","Drawer Unit"
"Mary","Gregory","Standing Desk, Standing Desk, Wireless Earbuds, Wireless Earbuds"
"Mary","Anna","4K Monitor"
"Mary","Walter","Tablet Stand"
"Mary","Rose","Toaster Oven, Bookshelf, Bookshelf"
"Mary","Patrick","WiFi Router, Portable Charger"
"Mary","Judith","Bath Towels, Wall Clock, Bath Towels"
"Mary","Henry","Tablet Stand, Tablet Stand, Drawer Unit"
"Mary","Christina","Smartphone Case, Wireless Presenter"
"Mary","Douglas","Desk Lamp, Bath Towels"
"Mary","Maria","Food Processor, Water Bottle"
"Mary","Harold","Wireless Mouse, External SSD"
"Mary","Nicole","Storage Shelf, Smart Watch"
"Mary","Alexander","Kitchen Blender"
"Mary","Megan","Storage Shelf"
"Mary","Samuel","Standing Desk, Smart Watch"
"Mary","Dorothy","Desk Organizer"
"Mary","Frank","USB-C Hub, Smartphone Case, Smartphone Case"
"Mary","Sophia","Throw Pillows, Bluetooth Headphones, Bluetooth Headphones, Throw Pillows"
"Mary","Lawrence","Food Processor"
"Mary","Alice","Document Scanner, Document Scanner, Wall Clock"
"Mary","Arthur","Kitchen Blender, Computer Speakers"
"Mary","Ruth","Document Scanner, Laptop Stand, Document Scanner, Laptop Stand"
"Mary","Philip","Noise Cancelling Headset, Noise Cancelling Headset"
"Mary","Diana","Toaster Oven, Computer Speakers, Toaster Oven, Computer Speakers"
"Mary","Roger","Storage Shelf, Electric Kettle, Electric Kettle"
"Mary","Natalie","Document Scanner, Storage Containers"
"Mary","Benjamin","Desk Organizer, Desk Organizer"
"Mary","Virginia","Toaster Oven"
"Mary","Bruce","4K Monitor"
"Mary","Madison","Laptop Sleeve, Laptop Sleeve, Wireless Presenter, Wireless Presenter"
"Mary","Adam","Standing Desk, Noise Cancelling Headset"
"Mary","Abigail","Cable Organizer, Office Chair, Cable Organizer"
"Mary","Gerald","Gaming Keyboard, Gaming Keyboard"
"Mary","Lauren","Desk Mat"
"Mary","Keith","USB-C Hub, USB-C Hub"
"Mary","Isabella","Computer Speakers, Computer Speakers, Wireless Charger"
"Mary","Terry","Wireless Charger, Wireless Charger"
"Mary","Jane","Storage Shelf, Storage Shelf, Gaming Mouse Pad"
"Mary","Wayne","External SSD, External SSD"
"Mary","Amy","Air Purifier"
"Mary","Ralph","Storage Shelf, Gaming Mouse Pad, Storage Shelf, Gaming Mouse Pad"
"Mary","Cynthia","Wireless Presenter, Gaming Keyboard"
"Mary","Smith","Drawer Unit, Drawer Unit, Storage Containers"
"Mary","Johnson","Laptop Stand, Laptop Stand"
"Mary","Williams","Mechanical Keyboard, Mechanical Keyboard"
"Mary","Brown","Bookshelf, Bookshelf"
"Mary","Jones","Coffee Maker, Microphone, Coffee Maker, Microphone"
"Mary","Garcia","Microphone"
"Mary","Miller","Office Chair, Office Chair, Gaming Keyboard"
"Mary","Davis","Tablet Stand, Tablet Stand, WiFi Router"
"Mary","Rodriguez","External SSD, Standing Desk"
"Mary","Martinez","Bookshelf, Bookshelf, Throw Pillows"
"Mary","Hernandez","File Cabinet, File Cabinet, Wireless Charger"
"Mary","Lopez","Monitor Stand, Portable Charger"
"Mary","Gonzalez","File Cabinet"
"Mary","Wilson","Screen Protector, Smart Watch"
"Mary","Anderson","Drawer Unit, Screen Protector"
"Mary","Thomas","Gaming Keyboard"
"Mary","Taylor","Water Bottle, Mechanical Keyboard"
"Mary","Moore","Bookshelf"
"Mary","Jackson","Drawer Unit, Desk Organizer, Desk Organizer"
"Mary","Martin","Coffee Maker, Coffee Maker"
"Mary","Peter","4K Monitor, 4K Monitor, Desk Lamp"
"Mary","Victoria","Phone Grip, Gaming Keyboard, Gaming Keyboard, Phone Grip"
"Mary","Raymond","Bath Towels, Bath Towels"
"Mary","Julia","4K Monitor, Bookshelf"
"Mary","Scott","Food Processor, Food Processor, Kitchen Blender, Kitchen Blender"
"Mary","Grace","4K Monitor, 4K Monitor"
"Mary","Dennis","Webcam HD, Phone Grip"
"Mary","Evelyn","Bookshelf"
"Mary","Gregory","Gaming Keyboard, Wireless Earbuds"
"Mary","Anna","Rice Cooker"
"Mary","Walter","Keyboard Wrist Rest, Office Chair, Keyboard Wrist Rest"
"Mary","Rose","Rice Cooker, Wireless Earbuds, Wireless Earbuds, Rice Cooker"
"Mary","Patrick","File Cabinet, Monitor Stand, Monitor Stand"
"Mary","Judith","Gaming Mouse Pad, Gaming Mouse Pad"
"Mary","Henry","Wireless Earbuds"
"Mary","Christina","Desk Organizer, Laptop Sleeve"
"Mary","Douglas","Screen Protector"
"Mary","Maria","Smart Watch, Toaster Oven"
"Mary","Harold","Drawer Unit, Gaming Mouse Pad, Gaming Mouse Pad, Drawer Unit"
"Mary","Nicole","Mechanical Keyboard, Desk Mat, Mechanical Keyboard, Desk Mat"
"Mary","Alexander","Webcam HD, Document Scanner"
"Mary","Megan","Throw Pillows"
"Mary","Samuel","Monitor Stand, Noise Cancelling Headset"
"Mary","Dorothy","Gaming Keyboard, Wireless Earbuds"
"Mary","Frank","Food Processor, Desk Lamp, Food Processor"
"Mary","Sophia","Desk Lamp, Bluetooth Headphones, Desk Lamp"
"Mary","Lawrence","Keyboard Wrist Rest"
"Mary","Alice","Food Processor"
"Mary","Arthur","Bath Towels, Bath Towels"
"Mary","Ruth","Coffee Maker"
"Mary","Philip","Keyboard Wrist Rest"
"Mary","Diana","Electric Kettle, Electric Kettle"
"Mary","Roger","Phone Grip, File Cabinet"
"Mary","Natalie","Tablet Stand, Wall Clock"
"Mary","Benjamin","Document Scanner, Microphone"
"Mary","Virginia","Desk Lamp, USB-C Hub"
"Mary","Bruce","Rice Cooker"
"Mary","Madison","Food Processor, Food Processor"
"Mary","Adam","Bath Towels, Bath Towels"
"Mary","Abigail","Laptop Sleeve, Air Purifier, Laptop Sleeve"
"Mary","Gerald","Air Purifier, Air Purifier"
"Mary","Lauren","Wireless Earbuds, Wireless Earbuds"
"Mary","Keith","Computer Speakers, Computer Speakers"
"Mary","Isabella","Storage Shelf, External SSD, Storage Shelf"
"Mary","Terry","Smart Watch, Smart Watch"
"Mary","Jane","Computer Speakers, Computer Speakers"
"Mary","Wayne","Tablet Stand"
"Mary","Amy","Wall Clock, Storage Shelf"
"Mary","Ralph","Desk Mat, Wireless Charger"
"Mary","Cynthia","Air Purifier, Air Purifier"
"Mary","Smith","Phone Grip, Standing Desk"
"Mary","Johnson","Water Bottle, Document Scanner, Document Scanner"
"Mary","Williams","Bath Towels, Electric Kettle, Electric Kettle"
"Mary","Brown","Desk Organizer, Desk Organizer, Webcam HD"
"Mary","Jones","Monitor Stand, Monitor Stand"
"Mary","Garcia","Wall Clock, Water Bottle"
"Mary","Miller","Standing Desk, Standing Desk"
"Mary","Davis","Kitchen Blender"
"Mary","Rodriguez","Wireless Mouse"
"Mary","Martinez","Office Chair, Office Chair"
"Mary","Hernandez","Bath Towels, Electric Kettle, Bath Towels"
"Mary","Lopez","Microphone"
"Mary","Gonzalez","Computer Speakers, Computer Speakers"
"Mary","Wilson","Portable Charger, Portable Charger"
"Mary","Anderson","Wall Clock, Wall Clock, Smartphone Case"
"Mary","Thomas","Desk Mat, Monitor Stand"
"Mary","Taylor","External SSD"
"Mary","Moore","Desk Mat, Desk Mat"
"Mary","Jackson","Mechanical Keyboard, Rice Cooker, Rice Cooker"
"Mary","Martin","Screen Protector, Screen Protector"
"Mary","Peter","Water Bottle, External SSD"
"Mary","Victoria","Water Bottle"
"Mary","Raymond","Storage Containers, Drawer Unit"
"Mary","Julia","Tablet Stand, Monitor Stand"
"Mary","Scott","Desk Mat, Storage Shelf, Storage Shelf, Desk Mat"
"Mary","Grace","Microphone"
"Mary","Dennis","Smart Watch, Bath Towels"
"Mary","Evelyn","Kitchen Blender, Kitchen Blender"
"Mary","Gregory","Smart Watch, 4K Monitor, 4K Monitor"
"Mary","Anna","Air Purifier, USB-C Hub, Air Purifier"
"Mary","Walter","Noise Cancelling Headset"
"Mary","Rose","Wireless Charger"
"Mary","Patrick","Cable Organizer, Power Strip, Cable Organizer"
"Mary","Judith","Gaming Mouse Pad, Gaming Mouse Pad"
"Mary","Henry","Wireless Mouse, Wireless Mouse"
"Mary","Christina","Storage Shelf, Tablet Stand"
"Mary","Douglas","Tablet Stand"
"Mary","Maria","Water Bottle, Kitchen Blender, Kitchen Blender"
"Mary","Harold","Desk Lamp"
"Mary","Nicole","Keyboard Wrist Rest"
"Mary","Alexander","Tablet Stand"
"Mary","Megan","Toaster Oven, Food Processor"
"Mary","Samuel","Air Purifier, Rice Cooker"
"Mary","Dorothy","Gaming Mouse Pad"
"Mary","Frank","External SSD, Throw Pillows, Throw Pillows"
"Mary","Sophia","Standing Desk, Coffee Maker"
"Mary","Lawrence","Wireless Charger"
"Mary","Alice","Document Scanner, Desk Organizer, Document Scanner"
"Mary","Arthur","Keyboard Wrist Rest"
"Mary","Ruth","Tablet Stand"
"Mary","Philip","Computer Speakers"
"Mary","Diana","Wireless Mouse"
"Mary","Roger","Air Purifier"
"Mary","Natalie","Keyboard Wrist Rest, Keyboard Wrist Rest, Keyboard Wrist Rest"
"Mary","Benjamin","Noise Cancelling Headset, Drawer Unit, Noise Cancelling Headset"
"Mary","Virginia","Water Bottle, Bookshelf, Water Bottle"
"Mary","Bruce","Keyboard Wrist Rest, Toaster Oven"
"Mary","Madison","Laptop Stand, Laptop Stand, External SSD, External SSD"
"Mary","Adam","4K Monitor"
"Mary","Abigail","Coffee Maker"
"Mary","Gerald","Electric Kettle"
"Mary","Lauren","WiFi Router"
"Mary","Keith","Microphone, Mechanical Keyboard"
"Mary","Isabella","Wall Clock"
"Mary","Terry","WiFi Router"
"Mary","Jane","Kitchen Blender, Kitchen Blender"
"Mary","Wayne","Wireless Charger"
"Mary","Amy","Water Bottle, Water Bottle"
"Mary","Ralph","Toaster Oven"
"Mary","Cynthia","Portable Charger, Desk Mat"
"Mary","Smith","4K Monitor"
"Mary","Johnson","Wireless Presenter, Wireless Presenter"
"Mary","Williams","Throw Pillows, Throw Pillows"
"Mary","Brown","Laptop Stand, USB-C Hub"
"Mary","Jones","Mechanical Keyboard"
"Mary","Garcia","Laptop Sleeve, Drawer Unit"
"Mary","Miller","Rice Cooker, Computer Speakers"
"Mary","Davis","Throw Pillows, Throw Pillows"
"Mary","Rodriguez","Screen Protector"
"Mary","Martinez","Coffee Maker, Storage Containers"
"Mary","Hernandez","Bluetooth Headphones, External SSD, External SSD"
"Mary","Lopez","Noise Cancelling Headset"
"Mary","Gonzalez","Gaming Mouse Pad, Gaming Mouse Pad"
"Mary","Wilson","USB-C Hub, Desk Organizer, Desk Organizer, USB-C Hub"
"Mary","Anderson","Noise Cancelling Headset"
"Mary","Thomas","Storage Containers, Storage Containers"
"Mary","Taylor","Desk Mat, Throw Pillows"
"Mary","Moore","Document Scanner, Document Scanner, Rice Cooker"
"Mary","Jackson","Air Purifier, Desk Organizer"
"Mary","Martin","Cable Organizer, Computer Speakers"
"Mary","Peter","Bluetooth Headphones, Throw Pillows, Throw Pillows"
"Mary","Victoria","Wall Clock, File Cabinet"
"Mary","Raymond","Drawer Unit, Coffee Maker"
"Mary","Julia","Tablet Stand, Tablet Stand"
"Mary","Scott","Air Purifier, Air Purifier"
"Mary","Grace","Air Purifier, External SSD"
"Mary","Dennis","Office Chair"
"Mary","Evelyn","Desk Organizer, Desk Organizer"
"Mary","Gregory","Mechanical Keyboard"
"Mary","Anna","Tablet Stand, Desk Mat"
"Mary","Walter","Desk Mat, Bluetooth Headphones"
"Mary","Rose","Wireless Presenter, Storage Shelf"
"Mary","Patrick","Wireless Mouse"
"Mary","Judith","Storage Containers, Standing Desk, Storage Containers"
"Mary","Henry","Document Scanner, Portable Charger"
"Mary","Christina","Standing Desk, Cable Organizer, Cable Organizer"
"Mary","Douglas","4K Monitor, 4K Monitor, Electric Kettle"
"Mary","Maria","USB-C Hub, USB-C Hub"
"Mary","Harold","Air Purifier, Coffee Maker"
"Mary","Nicole","Microphone, Microphone, Tablet Stand"
"Mary","Alexander","Keyboard Wrist Rest, Keyboard Wrist Rest"
"Mary","Megan","Portable Charger, Office Chair, Portable Charger"
"Mary","Samuel","Wall Clock, Smartphone Case"
"Mary","Dorothy","Rice Cooker, Storage Containers"
"Mary","Frank","Phone Grip"
"Mary","Sophia","Wireless Presenter, Wireless Presenter"
"Mary","Lawrence","Electric Kettle, Computer Speakers, Computer Speakers"
"Mary","Alice","Air Purifier, Air Purifier"
"Mary","Arthur","4K Monitor"
"Mary","Ruth","Throw Pillows, Mechanical Keyboard, Throw Pillows"
"Mary","Philip","Electric Kettle, Wireless Earbuds, Electric Kettle"
"Mary","Diana","Mechanical Keyboard"
"Mary","Roger","Smartphone Case, Computer Speakers, Computer Speakers"
"Mary","Natalie","Wireless Earbuds"
"Mary","Benjamin","Screen Protector, Smartphone Case, Screen Protector"
"Mary","Virginia","Food Processor"
"Mary","Bruce","Mechanical Keyboard, Screen Protector, Screen Protector, Mechanical Keyboard"
"Mary","Madison","Noise Cancelling Headset, Noise Cancelling Headset"
"Mary","Adam","Microphone, Microphone"
"Mary","Abigail","Wireless Presenter, Food Processor"
"Mary","Gerald","Tablet Stand"
"Mary","Lauren","Office Chair, Office Chair"
"Mary","Keith","Gaming Mouse Pad"
"Mary","Isabella","Microphone, Computer Speakers"
"Mary","Terry","Wireless Earbuds"
"Mary","Jane","Smart Watch, Mechanical Keyboard"
"Mary","Wayne","Smartphone Case, Smartphone Case, Computer Speakers"
"Mary","Amy","USB-C Hub, Monitor Stand, Monitor Stand"
"Mary","Ralph","Smartphone Case"
"Mary","Cynthia","Mechanical Keyboard, Mechanical Keyboard, Laptop Stand"
"Mary","Smith","Microphone, Storage Containers, Storage Containers"
"Mary","Johnson","Portable Charger, Storage Containers, Portable Charger"
"Mary","Williams","Cable Organizer"
"Mary","Brown","Computer Speakers"
"Mary","Jones","Keyboard Wrist Rest"
"Mary","Garcia","Portable Charger, Portable Charger"
"Mary","Miller","Office Chair, Laptop Sleeve"
"Mary","Davis","Bookshelf, Bookshelf"
"Mary","Rodriguez","File Cabinet, Wireless Mouse, File Cabinet"
"Mary","Martinez","Desk Lamp"
"Mary","Hernandez","Cable Organizer, Drawer Unit"
"Mary","Lopez","Monitor Stand, Wireless Mouse, Monitor Stand"
"Mary","Gonzalez","Standing Desk"
"Mary","Wilson","Desk Mat"
"Mary","Anderson","Food Processor, Food Processor, Food Processor"
"Mary","Thomas","Wireless Presenter, Drawer Unit"
"Mary","Taylor","Laptop Sleeve, Laptop Sleeve, File Cabinet"
"Mary","Moore","Computer Speakers, Computer Speakers"
"Mary","Jackson","Toaster Oven, Toaster Oven"
"Mary","Martin","Food Processor, Food Processor"
"Mary","Peter","Cable Organizer"
"Mary","Victoria","Cable Organizer, Cable Organizer"
"Mary","Raymond","External SSD, Wireless Presenter"
"Mary","Julia","Air Purifier"
"Mary","Scott","External SSD, Screen Protector"
"Mary","Grace","Wireless Charger, Drawer Unit, Wireless Charger"
"Mary","Dennis","Office Chair"
"Mary","Evelyn","Smartphone Case"
"Mary","Gregory","Portable Charger, Food Processor, Portable Charger"
"Mary","Anna","Electric Kettle, Electric Kettle, Electric Kettle"
"Mary","Walter","Desk Lamp, Gaming Mouse Pad"
"Mary","Rose","Laptop Sleeve"
"Mary","Patrick","Electric Kettle, Electric Kettle"
"Mary","Judith","Screen Protector, Laptop Sleeve, Screen Protector"
"Mary","Henry","Screen Protector"
"Mary","Christina","Monitor Stand, Monitor Stand, Standing Desk"
"Mary","Douglas","Computer Speakers"
"Mary","Maria","Office Chair, Office Chair"
"Mary","Harold","Portable Charger"
"Mary","Nicole","Rice Cooker, Rice Cooker, Portable Charger"
"Mary","Alexander","Air Purifier, Storage Containers"
"Mary","Megan","Cable Organizer, Laptop Stand, Cable Organizer"
"Mary","Samuel","Power Strip, Gaming Mouse Pad"
"Mary","Dorothy","Portable Charger, Portable Charger, File Cabinet"
"Mary","Frank","Food Processor, Laptop Stand"
"Mary","Sophia","Gaming Keyboard, Gaming Keyboard"
"Mary","Lawrence","Kitchen Blender, Kitchen Blender"
"Mary","Alice","Rice Cooker"
"Mary","Arthur","Toaster Oven, WiFi Router"
"Mary","Ruth","Desk Organizer"
"Mary","Philip","Wireless Presenter, Air Purifier"
"Mary","Diana","Storage Containers, Electric Kettle, Electric Kettle"
"Mary","Roger","Storage Containers, Cable Organizer"
"Mary","Natalie","Power Strip, Keyboard Wrist Rest"
"Mary","Benjamin","Computer Speakers"
"Mary","Virginia","Storage Containers, Storage Containers"
"Mary","Bruce","Gaming Keyboard"
"Mary","Madison","Laptop Stand, Laptop Stand, Office Chair"
"Mary","Adam","Portable Charger, Wireless Earbuds"
"Mary","Abigail","Bath Towels, Drawer Unit, Bath Towels"
"Mary","Gerald","Coffee Maker"
"Mary","Lauren","Wireless Charger"
"Mary","Keith","Cable Organizer, Smartphone Case, Cable Organizer"
"Mary","Isabella","Storage Shelf"
"Mary","Terry","External SSD, External SSD, Webcam HD, Webcam HD"
"Mary","Jane","USB-C Hub, Phone Grip"
"Mary","Wayne","Desk Organizer"
"Mary","Amy","Gaming Mouse Pad, Storage Shelf"
"Mary","Ralph","Coffee Maker, Coffee Maker"
"Mary","Cynthia","Storage Containers"
"Mary","Smith","Rice Cooker, Drawer Unit"
"Mary","Johnson","Keyboard Wrist Rest, Keyboard Wrist Rest, Computer Speakers"
"Mary","Williams","USB-C Hub, Food Processor, Food Processor, USB-C Hub"
"Mary","Brown","Kitchen Blender, Phone Grip, Kitchen Blender"
"Mary","Jones","Bluetooth Headphones"
"Mary","Garcia","Food Processor, Storage Shelf"
"Mary","Miller","Rice Cooker, Rice Cooker"
"Mary","Davis","Portable Charger, Air Purifier, Portable Charger"
"Mary","Rodriguez","Toaster Oven, Microphone, Toaster Oven"
"Mary","Martinez","Gaming Keyboard, Gaming Keyboard"
"Mary","Hernandez","Air Purifier"
"Mary","Lopez","Gaming Mouse Pad"
"Mary","Gonzalez","Standing Desk, Food Processor"
"Mary","Wilson","Wall Clock, Wall Clock, Kitchen Blender"
"Mary","Anderson","WiFi Router, WiFi Router"
"Mary","Thomas","Kitchen Blender, Throw Pillows"
"Mary","Taylor","Wall Clock, Smart Watch"
"Mary","Moore","Bath Towels, Document Scanner, Bath Towels"
"Mary","Jackson","Bookshelf, Bookshelf"
"Mary","Martin","Phone Grip, Phone Grip"
"Mary","Peter","USB-C Hub"
"Mary","Victoria","Smart Watch, Wireless Earbuds"
"Mary","Raymond","Wall Clock"
"Mary","Julia","Monitor Stand, Monitor Stand, Wireless Earbuds"
"Mary","Scott","Bluetooth Headphones, Noise Cancelling Headset, Bluetooth Headphones"
"Mary","Grace","External SSD"
"Mary","Dennis","Kitchen Blender, External SSD"
"Mary","Evelyn","Drawer Unit"
"Mary","Gregory","External SSD, Wireless Charger"
"Mary","Anna","Cable Organizer, Cable Organizer"
"Mary","Walter","Smart Watch, Document Scanner"
"Mary","Rose","Water Bottle, Water Bottle"
"Mary","Patrick","Wall Clock, Wall Clock, Wall Clock"
"Mary","Judith","Gaming Mouse Pad, Desk Lamp, Desk Lamp"
"Mary","Henry","Food Processor, Food Processor"
"Mary","Christina","Bookshelf"
"Mary","Douglas","USB-C Hub"
"Mary","Maria","Wireless Mouse"
"Mary","Harold","External SSD, Portable Charger, Portable Charger"
"Mary","Nicole","Wireless Charger"
"Mary","Alexander","Storage Containers, Kitchen Blender"
"Mary","Megan","Toaster Oven, Toaster Oven, Webcam HD"
"Mary","Samuel","Storage Containers, Storage Containers"
"Mary","Dorothy","Electric Kettle"
"Mary","Frank","External SSD, USB-C Hub, External SSD"
"Mary","Sophia","Microphone, Microphone, Bookshelf"
"Mary","Lawrence","Computer Speakers"
"Mary","Alice","Document Scanner, Bookshelf"
"Mary","Arthur","Electric Kettle, Laptop Sleeve"
"Mary","Ruth","USB-C Hub"
"Mary","Philip","Bluetooth Headphones"
"Mary","Diana","Storage Shelf"
"Mary","Roger","Laptop Sleeve, USB-C Hub, USB-C Hub"
"Mary","Natalie","Wireless Mouse, Gaming Mouse Pad"
"Mary","Benjamin","Wireless Charger, Drawer Unit, Drawer Unit, Wireless Charger"
"Mary","Virginia","Smart Watch"
"Mary","Bruce","Wireless Earbuds"
"Mary","Madison","Computer Speakers"
"Mary","Adam","Gaming Mouse Pad, Rice Cooker, Rice Cooker"
"Mary","Abigail","Smart Watch, Keyboard Wrist Rest"
"Mary","Gerald","Laptop Stand"
"Mary","Lauren","Desk Mat, Kitchen Blender"
"Mary","Keith","Keyboard Wrist Rest, Mechanical Keyboard"
"Mary","Isabella","4K Monitor, Desk Lamp"
"Mary","Terry","Standing Desk"
"Mary","Jane","Desk Lamp"
"Mary","Wayne","Gaming Keyboard, Gaming Keyboard"
"Mary","Amy","Wireless Presenter"
"Mary","Ralph","Water Bottle, Water Bottle, Throw Pillows"
"Mary","Cynthia","Electric Kettle"
"Mary","Smith","Monitor Stand"
"Mary","Johnson","Cable Organizer, Cable Organizer"
"Mary","Williams","Wall Clock"
"Mary","Brown","Portable Charger"
"Mary","Jones","Gaming Keyboard"
"Mary","Garcia","Phone Grip"
"Mary","Miller","Storage Shelf, Storage Shelf"
"Mary","Davis","Keyboard Wrist Rest, Laptop Sleeve, Keyboard Wrist Rest, Laptop Sleeve"
"Mary","Rodriguez","Kitchen Blender, Noise Cancelling Headset"
"Mary","Martinez","Office Chair, USB-C Hub"
"Mary","Hernandez","Wall Clock"
"Mary","Lopez","Portable Charger, Phone Grip"
"Mary","Gonzalez","Laptop Sleeve, Gaming Mouse Pad"
"Mary","Wilson","Office Chair, Office Chair, Noise Cancelling Headset"
"Mary","Anderson","Air Purifier, Smartphone Case, Smartphone Case, Air Purifier"
"Mary","Thomas","Food Processor, Food Processor, Gaming Mouse Pad, Gaming Mouse Pad"
"Mary","Taylor","Phone Grip, Wireless Presenter"
"Mary","Moore","Wall Clock, Noise Cancelling Headset, Wall Clock"
"Mary","Jackson","Toaster Oven"
"Mary","Martin","Wireless Charger, USB-C Hub"
"Mary","Peter","Document Scanner, Document Scanner, Standing Desk"
"Mary","Victoria","Storage Containers, Storage Containers, Air Purifier"
"Mary","Raymond","Tablet Stand"
"Mary","Julia","Smart Watch, 4K Monitor"
"Mary","Scott","Rice Cooker, Rice Cooker"
"Mary","Grace","Monitor Stand"
"Mary","Dennis","Drawer Unit, Standing Desk"
"Mary","Evelyn","Gaming Mouse Pad"
"Mary","Gregory","Toaster Oven, Portable Charger"
"Mary","Anna","Microphone, Storage Shelf"
"Mary","Walter","Storage Shelf, Wall Clock"
"Mary","Rose","Standing Desk, Standing Desk"
"Mary","Patrick","Screen Protector"
"Mary","Judith","External SSD"
"Mary","Henry","Gaming Keyboard, Gaming Keyboard"
"Mary","Christina","Wall Clock"
"Mary","Douglas","Drawer Unit, Electric Kettle, Electric Kettle"
"Mary","Maria","Laptop Sleeve, Throw Pillows"
"Mary","Harold","Smart Watch, 4K Monitor, Smart Watch"
"Mary","Nicole","4K Monitor, Phone Grip, 4K Monitor, Phone Grip"
"Mary","Alexander","Screen Protector, Toaster Oven"
"Mary","Megan","Monitor Stand"
"Mary","Samuel","Desk Organizer, Water Bottle"
"Mary","Dorothy","Microphone, External SSD, Microphone"
"Mary","Frank","Desk Mat, Office Chair, Desk Mat"
"Mary","Sophia","Bluetooth Headphones, Bluetooth Headphones, Storage Containers, Storage Containers"
"Mary","Lawrence","Drawer Unit, Smart Watch"
"Mary","Alice","Monitor Stand, Portable Charger"
"Mary","Arthur","4K Monitor"
"Mary","Ruth","Office Chair, Keyboard Wrist Rest, Office Chair, Keyboard Wrist Rest"
"Mary","Philip","Monitor Stand, Screen Protector, Screen Protector"
"Mary","Diana","File Cabinet, File Cabinet"
"Mary","Roger","4K Monitor"
"Mary","Natalie","Wireless Charger, Office Chair"
"Mary","Benjamin","Mechanical Keyboard, Tablet Stand, Tablet Stand"
"Mary","Virginia","File Cabinet, File Cabinet"
"Mary","Bruce","Microphone"
"Mary","Madison","Electric Kettle, 4K Monitor"
"Mary","Adam","Portable Charger, Computer Speakers, Portable Charger"
"Mary","Abigail","Wireless Mouse, Computer Speakers"
"Mary","Gerald","File Cabinet, File Cabinet, Gaming Keyboard, Gaming Keyboard"
"Mary","Lauren","Keyboard Wrist Rest, Bath Towels, Bath Towels"
"Mary","Keith","Smart Watch, Smart Watch"
"Mary","Isabella","Document Scanner"
"Mary","Terry","Water Bottle"
"Mary","Jane","Standing Desk, Gaming Mouse Pad"
"Mary","Wayne","Desk Mat, Desk Mat"
"Mary","Amy","Monitor Stand, Bookshelf, Bookshelf"
"Mary","Ralph","File Cabinet, Wireless Presenter"
"Mary","Cynthia","Storage Shelf, Storage Shelf"
"Mary","Smith","Smart Watch"
"Mary","Johnson","Noise Cancelling Headset"
"Mary","Williams","Keyboard Wrist Rest"
"Mary","Brown","Storage Containers, Storage Containers"
"Mary","Jones","Smartphone Case, Bath Towels, Bath Towels"
"Mary","Garcia","Smartphone Case, Smartphone Case"
"Mary","Miller","Desk Mat, Desk Mat, Air Purifier"
"Mary","Davis","WiFi Router"
"Mary","Rodriguez","Laptop Stand, Desk Organizer"
"Mary","Martinez","Electric Kettle"
"Mary","Hernandez","Noise Cancelling Headset, Noise Cancelling Headset"
"Mary","Lopez","Kitchen Blender"
"Mary","Gonzalez","Screen Protector, Desk Lamp, Screen Protector"
"Mary","Wilson","Desk Mat, Computer Speakers, Desk Mat"
"Mary","Anderson","Electric Kettle"
"Mary","Thomas","Noise Cancelling Headset, Cable Organizer"
"Mary","Taylor","Laptop Sleeve"
"Mary","Moore","Kitchen Blender, Bath Towels"
"Mary","Jackson","Portable Charger, Portable Charger"
"Mary","Martin","External SSD"
"Mary","Peter","Storage Shelf"
"Mary","Victoria","Air Purifier, Desk Mat, Air Purifier"
"Mary","Raymond","WiFi Router"
"Mary","Julia","Desk Organizer, Desk Lamp, Desk Lamp"
"Mary","Scott","Bookshelf, Food Processor, Bookshelf"
"Mary","Grace","Gaming Mouse Pad, Gaming Mouse Pad"
"Mary","Dennis","Coffee Maker, Phone Grip, Coffee Maker"
"Mary","Evelyn","Wireless Mouse"
"Mary","Gregory","Mechanical Keyboard"
"Mary","Anna","Smart Watch"
"Mary","Walter","Tablet Stand, Smartphone Case, Smartphone Case"
"Mary","Rose","Power Strip"
"Mary","Patrick","Food Processor, Desk Mat, Food Processor"
"Mary","Judith","Kitchen Blender"
"Mary","Henry","Portable Charger, Rice Cooker, Portable Charger"
"Mary","Christina","File Cabinet, File Cabinet"
"Mary","Douglas","Office Chair"
"Mary","Maria","Office Chair"
"Mary","Harold","Kitchen Blender, Cable Organizer"
"Mary","Nicole","Desk Organizer, Desk Organizer"
"Mary","Alexander","Desk Organizer, Power Strip, Power Strip, Desk Organizer"
"Mary","Megan","Noise Cancelling Headset, Noise Cancelling Headset"
"Mary","Samuel","External SSD, Gaming Keyboard"
"Mary","Dorothy","Monitor Stand"
"Mary","Frank","Noise Cancelling Headset, Gaming Mouse Pad"
"Mary","Sophia","File Cabinet"
"Mary","Lawrence","Smartphone Case, Smartphone Case"
"Mary","Alice","Smartphone Case, Drawer Unit, Drawer Unit"
"Mary","Arthur","Gaming Keyboard, Laptop Sleeve, Gaming Keyboard"
"Mary","Ruth","Coffee Maker"
"Mary","Philip","Coffee Maker, Storage Shelf, Coffee Maker"
"Mary","Diana","Rice Cooker"
"Mary","Roger","File Cabinet, Drawer Unit, File Cabinet"
"Mary","Natalie","Standing Desk"
"Mary","Benjamin","Office Chair, Computer Speakers, Office Chair"
"Mary","Virginia","Water Bottle"
"Mary","Bruce","Wireless Presenter, Wireless Presenter"
"Mary","Madison","Keyboard Wrist Rest"
"Mary","Adam","File Cabinet"
"Mary","Abigail","Monitor Stand"
"Mary","Gerald","Bookshelf, Tablet Stand, Tablet Stand"
"Mary","Lauren","Kitchen Blender"
"Mary","Keith","Wireless Charger, Webcam HD, Wireless Charger"
"Mary","Isabella","Storage Containers, Storage Containers"
"Mary","Terry","Wireless Mouse"
"Mary","Jane","Gaming Mouse Pad, Wireless Mouse"
"Mary","Wayne","Standing Desk, Wireless Mouse, Wireless Mouse"
"Mary","Amy","Gaming Keyboard, Gaming Keyboard"
"Mary","Ralph","Keyboard Wrist Rest, Electric Kettle"
"Mary","Cynthia","Computer Speakers"
"Mary","Smith","Gaming Mouse Pad, Gaming Mouse Pad, Bookshelf"
"Mary","Johnson","Bath Towels"
"Mary","Williams","Wall Clock"
"Mary","Brown","Bath Towels, Bath Towels, Electric Kettle, Electric Kettle"
"Mary","Jones","Air Purifier, Desk Lamp"
"Mary","Garcia","File Cabinet, Wireless Presenter"
"Mary","Miller","Noise Cancelling Headset, Keyboard Wrist Rest"
"Mary","Davis","External SSD, External SSD"
"Mary","Rodriguez","Wireless Mouse, Noise Cancelling Headset"
"Mary","Martinez","Gaming Mouse Pad"
"Mary","Hernandez","Webcam HD"
"Mary","Lopez","Monitor Stand, Mechanical Keyboard"
"Mary","Gonzalez","External SSD"
"Mary","Wilson","Wall Clock"
"Mary","Anderson","Storage Shelf, Storage Shelf, Laptop Sleeve"
"Mary","Thomas","4K Monitor, 4K Monitor"
"Mary","Taylor","Kitchen Blender"
"Mary","Moore","Drawer Unit"
"Mary","Jackson","Food Processor, Food Processor, Office Chair"
"Mary","Martin","External SSD, External SSD, Noise Cancelling Headset"
"Mary","Peter","Water Bottle, Water Bottle, Smartphone Case"
"Mary","Victoria","4K Monitor, Standing Desk"
"Mary","Raymond","Wireless Mouse, Wireless Mouse"
"Mary","Julia","Bookshelf"
"Mary","Scott","Microphone, Wall Clock, Microphone"
"Mary","Grace","Noise Cancelling Headset, Water Bottle, Noise Cancelling Headset"
"Mary","Dennis","Rice Cooker"
"Mary","Evelyn","Standing Desk"
"Mary","Gregory","Water Bottle, USB-C Hub, Water Bottle"
"Mary","Anna","Drawer Unit, Drawer Unit, Drawer Unit"
"Mary","Walter","Rice Cooker, Rice Cooker, Microphone"
"Mary","Rose","Smart Watch, Smart Watch"
"Mary","Patrick","Coffee Maker, Bath Towels"
"Mary","Judith","Webcam HD"
"Mary","Henry","Screen Protector, Screen Protector, WiFi Router"
"Mary","Christina","4K Monitor, Coffee Maker"
"Mary","Douglas","Webcam HD, Webcam HD"
"Mary","Maria","Wireless Charger, Wireless Charger"
"Mary","Harold","Computer Speakers, Storage Containers"
"Mary","Nicole","USB-C Hub, Rice Cooker"
"Mary","Alexander","Food Processor, Food Processor, Desk Lamp"
"Mary","Megan","Electric Kettle, Screen Protector, Electric Kettle"
"Mary","Samuel","Gaming Keyboard, Laptop Sleeve"
"Mary","Dorothy","Gaming Mouse Pad, Microphone"
"Mary","Frank","Document Scanner"
"Mary","Sophia","Bath Towels"
"Mary","Lawrence","Water Bottle, Gaming Mouse Pad, Water Bottle"
"Mary","Alice","Laptop Stand, Portable Charger, Laptop Stand"
"Mary","Arthur","WiFi Router, Microphone"
"Mary","Ruth","Bluetooth Headphones"
"Mary","Philip","Webcam HD, Air Purifier, Air Purifier"
"Mary","Diana","Document Scanner"
"Mary","Roger","External SSD, Office Chair"
"Mary","Natalie","Kitchen Blender, Kitchen Blender"
"Mary","Benjamin","Storage Shelf, Document Scanner"
"Mary","Virginia","Air Purifier, Wireless Charger"
"Mary","Bruce","Bath Towels, Office Chair"
"Mary","Madison","Throw Pillows"
"Mary","Adam","Gaming Keyboard"
"Mary","Abigail","Monitor Stand, Monitor Stand"
"Mary","Gerald","Cable Organizer, Cable Organizer, Wall Clock"
"Mary","Lauren","Wireless Presenter, Wireless Presenter, Wall Clock"
"Mary","Keith","Wireless Charger"
"Mary","Isabella","Screen Protector, Desk Organizer, Screen Protector"
"Mary","Terry","4K Monitor"
"Mary","Jane","Microphone, Webcam HD"
"Mary","Wayne","Cable Organizer, Cable Organizer"
"Mary","Amy","Microphone, Office Chair, Microphone"
"Mary","Ralph","Webcam HD"
"Mary","Cynthia","Keyboard Wrist Rest, External SSD"
"Mary","Smith","Tablet Stand, Drawer Unit, Drawer Unit"
"Mary","Johnson","Electric Kettle, Electric Kettle"
"Mary","Williams","Kitchen Blender, Wireless Presenter, Kitchen Blender, Wireless Presenter"
"Mary","Brown","WiFi Router, WiFi Router"
"Mary","Jones","Desk Organizer"
"Mary","Garcia","Storage Shelf, Gaming Keyboard, Storage Shelf"
"Mary","Miller","Document Scanner, Keyboard Wrist Rest"
"Mary","Davis","Power Strip, WiFi Router, WiFi Router, Power Strip"
"Mary","Rodriguez","Cable Organizer, Screen Protector, Screen Protector"
"Mary","Martinez","Gaming Mouse Pad"
"Mary","Hernandez","Cable Organizer"
"Mary","Lopez","Standing Desk, Wireless Mouse, Wireless Mouse"
"Mary","Gonzalez","Monitor Stand"
"Mary","Wilson","Wireless Earbuds"
"Mary","Anderson","Desk Lamp, Water Bottle, Desk Lamp"
"Mary","Thomas","Screen Protector, Screen Protector"
"Mary","Taylor","Coffee Maker"
"Mary","Moore","Monitor Stand, Monitor Stand"
"Mary","Jackson","Bookshelf, Bookshelf"
"Mary","Martin","Laptop Sleeve, Laptop Sleeve, Laptop Sleeve"
"Mary","Peter","Electric Kettle"
"Mary","Victoria","4K Monitor, 4K Monitor"
"Mary","Raymond","4K Monitor"
"Mary","Julia","Storage Containers, Storage Containers, Desk Lamp"
"Mary","Scott","Kitchen Blender, Bookshelf, Bookshelf"
"Mary","Grace","4K Monitor"
"Mary","Dennis","Smartphone Case, Bookshelf"
"Mary","Evelyn","Keyboard Wrist Rest, Keyboard Wrist Rest"
"Mary","Gregory","Air Purifier, Air Purifier"
"Mary","Anna","Drawer Unit, Drawer Unit"
"Mary","Walter","Tablet Stand, Bluetooth Headphones, Tablet Stand"
"Mary","Rose","Storage Containers, Mechanical Keyboard"
"Mary","Patrick","Kitchen Blender, Computer Speakers, Computer Speakers"
"Mary","Judith","USB-C Hub"
"Mary","Henry","USB-C Hub"
"Mary","Christina","Desk Organizer"
"Mary","Douglas","Water Bottle"
"Mary","Maria","Wireless Presenter"
"Mary","Harold","Throw Pillows, Throw Pillows"
"Mary","Nicole","Cable Organizer"
"Mary","Alexander","Gaming Mouse Pad, Gaming Mouse Pad"
"Mary","Megan","Wireless Mouse, Noise Cancelling Headset, Wireless Mouse, Noise Cancelling Headset"
"Mary","Samuel","Laptop Sleeve, Keyboard Wrist Rest"
"Mary","Dorothy","Water Bottle, Desk Lamp"
"Mary","Frank","Cable Organizer, Bluetooth Headphones"
"Mary","Sophia","Document Scanner, Electric Kettle, Electric Kettle"
"Mary","Lawrence","USB-C Hub, USB-C Hub, Portable Charger"
"Mary","Alice","Desk Organizer"
"Mary","Arthur","Smartphone Case, Smartphone Case"
"Mary","Ruth","Smart Watch, Monitor Stand"
"Mary","Philip","Smartphone Case, USB-C Hub, USB-C Hub, Smartphone Case"
"Mary","Diana","Bath Towels"
"Mary","Roger","Gaming Mouse Pad, Gaming Keyboard, Gaming Mouse Pad"
"Mary","Natalie","Kitchen Blender"
"Mary","Benjamin","Portable Charger, Portable Charger"
"Mary","Virginia","Standing Desk"
"Mary","Bruce","Smart Watch, Smart Watch"
"Mary","Madison","Laptop Sleeve, USB-C Hub"
"Mary","Adam","Desk Organizer, Electric Kettle, Desk Organizer"
"Mary","Abigail","4K Monitor"
"Mary","Gerald","Wireless Mouse, Wireless Mouse"
"Mary","Lauren","Toaster Oven"
"Mary","Keith","Electric Kettle, Power Strip"
"Mary","Isabella","Wireless Presenter, WiFi Router, Wireless Presenter"
"Mary","Terry","Wireless Charger"
"Mary","Jane","Air Purifier, Toaster Oven, Toaster Oven"
"Mary","Wayne","Portable Charger, Toaster Oven, Portable Charger"
"Mary","Amy","Laptop Sleeve, Laptop Sleeve, Toaster Oven, Toaster Oven"
"Mary","Ralph","Throw Pillows, Throw Pillows"
"Mary","Cynthia","Portable Charger, Gaming Mouse Pad"
"Mary","Smith","Cable Organizer, Cable Organizer"
"Mary","Johnson","Coffee Maker, Tablet Stand, Tablet Stand"
"Mary","Williams","Drawer Unit, Smart Watch"
"Mary","Brown","Storage Containers, Smart Watch"
"Mary","Jones","Mechanical Keyboard, Mechanical Keyboard"
"Mary","Garcia","Computer Speakers"
"Mary","Miller","Food Processor"
"Mary","Davis","Desk Organizer, USB-C Hub"
"Mary","Rodriguez","Drawer Unit, Food Processor"
"Mary","Martinez","Gaming Keyboard"
"Mary","Hernandez","Storage Shelf, Wireless Charger"
"Mary","Lopez","Laptop Sleeve"
"Mary","Gonzalez","Tablet Stand, Tablet Stand"
"Mary","Wilson","WiFi Router, WiFi Router"
"Mary","Anderson","Food Processor, Bath Towels, Bath Towels"
"Mary","Thomas","Toaster Oven, Toaster Oven"
"Mary","Taylor","Kitchen Blender, Keyboard Wrist Rest"
"Mary","Moore","Mechanical Keyboard, Wireless Presenter, Mechanical Keyboard"
"Mary","Jackson","Noise Cancelling Headset, Coffee Maker"
"Mary","Martin","External SSD, Gaming Mouse Pad"
"Mary","Peter","Desk Mat, Bluetooth Headphones, Bluetooth Headphones"
"Mary","Victoria","Toaster Oven, File Cabinet"
"Mary","Raymond","Toaster Oven"
"Mary","Julia","USB-C Hub"
"Mary","Scott","Power Strip, Gaming Mouse Pad"
"Mary","Grace","Desk Organizer, Desk Organizer"
"Mary","Dennis","Tablet Stand, Tablet Stand"
"Mary","Evelyn","External SSD, Monitor Stand, Monitor Stand"
"Mary","Gregory","Gaming Mouse Pad, Throw Pillows"
"Mary","Anna","Wireless Presenter, External SSD, Wireless Presenter"
"Mary","Walter","Microphone"
"Mary","Rose","Office Chair, Air Purifier, Office Chair, Air Purifier"
"Mary","Patrick","Rice Cooker"
"Mary","Judith","Microphone"
"Mary","Henry","Storage Containers, Storage Containers"
"Mary","Christina","4K Monitor"
"Mary","Douglas","Bookshelf"
"Mary","Maria","Bookshelf, Wireless Mouse"
"Mary","Harold","Smart Watch"
"Mary","Nicole","Portable Charger, Portable Charger, Storage Containers"
"Mary","Alexander","Air Purifier, Drawer Unit, Drawer Unit"
"Mary","Megan","Tablet Stand, Document Scanner"
"Mary","Samuel","Wireless Charger"
"Mary","Dorothy","Gaming Mouse Pad, 4K Monitor, 4K Monitor"
"Mary","Frank","Coffee Maker"
"Mary","Sophia","Smartphone Case, 4K Monitor"
"Mary","Lawrence","Laptop Stand"
"Mary","Alice","Bookshelf, External SSD, Bookshelf"
"Mary","Arthur","Office Chair, Food Processor"
"Mary","Ruth","Wireless Mouse"
"Mary","Philip","Smart Watch"
"Mary","Diana","Electric Kettle, Wireless Charger"
"Mary","Roger","Wireless Presenter"
"Mary","Natalie","Wireless Presenter"
"Mary","Benjamin","File Cabinet, Water Bottle"
"Mary","Virginia","Storage Shelf"
"Mary","Bruce","Microphone, Laptop Stand, Microphone, Laptop Stand"
"Mary","Madison","Air Purifier, Wall Clock, Air Purifier"
"Mary","Adam","Storage Shelf, Storage Shelf"
"Mary","Abigail","Desk Organizer"
"Mary","Gerald","Storage Containers, Storage Containers"
"Mary","Lauren","Noise Cancelling Headset"
"Mary","Keith","Microphone, Microphone, Keyboard Wrist Rest"
"Mary","Isabella","Toaster Oven, Smart Watch"
"Mary","Terry","Noise Cancelling Headset"
"Mary","Jane","Desk Mat"
"Mary","Wayne","Computer Speakers"
"Mary","Amy","Noise Cancelling Headset, Tablet Stand, Tablet Stand"
"Mary","Ralph","Smart Watch, Smart Watch"
"Mary","Cynthia","Smartphone Case, Smartphone Case, Keyboard Wrist Rest"
"Mary","Smith","Wireless Earbuds"
"Mary","Johnson","Wireless Presenter"
"Mary","Williams","Noise Cancelling Headset"
"Mary","Brown","Microphone"
"Mary","Jones","Throw Pillows"
"Mary","Garcia","Storage Containers"
"Mary","Miller","Toaster Oven, Toaster Oven"
"Mary","Davis","Drawer Unit"
"Mary","Rodriguez","Monitor Stand, Monitor Stand, Monitor Stand"
"Mary","Martinez","Air Purifier"
"Mary","Hernandez","Gaming Keyboard"
"Mary","Lopez","Webcam HD, Webcam HD, Power Strip"
"Mary","Gonzalez","Electric Kettle, External SSD, Electric Kettle"
"Mary","Wilson","Desk Lamp, Desk Lamp"
"Mary","Anderson","Wireless Mouse, Storage Containers"
"Mary","Thomas","Smartphone Case"
"Mary","Taylor","Electric Kettle, External SSD, Electric Kettle"
"Mary","Moore","Cable Organizer, Laptop Stand"
"Mary","Jackson","Laptop Stand, Laptop Stand, Desk Organizer"
"Mary","Martin","Drawer Unit"
"Mary","Peter","Keyboard Wrist Rest, Rice Cooker, Keyboard Wrist Rest"
"Mary","Victoria","WiFi Router"
"Mary","Raymond","Mechanical Keyboard, Mechanical Keyboard"
"Mary","Julia","Coffee Maker"
"Mary","Scott","Smart Watch, Electric Kettle"
"Mary","Grace","Gaming Keyboard, Wireless Earbuds"
"Mary","Dennis","Bath Towels, Phone Grip"
"Mary","Evelyn","Electric Kettle, Bookshelf"
"Mary","Gregory","External SSD, Storage Containers"
"Mary","Anna","Laptop Sleeve, Wireless Earbuds"
"Mary","Walter","Bluetooth Headphones, Bluetooth Headphones"
"Mary","Rose","Computer Speakers, Computer Speakers"
"Mary","Patrick","Storage Shelf"
"Mary","Judith","Mechanical Keyboard, Rice Cooker"
"Mary","Henry","USB-C Hub, Desk Organizer, Desk Organizer"
"Mary","Christina","Portable Charger, Power Strip"
"Mary","Douglas","Wireless Presenter"
"Mary","Maria","Tablet Stand"
"Mary","Harold","Wall Clock, Wall Clock"
"Mary","Nicole","Throw Pillows, Laptop Sleeve"
"Mary","Alexander","Wireless Presenter"
"Mary","Megan","Cable Organizer"
"Mary","Samuel","USB-C Hub"
"Mary","Dorothy","WiFi Router, Webcam HD"
"Mary","Frank","Power Strip"
"Mary","Sophia","Tablet Stand, Wireless Earbuds, Tablet Stand, Wireless Earbuds"
"Mary","Lawrence","Storage Shelf, Storage Shelf, Desk Mat"
"Mary","Alice","Gaming Keyboard, Gaming Keyboard"
"Mary","Arthur","Bookshelf, Cable Organizer, Cable Organizer, Bookshelf"
"Mary","Ruth","Wireless Mouse, Desk Mat"
"Mary","Philip","Gaming Mouse Pad, Gaming Mouse Pad"
"Mary","Diana","Wireless Mouse, Wireless Mouse"
"Mary","Roger","Throw Pillows, Electric Kettle, Throw Pillows"
"Mary","Natalie","Smartphone Case"
"Mary","Benjamin","Wireless Presenter"
"Mary","Virginia","Food Processor, External SSD"
"Mary","Bruce","Kitchen Blender"
"Mary","Madison","Webcam HD, Webcam HD, File Cabinet"
"Mary","Adam","Smart Watch, Phone Grip"
"Mary","Abigail","WiFi Router"
"Mary","Gerald","Noise Cancelling Headset"
"Mary","Lauren","Smart Watch"
"Mary","Keith","Mechanical Keyboard, Wireless Charger, Mechanical Keyboard"
"Mary","Isabella","Wireless Earbuds, Wireless Charger"
"Mary","Terry","Smart Watch, Smart Watch"
"Mary","Jane","Kitchen Blender, Kitchen Blender, Rice Cooker"
"Mary","Wayne","Storage Containers, Storage Containers"
"Mary","Amy","Bath Towels, Bath Towels"
"Mary","Ralph","Bluetooth Headphones"
"Mary","Cynthia","Portable Charger"
"Mary","Smith","Smartphone Case, Wireless Earbuds"
"Mary","Johnson","Smart Watch, Smart Watch"
"Mary","Williams","Document Scanner"
"Mary","Brown","Monitor Stand, WiFi Router, WiFi Router"
"Mary","Jones","WiFi Router, Webcam HD, Webcam HD"
"Mary","Garcia","Wall Clock, Wall Clock"
"Mary","Miller","File Cabinet, File Cabinet"
"Mary","Davis","Toaster Oven, Wireless Mouse"
"Mary","Rodriguez","Mechanical Keyboard"
"Mary","Martinez","Standing Desk"
"Mary","Hernandez","Tablet Stand, Keyboard Wrist Rest"
"Mary","Lopez","Throw Pillows, Throw Pillows, Bookshelf"
"Mary","Gonzalez","External SSD, Electric Kettle, External SSD, Electric Kettle"
"Mary","Wilson","Bookshelf"
"Mary","Anderson","Bluetooth Headphones, Desk Lamp, Desk Lamp"
"Mary","Thomas","File Cabinet"
"Mary","Taylor","Laptop Stand, Storage Shelf"
"Mary","Moore","Tablet Stand"
"Mary","Jackson","Power Strip, WiFi Router"
"Mary","Martin","Drawer Unit, Monitor Stand"
"Mary","Peter","Storage Containers"
"Mary","Victoria","Desk Mat, Desk Mat"
"Mary","Raymond","Air Purifier, Air Purifier"
"Mary","Julia","Wireless Earbuds, Smart Watch"
"Mary","Scott","Noise Cancelling Headset"
"Mary","Grace","Wireless Presenter"
"Mary","Dennis","Document Scanner"
"Mary","Evelyn","Bookshelf, Bookshelf, Monitor Stand"
"Mary","Gregory","Document Scanner, Coffee Maker"
"Mary","Anna","Computer Speakers, Wireless Presenter"
"Mary","Walter","Tablet Stand, Smart Watch"
"Mary","Rose","Drawer Unit, USB-C Hub, Drawer Unit, USB-C Hub"
"Mary","Patrick","Screen Protector"
"Mary","Judith","Wireless Mouse, Wireless Mouse"
"Mary","Henry","Wireless Mouse"
"Mary","Christina","Desk Lamp"
"Mary","Douglas","Gaming Keyboard"
"Mary","Maria","File Cabinet, File Cabinet, Laptop Sleeve"
"Mary","Harold","Rice Cooker"
"Mary","Nicole","Power Strip, Power Strip"
"Mary","Alexander","Smart Watch"
"Mary","Megan","Air Purifier"
"Mary","Samuel","Wireless Charger, Wireless Charger"
"Mary","Dorothy","Desk Mat, Gaming Mouse Pad"
"Mary","Frank","Gaming Keyboard, Computer Speakers"
"Mary","Sophia","Laptop Sleeve, Power Strip, Laptop Sleeve"
"Mary","Lawrence","WiFi Router, WiFi Router, Storage Containers"
"Mary","Alice","Gaming Mouse Pad, Microphone, Gaming Mouse Pad"
"Mary","Arthur","Phone Grip, Monitor Stand"
"Mary","Ruth","Throw Pillows, Bluetooth Headphones"
"Mary","Philip","Gaming Mouse Pad, Tablet Stand, Gaming Mouse Pad"
"Mary","Diana","File Cabinet, Power Strip, Power Strip"
"Mary","Roger","Gaming Keyboard"
"Mary","Natalie","Smart Watch, Smart Watch, Wireless Presenter, Wireless Presenter"
"Mary","Benjamin","Electric Kettle, Electric Kettle"
"Mary","Virginia","Gaming Keyboard"
"Mary","Bruce","Portable Charger, Portable Charger"
"Mary","Madison","Power Strip, Document Scanner"
"Mary","Adam","Storage Shelf, Smartphone Case, Smartphone Case"
"Mary","Abigail","Document Scanner, Document Scanner"
"Mary","Gerald","Food Processor, Food Processor"
"Mary","Lauren","Wireless Charger, Laptop Sleeve"
"Mary","Keith","Wireless Presenter, Kitchen Blender, Wireless Presenter, Kitchen Blender"
"Mary","Isabella","Kitchen Blender, Kitchen Blender"
"Mary","Terry","Air Purifier, Monitor Stand, Air Purifier"
"Mary","Jane","4K Monitor"
"Mary","Wayne","Noise Cancelling Headset"
"Mary","Amy","Desk Organizer, Wireless Charger"
"Mary","Ralph","Wireless Earbuds"
"Mary","Cynthia","Wall Clock"
"John","Smith","Microphone"
"John","Johnson","Desk Organizer"
"John","Williams","Bluetooth Headphones, Portable Charger, Bluetooth Headphones"
"John","Brown","Wireless Mouse, Desk Organizer, Desk Organizer"
"John","Jones","Food Processor"
"John","Garcia","Document Scanner"
"John","Miller","Microphone"
"John","Davis","Document Scanner, Gaming Keyboard"
"John","Rodriguez","Mechanical Keyboard, Mechanical Keyboard, Air Purifier"
"John","Martinez","Office Chair, Noise Cancelling Headset"
"John","Hernandez","Webcam HD"
"John","Lopez","Computer Speakers, Gaming Mouse Pad"
"John","Gonzalez","Desk Mat, Desk Mat"
"John","Wilson","USB-C Hub"
"John","Anderson","Office Chair, Webcam HD, Webcam HD, Office Chair"
"John","Thomas","Standing Desk, Standing Desk"
"John","Taylor","Storage Containers"
"John","Moore","Water Bottle, Storage Shelf, Water Bottle"
"John","Jackson","Power Strip, Desk Mat"
"John","Martin","Computer Speakers, Computer Speakers"
"John","Peter","Laptop Sleeve"
"John","Victoria","Toaster Oven"
"John","Raymond","Smartphone Case, Monitor Stand, Monitor Stand, Smartphone Case"
"John","Julia","Power Strip, Power Strip"
"John","Scott","Gaming Keyboard, File Cabinet, Gaming Keyboard"
"John","Grace","Mechanical Keyboard"
"John","Dennis","USB-C Hub"
"John","Evelyn","Standing Desk, Standing Desk"
"John","Gregory","Mechanical Keyboard"
"John","Anna","Desk Lamp"
"John","Walter","Bath Towels, Screen Protector"
"John","Rose","Wireless Presenter, Kitchen Blender"
"John","Patrick","Keyboard Wrist Rest"
"John","Judith","Computer Speakers"
"John","Henry","Office Chair, Office Chair, Cable Organizer"
"John","Christina","WiFi Router, WiFi Router, Document Scanner"
"John","Douglas","Storage Shelf"
"John","Maria","Document Scanner"
"John","Harold","Storage Containers"
"John","Nicole","Kitchen Blender"
"John","Alexander","Phone Grip, Laptop Sleeve"
"John","Megan","Desk Lamp, Desk Lamp, Noise Cancelling Headset"
"John","Samuel","Wall Clock, Standing Desk"
"John","Dorothy","Standing Desk, Coffee Maker"
"John","Frank","Throw Pillows, Throw Pillows"
"John","Sophia","Tablet Stand, Tablet Stand"
"John","Lawrence","Computer Speakers, Webcam HD, Computer Speakers"
"John","Alice","Gaming Keyboard"
"John","Arthur","Phone Grip, Water Bottle, Phone Grip"
"John","Ruth","Storage Containers"
"John","Philip","Wireless Charger"
"John","Diana","Electric Kettle"
"John","Roger","Desk Mat, Desk Mat"
"John","Natalie","Wall Clock"
"John","Benjamin","Storage Containers"
"John","Virginia","Electric Kettle, Electric Kettle, Wall Clock"
"John","Bruce","Webcam HD"
"John","Madison","Smartphone Case, Cable Organizer, Smartphone Case, Cable Organizer"
"John","Adam","Water Bottle, Bath Towels"
"John","Abigail","Standing Desk, Standing Desk"
"John","Gerald","WiFi Router, WiFi Router, WiFi Router"
"John","Lauren","Drawer Unit"
"John","Keith","Wireless Presenter"
"John","Isabella","Throw Pillows"
"John","Terry","Desk Mat, Desk Mat"
"John","Jane","Gaming Mouse Pad, Drawer Unit"
"John","Wayne","4K Monitor"
"John","Amy","Desk Organizer, Desk Organizer"
"John","Ralph","Gaming Keyboard"
"John","Cynthia","Wireless Earbuds, Phone Grip"
"John","Smith","Desk Lamp, Desk Lamp, Desk Lamp"
"John","Johnson","Computer Speakers, Computer Speakers, Wireless Mouse"
"John","Williams","Bluetooth Headphones"
"John","Brown","Mechanical Keyboard, Air Purifier"
"John","Jones","Mechanical Keyboard, External SSD"
"John","Garcia","Standing Desk, Standing Desk"
"John","Miller","Standing Desk"
"John","Davis","Gaming Mouse Pad, Webcam HD, Webcam HD"
"John","Rodriguez","Storage Containers"
"John","Martinez","Microphone"
"John","Hernandez","Screen Protector, Electric Kettle"
"John","Lopez","Document Scanner, Storage Shelf"
"John","Gonzalez","Cable Organizer, Cable Organizer, Bluetooth Headphones, Bluetooth Headphones"
"John","Wilson","Webcam HD, Webcam HD"
"John","Anderson","Cable Organizer, Drawer Unit"
"John","Thomas","Desk Lamp, Desk Lamp, Air Purifier, Air Purifier"
"John","Taylor","Computer Speakers, Desk Lamp, Desk Lamp, Computer Speakers"
"John","Moore","Laptop Sleeve"
"John","Jackson","Storage Shelf, Desk Lamp"
"John","Martin","Electric Kettle, Electric Kettle"
"John","Peter","Electric Kettle, Drawer Unit, Drawer Unit, Electric Kettle"
"John","Victoria","Wireless Mouse"
"John","Raymond","Air Purifier, Standing Desk, Standing Desk"
"John","Julia","Wireless Mouse, Wireless Mouse"
"John","Scott","Noise Cancelling Headset"
"John","Grace","Microphone, Laptop Sleeve, Laptop Sleeve"
"John","Dennis","Air Purifier, Bath Towels"
"John","Evelyn","Office Chair, Office Chair, Gaming Mouse Pad"
"John","Gregory","Air Purifier, Air Purifier"
"John","Anna","Webcam HD"
"John","Walter","Bookshelf, Coffee Maker"
"John","Rose","Noise Cancelling Headset, Noise Cancelling Headset"
"John","Patrick","Keyboard Wrist Rest, Keyboard Wrist Rest, Computer Speakers"
"John","Judith","Desk Lamp"
"John","Henry","Tablet Stand, Tablet Stand, Electric Kettle"
"John","Christina","Wireless Earbuds, Desk Lamp"
"John","Douglas","Portable Charger"
"John","Maria","Tablet Stand"
"John","Harold","Toaster Oven, Toaster Oven, Bookshelf, Bookshelf"
"John","Nicole","Standing Desk"
"John","Alexander","Tablet Stand, Noise Cancelling Headset, Tablet Stand"
"John","Megan","Document Scanner, Bookshelf, Document Scanner"
"John","Samuel","WiFi Router"
"John","Dorothy","Office Chair"
"John","Frank","4K Monitor, 4K Monitor"
"John","Sophia","External SSD, External SSD"
"John","Lawrence","External SSD, External SSD"
"John","Alice","Rice Cooker"
"John","Arthur","Bookshelf"
"John","Ruth","Storage Shelf, Storage Shelf"
"John","Philip","Bluetooth Headphones"
"John","Diana","Laptop Stand"
"John","Roger","Throw Pillows, Throw Pillows"
"John","Natalie","Smartphone Case"
"John","Benjamin","Webcam HD, Air Purifier, Air Purifier"
"John","Virginia","Storage Containers, Storage Containers"
"John","Bruce","Screen Protector"
"John","Madison","Air Purifier, Air Purifier, Desk Lamp"
"John","Adam","Microphone"
"John","Abigail","Throw Pillows"
"John","Gerald","Office Chair, Kitchen Blender"
"John","Lauren","Storage Containers"
"John","Keith","Keyboard Wrist Rest, Keyboard Wrist Rest"
"John","Isabella","Cable Organizer, Webcam HD"
"John","Terry","Desk Lamp, Desk Lamp"
"John","Jane","Monitor Stand, Kitchen Blender"
"John","Wayne","USB-C Hub, Desk Organizer"
"John","Amy","Wireless Charger, Wireless Charger"
"John","Ralph","Coffee Maker, Wall Clock"
"John","Cynthia","Smartphone Case"
"John","Smith","Electric Kettle"
"John","Johnson","Electric Kettle, Food Processor, Food Processor"
"John","Williams","Wireless Mouse, Wireless Mouse"
"John","Brown","Power Strip, Power Strip, Power Strip"
"John","Jones","Storage Containers"
"John","Garcia","Throw Pillows, Desk Mat, Desk Mat"
"John","Miller","Keyboard Wrist Rest"
"John","Davis","Laptop Sleeve, Laptop Sleeve"
"John","Rodriguez","Coffee Maker, Cable Organizer, Coffee Maker"
"John","Martinez","Standing Desk, Standing Desk"
"John","Hernandez","Power Strip, Toaster Oven"
"John","Lopez","Coffee Maker, Wireless Charger, Coffee Maker, Wireless Charger"
"John","Gonzalez","Document Scanner, Document Scanner"
"John","Wilson","Smartphone Case, Mechanical Keyboard"
"John","Anderson","External SSD"
"John","Thomas","Monitor Stand"
"John","Taylor","Noise Cancelling Headset, Noise Cancelling Headset"
"John","Moore","Storage Containers, Storage Containers, Storage Shelf"
"John","Jackson","USB-C Hub"
"John","Martin","Portable Charger, Tablet Stand"
"John","Peter","Wireless Presenter"
"John","Victoria","Wireless Earbuds, Laptop Stand, Laptop Stand, Wireless Earbuds"
"John","Raymond","Air Purifier"
"John","Julia","Wireless Earbuds"
"John","Scott","Computer Speakers, Computer Speakers, Kitchen Blender"
"John","Grace","Storage Containers, Desk Mat, Storage Containers, Desk Mat"
"John","Dennis","Wireless Mouse"
"John","Evelyn","Bookshelf"
"John","Gregory","Standing Desk, Phone Grip"
"John","Anna","Gaming Mouse Pad, Gaming Mouse Pad"
"John","Walter","Bluetooth Headphones, Tablet Stand"
"John","Rose","Laptop Stand, Laptop Stand"
"John","Patrick","Computer Speakers"
"John","Judith","Wireless Charger"
"John","Henry","Computer Speakers"
"John","Christina","Wireless Mouse"
"John","Douglas","Power Strip, Cable Organizer"
"John","Maria","Storage Shelf, Screen Protector"
"John","Harold","Screen Protector"
"John","Nicole","USB-C Hub"
"John","Alexander","Storage Containers, Desk Mat"
"John","Megan","Desk Organizer, Keyboard Wrist Rest"
"John","Samuel","File Cabinet, Office Chair"
"John","Dorothy","Food Processor, Webcam HD, Webcam HD"
"John","Frank","Coffee Maker, File Cabinet, Coffee Maker"
"John","Sophia","Gaming Mouse Pad, Air Purifier, Air Purifier"
"John","Lawrence","Desk Mat, Bluetooth Headphones, Desk Mat"
"John","Alice","Gaming Mouse Pad"
"John","Arthur","Cable Organizer, Cable Organizer"
"John","Ruth","Screen Protector, Screen Protector"
"John","Philip","Desk Organizer, Bookshelf"
"John","Diana","Desk Organizer, Office Chair"
"John","Roger","Phone Grip, Toaster Oven"
"John","Natalie","Monitor Stand"
"John","Benjamin","Gaming Mouse Pad"
"John","Virginia","Kitchen Blender, Computer Speakers"
"John","Bruce","Wall Clock, Wall Clock, Laptop Stand"
"John","Madison","Kitchen Blender"
"John","Adam","Portable Charger, Portable Charger"
"John","Abigail","Tablet Stand, Tablet Stand, Bluetooth Headphones"
"John","Gerald","Throw Pillows"
"John","Lauren","Laptop Sleeve, Laptop Sleeve"
"John","Keith","Cable Organizer, External SSD, Cable Organizer"
"John","Isabella","Wall Clock, Desk Lamp, Desk Lamp, Wall Clock"
"John","Terry","Cable Organizer, Computer Speakers, Cable Organizer"
"John","Jane","Noise Cancelling Headset"
"John","Wayne","Phone Grip, Phone Grip"
"John","Amy","Bath Towels"
"John","Ralph","Throw Pillows, Throw Pillows"
"John","Cynthia","Wall Clock"
"John","Smith","USB-C Hub, Gaming Keyboard, USB-C Hub, Gaming Keyboard"
"John","Johnson","Wireless Earbuds, Electric Kettle"
"John","Williams","Noise Cancelling Headset, Noise Cancelling Headset, File Cabinet"
"John","Brown","Portable Charger, Smartphone Case"
"John","Jones","Bluetooth Headphones"
"John","Garcia","Mechanical Keyboard, Cable Organizer"
"John","Miller","External SSD"
"John","Davis","Standing Desk, Power Strip, Standing Desk"
"John","Rodriguez","Bluetooth Headphones, Wireless Mouse"
"John","Martinez","File Cabinet, Power Strip"
"John","Hernandez","Bath Towels, Bath Towels"
"John","Lopez","Portable Charger, Portable Charger"
"John","Gonzalez","Cable Organizer, Cable Organizer"
"John","Wilson","Smartphone Case, Smartphone Case"
"John","Anderson","Toaster Oven"
"John","Thomas","Storage Containers, Keyboard Wrist Rest"
"John","Taylor","External SSD, Smart Watch, External SSD"
"John","Moore","Noise Cancelling Headset, File Cabinet"
"John","Jackson","Screen Protector, Office Chair, Office Chair"
"John","Martin","Laptop Stand, Coffee Maker"
"John","Peter","Electric Kettle, Throw Pillows, Throw Pillows"
"John","Victoria","Portable Charger"
"John","Raymond","Desk Lamp, Desk Lamp"
"John","Julia","Laptop Stand, Smartphone Case, Laptop Stand"
"John","Scott","Laptop Sleeve"
"John","Grace","Wireless Presenter"
"John","Dennis","External SSD, Phone Grip"
"John","Evelyn","Webcam HD"
"John","Gregory","Wireless Mouse, Kitchen Blender"
"John","Anna","External SSD, Toaster Oven, External SSD"
"John","Walter","Laptop Sleeve, Laptop Sleeve"
"John","Rose","Bath Towels, Bath Towels, Drawer Unit"
"John","Patrick","Throw Pillows, 4K Monitor, Throw Pillows"
"John","Judith","Bluetooth Headphones, Bluetooth Headphones, Storage Shelf"
"John","Henry","Toaster Oven, Gaming Keyboard"
"John","Christina","Water Bottle, Tablet Stand, Tablet Stand, Water Bottle"
"John","Douglas","Phone Grip"
"John","Maria","Wall Clock"
"John","Harold","Office Chair, Office Chair"
"John","Nicole","Microphone, Smartphone Case, Smartphone Case, Microphone"
"John","Alexander","Webcam HD, Throw Pillows"
"John","Megan","Kitchen Blender"
"John","Samuel","WiFi Router, Gaming Mouse Pad"
"John","Dorothy","Storage Containers, Storage Containers"
"John","Frank","Storage Containers"
"John","Sophia","Gaming Keyboard, Gaming Keyboard, Gaming Keyboard"
"John","Lawrence","Noise Cancelling Headset"
"John","Alice","File Cabinet, File Cabinet, Bluetooth Headphones"
"John","Arthur","Desk Organizer"
"John","Ruth","Smart Watch, Keyboard Wrist Rest"
"John","Philip","Wireless Mouse"
"John","Diana","Rice Cooker"
"John","Roger","USB-C Hub, USB-C Hub"
"John","Natalie","Document Scanner, Throw Pillows, Document Scanner"
"John","Benjamin","Mechanical Keyboard"
"John","Virginia","Drawer Unit, Wireless Mouse"
"John","Bruce","Gaming Keyboard, Gaming Keyboard"
"John","Madison","Air Purifier"
"John","Adam","Smartphone Case, Toaster Oven"
"John","Abigail","Bluetooth Headphones"
"John","Gerald","Standing Desk"
"John","Lauren","Office Chair"
"John","Keith","Mechanical Keyboard, Mechanical Keyboard"
"John","Isabella","Smart Watch, Smart Watch"
"John","Terry","Desk Mat, Document Scanner, Desk Mat"
"John","Jane","Phone Grip"
"John","Wayne","Smartphone Case, Wireless Mouse"
"John","Amy","External SSD"
"John","Ralph","Storage Containers, Wireless Mouse, Storage Containers"
"John","Cynthia","Bluetooth Headphones, Bluetooth Headphones, Wireless Mouse"
"John","Smith","WiFi Router"
"John","Johnson","Microphone, Power Strip, Power Strip"
"John","Williams","Tablet Stand, Tablet Stand, Coffee Maker"
"John","Brown","Desk Lamp"
"John","Jones","File Cabinet, Monitor Stand"
"John","Garcia","Food Processor, Food Processor"
"John","Miller","Wireless Charger, Standing Desk"
"John","Davis","Laptop Sleeve"
"John","Rodriguez","Food Processor, Food Processor, 4K Monitor"
"John","Martinez","Phone Grip, Phone Grip, Storage Containers"
"John","Hernandez","Bluetooth Headphones, Smartphone Case"
"John","Lopez","Bath Towels, Wireless Mouse"
"John","Gonzalez","Keyboard Wrist Rest"
"John","Wilson","Gaming Mouse Pad"
"John","Anderson","Phone Grip, Phone Grip"
"John","Thomas","USB-C Hub"
"John","Taylor","Wireless Presenter, Bath Towels, Wireless Presenter"
"John","Moore","Bath Towels, Bath Towels"
"John","Jackson","Toaster Oven, Toaster Oven, Wireless Earbuds"
"John","Martin","Gaming Mouse Pad, Gaming Mouse Pad"
"John","Peter","Laptop Stand, Laptop Stand, Water Bottle, Water Bottle"
"John","Victoria","Wireless Charger"
"John","Raymond","Standing Desk"
"John","Julia","External SSD"
"John","Scott","Portable Charger, Portable Charger"
"John","Grace","Storage Containers, Storage Containers"
"John","Dennis","Storage Shelf, Office Chair, Office Chair"
"John","Evelyn","Webcam HD, Webcam HD"
"John","Gregory","Keyboard Wrist Rest"
"John","Anna","File Cabinet, Laptop Sleeve, File Cabinet"
"John","Walter","Computer Speakers"
"John","Rose","File Cabinet, File Cabinet, Webcam HD"
"John","Patrick","Phone Grip, Monitor Stand, Phone Grip"
"John","Judith","Tablet Stand"
"John","Henry","Document Scanner"
"John","Christina","Tablet Stand, Tablet Stand, Wall Clock, Wall Clock"
"John","Douglas","Water Bottle, Water Bottle"
"John","Maria","Webcam HD, Webcam HD"
"John","Harold","File Cabinet"
"John","Nicole","Power Strip, Power Strip, Throw Pillows"
"John","Alexander","Office Chair"
"John","Megan","4K Monitor, 4K Monitor"
"John","Samuel","Office Chair"
"John","Dorothy","Noise Cancelling Headset, Laptop Stand, Laptop Stand, Noise Cancelling Headset"
"John","Frank","Standing Desk, Standing Desk, Water Bottle"
"John","Sophia","Kitchen Blender"
"John","Lawrence","Coffee Maker"
"John","Alice","Desk Lamp"
"John","Arthur","Air Purifier, Drawer Unit, Drawer Unit, Air Purifier"
"John","Ruth","Electric Kettle, Electric Kettle"
"John","Philip","4K Monitor"
"John","Diana","Computer Speakers"
"John","Roger","Phone Grip, 4K Monitor"
"John","Natalie","Desk Lamp, Air Purifier"
"John","Benjamin","Portable Charger"
"John","Virginia","Electric Kettle, Electric Kettle"
"John","Bruce","Wireless Mouse, Toaster Oven"
"John","Madison","Monitor Stand"
"John","Adam","Coffee Maker"
"John","Abigail","Throw Pillows"
"John","Gerald","Storage Shelf, Wireless Mouse, Storage Shelf"
"John","Lauren","Gaming Keyboard, Gaming Keyboard"
"John","Keith","Desk Lamp, Desk Lamp"
"John","Isabella","Monitor Stand, Monitor Stand, Gaming Mouse Pad, Gaming Mouse Pad"
"John","Terry","Office Chair"
"John","Jane","Smart Watch, Smart Watch, Computer Speakers"
"John","Wayne","Food Processor, Electric Kettle"
"John","Amy","Power Strip"
"John","Ralph","Noise Cancelling Headset, Gaming Mouse Pad, Gaming Mouse Pad"
"John","Cynthia","Coffee Maker"
"John","Smith","Storage Containers, Wireless Charger"
"John","Johnson","Drawer Unit"
"John","Williams","Standing Desk, Standing Desk"
"John","Brown","Desk Lamp, Smart Watch"
"John","Jones","Noise Cancelling Headset, Laptop Stand, Noise Cancelling Headset"
"John","Garcia","Document Scanner, Document Scanner"
"John","Miller","Storage Containers, Webcam HD, Storage Containers"
"John","Davis","Tablet Stand"
"John","Rodriguez","Laptop Sleeve, Desk Mat"
"John","Martinez","Desk Lamp"
"John","Hernandez","Gaming Keyboard, Gaming Keyboard"
"John","Lopez","Laptop Sleeve"
"John","Gonzalez","WiFi Router, Food Processor, WiFi Router"
"John","Wilson","Tablet Stand, Tablet Stand"
"John","Anderson","Wireless Presenter, Wireless Presenter"
"John","Thomas","Standing Desk, Screen Protector, Screen Protector"
"John","Taylor","Toaster Oven, Wireless Presenter"
"John","Moore","Kitchen Blender"
"John","Jackson","Desk Organizer"
"John","Martin","Bluetooth Headphones, Bluetooth Headphones"
"John","Peter","Bath Towels, Laptop Sleeve, Bath Towels"
"John","Victoria","Coffee Maker, Bath Towels, Coffee Maker"
"John","Raymond","Wireless Charger, Wall Clock"
"John","Julia","Throw Pillows, Mechanical Keyboard"
"John","Scott","Wireless Charger, Wireless Charger, Air Purifier"
"John","Grace","USB-C Hub, Bath Towels"
"John","Dennis","Drawer Unit, Drawer Unit"
"John","Evelyn","Desk Lamp, Desk Lamp"
"John","Gregory","Water Bottle, Keyboard Wrist Rest"
"John","Anna","WiFi Router, Keyboard Wrist Rest, WiFi Router"
"John","Walter","Water Bottle, Coffee Maker"
"John","Rose","Laptop Sleeve, Office Chair"
"John","Patrick","Storage Shelf, Storage Shelf"
"John","Judith","4K Monitor, Storage Containers"
"John","Henry","Monitor Stand, Monitor Stand"
"John","Christina","Webcam HD, Mechanical Keyboard, Webcam HD"
"John","Douglas","Food Processor, Food Processor, Food Processor"
"John","Maria","Tablet Stand"
"John","Harold","4K Monitor"
"John","Nicole","Gaming Mouse Pad, Office Chair, Gaming Mouse Pad"
"John","Alexander","Rice Cooker, Rice Cooker, Bath Towels"
"John","Megan","Wireless Presenter"
"John","Samuel","Electric Kettle, Mechanical Keyboard, Mechanical Keyboard"
"John","Dorothy","Smartphone Case"
"John","Frank","Document Scanner"
"John","Sophia","Document Scanner"
"John","Lawrence","Kitchen Blender"
"John","Alice","Wall Clock, Tablet Stand, Tablet Stand, Wall Clock"
"John","Arthur","Smartphone Case"
"John","Ruth","Wireless Charger, Wireless Charger, Portable Charger"
"John","Philip","Desk Organizer, Desk Lamp"
"John","Diana","Drawer Unit, Drawer Unit, 4K Monitor"
"John","Roger","Storage Shelf"
"John","Natalie","Gaming Keyboard"
"John","Benjamin","Document Scanner"
"John","Virginia","Phone Grip"
"John","Bruce","Document Scanner, Smart Watch"
"John","Madison","Storage Shelf"
"John","Adam","File Cabinet, Document Scanner, File Cabinet"
"John","Abigail","Computer Speakers, Bath Towels, Computer Speakers"
"John","Gerald","4K Monitor, 4K Monitor, Bath Towels"
"John","Lauren","Screen Protector"
"John","Keith","Standing Desk"
"John","Isabella","Computer Speakers, Computer Speakers"
"John","Terry","Screen Protector, Desk Lamp"
"John","Jane","Wireless Presenter, Wireless Presenter, Office Chair"
"John","Wayne","USB-C Hub"
"John","Amy","Office Chair, Food Processor, Food Processor"
"John","Ralph","Desk Organizer, Rice Cooker, Rice Cooker"
"John","Cynthia","Wireless Presenter, Portable Charger"
"John","Smith","Noise Cancelling Headset"
"John","Johnson","Desk Organizer, Desk Organizer"
"John","Williams","Kitchen Blender, Office Chair, Office Chair"
"John","Brown","Wireless Mouse, Water Bottle"
"John","Jones","Storage Containers"
"John","Garcia","External SSD, Microphone, External SSD"
"John","Miller","Document Scanner"
"John","Davis","USB-C Hub, USB-C Hub"
"John","Rodriguez","Throw Pillows, Throw Pillows"
"John","Martinez","Coffee Maker"
"John","Hernandez","Air Purifier"
"John","Lopez","4K Monitor"
"John","Gonzalez","Coffee Maker, Monitor Stand, Monitor Stand, Coffee Maker"
"John","Wilson","Keyboard Wrist Rest, External SSD"
"John","Anderson","Document Scanner, Document Scanner"
"John","Thomas","Bath Towels, Bookshelf, Bookshelf"
"John","Taylor","Gaming Mouse Pad, Gaming Mouse Pad"
"John","Moore","Power Strip"
"John","Jackson","Wireless Presenter, Wireless Presenter, Power Strip, Power Strip"
"John","Martin","File Cabinet"
"John","Peter","Mechanical Keyboard"
"John","Victoria","Cable Organizer, USB-C Hub"
"John","Raymond","Bluetooth Headphones"
"John","Julia","Wireless Charger"
"John","Scott","Desk Organizer"
"John","Grace","Mechanical Keyboard, Water Bottle, Water Bottle"
"John","Dennis","Gaming Keyboard, Gaming Keyboard"
"John","Evelyn","Wireless Presenter, Gaming Mouse Pad, Wireless Presenter"
"John","Gregory","Office Chair, Microphone, Office Chair"
"John","Anna","Office Chair"
"John","Walter","Noise Cancelling Headset, Office Chair"
"John","Rose","Toaster Oven, Toaster Oven, Toaster Oven"
"John","Patrick","Wall Clock, Wall Clock, Bookshelf, Bookshelf"
"John","Judith","Gaming Keyboard, Laptop Stand, Gaming Keyboard, Laptop Stand"
"John","Henry","Portable Charger"
"John","Christina","Noise Cancelling Headset, Noise Cancelling Headset"
"John","Douglas","Keyboard Wrist Rest, Food Processor, Keyboard Wrist Rest"
"John","Maria","Wireless Mouse, Wireless Mouse"
"John","Harold","Storage Shelf, Electric Kettle"
"John","Nicole","Wireless Mouse, Noise Cancelling Headset, Noise Cancelling Headset"
"John","Alexander","Desk Lamp"
"John","Megan","Office Chair, Office Chair, Wireless Earbuds"
"John","Samuel","Webcam HD, Webcam HD"
"John","Dorothy","Desk Organizer, Keyboard Wrist Rest"
"John","Frank","Keyboard Wrist Rest, Keyboard Wrist Rest"
"John","Sophia","Bluetooth Headphones, Food Processor"
"John","Lawrence","Power Strip, Wireless Presenter"
"John","Alice","Storage Shelf, Kitchen Blender"
"John","Arthur","Throw Pillows, Throw Pillows"
"John","Ruth","Desk Mat, Screen Protector"
"John","Philip","Gaming Mouse Pad, 4K Monitor, 4K Monitor, Gaming Mouse Pad"
"John","Diana","Coffee Maker, Phone Grip"
"John","Roger","Keyboard Wrist Rest, Monitor Stand"
"John","Natalie","Wireless Earbuds, Laptop Stand"
"John","Benjamin","Gaming Mouse Pad, Gaming Mouse Pad, Water Bottle"
"John","Virginia","Gaming Mouse Pad, Gaming Mouse Pad"
"John","Bruce","Monitor Stand, File Cabinet"
"John","Madison","4K Monitor, 4K Monitor"
"John","Adam","External SSD"
"John","Abigail","Portable Charger, Storage Containers, Portable Charger"
"John","Gerald","Keyboard Wrist Rest, Screen Protector, Screen Protector, Keyboard Wrist Rest"
"John","Lauren","Document Scanner, Document Scanner"
"John","Keith","Wireless Mouse, USB-C Hub, USB-C Hub"
"John","Isabella","Screen Protector, Screen Protector"
"John","Terry","Bookshelf, Power Strip, Power Strip"
"John","Jane","Bath Towels, Bath Towels"
"John","Wayne","Power Strip, Power Strip, Bath Towels"
"John","Amy","Laptop Sleeve, USB-C Hub, Laptop Sleeve"
"John","Ralph","4K Monitor, Air Purifier, Air Purifier"
"John","Cynthia","File Cabinet"
"John","Smith","USB-C Hub, USB-C Hub"
"John","Johnson","Drawer Unit, Bookshelf, Drawer Unit"
"John","Williams","Monitor Stand, Wireless Earbuds, Monitor Stand"
"John","Brown","Bluetooth Headphones"
"John","Jones","File Cabinet"
"John","Garcia","Mechanical Keyboard"
"John","Miller","Computer Speakers, Gaming Keyboard"
"John","Davis","Computer Speakers, Computer Speakers, WiFi Router"
"John","Rodriguez","Portable Charger"
"John","Martinez","Water Bottle, Water Bottle"
"John","Hernandez","Microphone, Microphone"
"John","Lopez","Keyboard Wrist Rest"
"John","Gonzalez","Bath Towels, Document Scanner"
"John","Wilson","Smartphone Case"
"John","Anderson","Laptop Stand, Bookshelf"
"John","Thomas","Electric Kettle, Electric Kettle"
"John","Taylor","Wireless Mouse, Rice Cooker"
"John","Moore","Wireless Presenter, Wireless Presenter"
"John","Jackson","USB-C Hub, USB-C Hub"
"John","Martin","Gaming Keyboard, Gaming Keyboard, Desk Organizer"
"John","Peter","Phone Grip"
"John","Victoria","Storage Containers, Storage Containers, Bath Towels, Bath Towels"
"John","Raymond","Microphone"
"John","Julia","Laptop Sleeve"
"John","Scott","Rice Cooker"
"John","Grace","Computer Speakers"
"John","Dennis","Monitor Stand, Monitor Stand"
"John","Evelyn","Laptop Stand, Power Strip, Laptop Stand"
"John","Gregory","Storage Shelf, Storage Shelf, Desk Mat"
"John","Anna","External SSD, Electric Kettle, Electric Kettle"
"John","Walter","Desk Lamp, Desk Lamp"
"John","Rose","Kitchen Blender"
"John","Patrick","Office Chair"
"John","Judith","Cable Organizer, Cable Organizer"
"John","Henry","Keyboard Wrist Rest, Keyboard Wrist Rest"
"John","Christina","Standing Desk, Rice Cooker"
"John","Douglas","Desk Organizer"
"John","Maria","Desk Lamp, Portable Charger, Desk Lamp"
"John","Harold","Air Purifier"
"John","Nicole","Webcam HD, Smart Watch"
"John","Alexander","Drawer Unit"
"John","Megan","Wireless Charger, Office Chair, Wireless Charger"
"John","Samuel","Storage Containers, Toaster Oven"
"John","Dorothy","Power Strip"
"John","Frank","Desk Organizer"
"John","Sophia","Noise Cancelling Headset, Noise Cancelling Headset"
"John","Lawrence","Bluetooth Headphones, Water Bottle, Water Bottle"
"John","Alice","Monitor Stand"
"John","Arthur","Keyboard Wrist Rest, Wireless Charger"
"John","Ruth","Cable Organizer, Cable Organizer"
"John","Philip","File Cabinet, File Cabinet, Webcam HD, Webcam HD"
"John","Diana","Bluetooth Headphones"
"John","Roger","Noise Cancelling Headset, Electric Kettle"
"John","Natalie","Wireless Charger, Desk Mat"
"John","Benjamin","Gaming Keyboard, Gaming Keyboard"
"John","Virginia","Wireless Earbuds, Wireless Earbuds"
"John","Bruce","Desk Organizer"
"John","Madison","Food Processor"
"John","Adam","WiFi Router, WiFi Router"
"John","Abigail","Monitor Stand, Webcam HD"
"John","Gerald","Screen Protector, Laptop Stand, Screen Protector"
"John","Lauren","Mechanical Keyboard, Mechanical Keyboard, Bath Towels"
"John","Keith","Wall Clock, External SSD, External SSD"
"John","Isabella","Keyboard Wrist Rest"
"John","Terry","Throw Pillows, Throw Pillows"
"John","Jane","Coffee Maker, 4K Monitor, 4K Monitor"
"John","Wayne","Monitor Stand, Coffee Maker"
"John","Amy","Laptop Sleeve"
"John","Ralph","Microphone"
"John","Cynthia","Bookshelf, Portable Charger"
"John","Smith","Laptop Sleeve, Standing Desk, Laptop Sleeve"
"John","Johnson","Noise Cancelling Headset, Wall Clock, Wall Clock"
"John","Williams","Food Processor, Laptop Sleeve"
"John","Brown","Wireless Earbuds"
"John","Jones","Wireless Mouse"
"John","Garcia","Office Chair, Drawer Unit"
"John","Miller","Microphone, Microphone"
"John","Davis","Gaming Mouse Pad, Gaming Mouse Pad"
"John","Rodriguez","Wireless Earbuds, Desk Mat, Desk Mat"
"John","Martinez","Tablet Stand, Bluetooth Headphones"
"John","Hernandez","Microphone, Microphone"
"John","Lopez","Air Purifier, Air Purifier"
"John","Gonzalez","Tablet Stand, Tablet Stand"
"John","Wilson","Storage Containers"
"John","Anderson","External SSD, Bluetooth Headphones, External SSD, Bluetooth Headphones"
"John","Thomas","Throw Pillows, Throw Pillows, Wireless Presenter, Wireless Presenter"
"John","Taylor","Monitor Stand, Storage Shelf, Monitor Stand, Storage Shelf"
"John","Moore","Bath Towels"
"John","Jackson","Coffee Maker, Toaster Oven"
"John","Martin","Laptop Stand"
"John","Peter","Wireless Presenter"
"John","Victoria","Desk Mat, Coffee Maker"
"John","Raymond","Webcam HD"
"John","Julia","Gaming Keyboard"
"John","Scott","Wall Clock, Wall Clock, Desk Mat"
"John","Grace","Cable Organizer"
"John","Dennis","Webcam HD, Throw Pillows, Webcam HD"
"John","Evelyn","Microphone, Drawer Unit, Microphone"
"John","Gregory","Wireless Earbuds, Standing Desk"
"John","Anna","Air Purifier, Air Purifier, Desk Lamp, Desk Lamp"
"John","Walter","Air Purifier"
"John","Rose","File Cabinet, Wireless Earbuds, Wireless Earbuds"
"John","Patrick","File Cabinet, Bath Towels"
"John","Judith","Wireless Presenter, Document Scanner, Wireless Presenter"
"John","Henry","Toaster Oven"
"John","Christina","Phone Grip, Desk Organizer"
"John","Douglas","Wireless Mouse, Screen Protector"
"John","Maria","Cable Organizer, Cable Organizer"
"John","Harold","Noise Cancelling Headset, Noise Cancelling Headset, File Cabinet"
"John","Nicole","Phone Grip"
"John","Alexander","Mechanical Keyboard, Mechanical Keyboard"
"John","Megan","Wall Clock"
"John","Samuel","Drawer Unit, Drawer Unit, USB-C Hub"
"John","Dorothy","Rice Cooker, Rice Cooker, Desk Lamp"
"John","Frank","Wireless Charger, Gaming Keyboard, Wireless Charger, Gaming Keyboard"
"John","Sophia","Noise Cancelling Headset, Noise Cancelling Headset"
"John","Lawrence","Wireless Charger"
"John","Alice","Office Chair, Cable Organizer"
"John","Arthur","File Cabinet, File Cabinet"
"John","Ruth","Desk Lamp, Desk Lamp"
"John","Philip","Power Strip, Food Processor"
"John","Diana","File Cabinet, File Cabinet"
"John","Roger","Coffee Maker"
"John","Natalie","Mechanical Keyboard, Mechanical Keyboard, Throw Pillows"
"John","Benjamin","Storage Containers"
"John","Virginia","Rice Cooker, Coffee Maker"
"John","Bruce","Smart Watch"
"John","Madison","Smart Watch, Smart Watch, Gaming Mouse Pad, Gaming Mouse Pad"
"John","Adam","Air Purifier"
"John","Abigail","Desk Organizer, Toaster Oven"
"John","Gerald","USB-C Hub, Noise Cancelling Headset, Noise Cancelling Headset"
"John","Lauren","Document Scanner"
"John","Keith","Bath Towels, Bath Towels"
"John","Isabella","Drawer Unit"
"John","Terry","Desk Mat, Electric Kettle, Electric Kettle"
"John","Jane","Rice Cooker"
"John","Wayne","Toaster Oven"
"John","Amy","Gaming Mouse Pad"
"John","Ralph","Storage Containers, Storage Containers"
"John","Cynthia","Bath Towels"
"John","Smith","Noise Cancelling Headset"
"John","Johnson","Gaming Keyboard, Gaming Keyboard"
"John","Williams","Toaster Oven, Standing Desk"
"John","Brown","Portable Charger, Portable Charger"
"John","Jones","USB-C Hub, Portable Charger, Portable Charger, USB-C Hub"
"John","Garcia","External SSD"
"John","Miller","Noise Cancelling Headset, Noise Cancelling Headset"
"John","Davis","Cable Organizer, Cable Organizer"
"John","Rodriguez","Microphone"
"John","Martinez","4K Monitor, 4K Monitor, Phone Grip, Phone Grip"
"John","Hernandez","Portable Charger, Portable Charger, Cable Organizer"
"John","Lopez","Bath Towels, Bath Towels"
"John","Gonzalez","Throw Pillows, Bluetooth Headphones"
"John","Wilson","Wireless Presenter, Wireless Presenter"
"John","Anderson","Standing Desk, Standing Desk"
"John","Thomas","File Cabinet, Kitchen Blender"
"John","Taylor","Bath Towels, Bath Towels"
"John","Moore","Electric Kettle, Rice Cooker, Rice Cooker"
"John","Jackson","Water Bottle"
"John","Martin","Computer Speakers"
"John","Peter","Portable Charger, Portable Charger, Office Chair"
"John","Victoria","Bath Towels, Bookshelf, Bookshelf, Bath Towels"
"John","Raymond","Smartphone Case"
"John","Julia","USB-C Hub, USB-C Hub"
"John","Scott","Food Processor"
"John","Grace","Document Scanner, Document Scanner, Noise Cancelling Headset"
"John","Dennis","File Cabinet, Gaming Keyboard"
"John","Evelyn","Electric Kettle"
"John","Gregory","Microphone, Portable Charger"
"John","Anna","Webcam HD, Standing Desk"
"John","Walter","Rice Cooker, Rice Cooker, Air Purifier"
"John","Rose","Office Chair, Standing Desk"
"John","Patrick","Wireless Mouse"
"John","Judith","Throw Pillows, Throw Pillows, Throw Pillows, Throw Pillows"
"John","Henry","Gaming Mouse Pad"
"John","Christina","Computer Speakers, Computer Speakers"
"John","Douglas","Wireless Mouse, Laptop Sleeve"
"John","Maria","Webcam HD, Webcam HD, 4K Monitor"
"John","Harold","Smartphone Case, Laptop Stand"
"John","Nicole","Electric Kettle"
"John","Alexander","Smart Watch, Tablet Stand, Tablet Stand"
"John","Megan","Throw Pillows, Throw Pillows"
"John","Samuel","Smart Watch, Wireless Presenter"
"John","Dorothy","Coffee Maker"
"John","Frank","Keyboard Wrist Rest, Keyboard Wrist Rest"
"John","Sophia","Wireless Charger"
"John","Lawrence","Kitchen Blender, Noise Cancelling Headset, Kitchen Blender"
"John","Alice","Noise Cancelling Headset"
"John","Arthur","File Cabinet, Water Bottle"
"John","Ruth","4K Monitor, Desk Mat, Desk Mat"
"John","Philip","Throw Pillows, File Cabinet"
"John","Diana","Wireless Charger, Wireless Charger"
"John","Roger","File Cabinet, Phone Grip"
"John","Natalie","External SSD"
"John","Benjamin","Drawer Unit, Drawer Unit"
"John","Virginia","Desk Organizer, Wireless Mouse, Desk Organizer, Wireless Mouse"
"John","Bruce","Bath Towels, File Cabinet"
"John","Madison","Desk Mat"
"John","Adam","Noise Cancelling Headset, Drawer Unit, Noise Cancelling Headset"
"John","Abigail","Bookshelf, Wireless Presenter"
"John","Gerald","Computer Speakers, Storage Shelf, Computer Speakers"
"John","Lauren","File Cabinet"
"John","Keith","Wireless Earbuds, Wireless Earbuds"
"John","Isabella","Keyboard Wrist Rest"
"John","Terry","Portable Charger"
"John","Jane","USB-C Hub"
"John","Wayne","4K Monitor, Screen Protector, 4K Monitor"
"John","Amy","Desk Organizer"
"John","Ralph","Smart Watch, Smart Watch"
"John","Cynthia","Tablet Stand, Kitchen Blender"
"John","Smith","Portable Charger, Portable Charger, Kitchen Blender"
"John","Johnson","Gaming Keyboard, Smartphone Case, Smartphone Case"
"John","Williams","Wireless Mouse"
"John","Brown","Food Processor, Coffee Maker, Coffee Maker"
"John","Jones","Screen Protector, Monitor Stand, Screen Protector, Monitor Stand"
"John","Garcia","Gaming Keyboard, Gaming Keyboard"
"John","Miller","Gaming Keyboard, Cable Organizer, Cable Organizer"
"John","Davis","Laptop Stand, Wireless Presenter"
"John","Rodriguez","Monitor Stand, Monitor Stand, Coffee Maker"
"John","Martinez","Food Processor"
"John","Hernandez","Power Strip, Power Strip"
"John","Lopez","WiFi Router"
"John","Gonzalez","Tablet Stand, Tablet Stand, Bluetooth Headphones"
"John","Wilson","Desk Organizer"
"John","Anderson","Air Purifier, Air Purifier"
"John","Thomas","Computer Speakers, Computer Speakers, Wireless Earbuds"
"John","Taylor","File Cabinet, File Cabinet"
"John","Moore","Keyboard Wrist Rest, WiFi Router, Keyboard Wrist Rest, WiFi Router"
"John","Jackson","Rice Cooker"
"John","Martin","Wireless Presenter, Wireless Presenter, Wireless Earbuds"
"John","Peter","Smart Watch, Phone Grip"
"John","Victoria","Portable Charger"
"John","Raymond","Computer Speakers, Standing Desk"
"John","Julia","Desk Lamp, Gaming Mouse Pad, Gaming Mouse Pad"
"John","Scott","Desk Organizer"
"John","Grace","Smartphone Case, Wireless Charger"
"John","Dennis","Smart Watch, Storage Shelf, Storage Shelf"
"John","Evelyn","Toaster Oven, Toaster Oven, Monitor Stand"
"John","Gregory","Portable Charger"
"John","Anna","Desk Organizer"
"John","Walter","Throw Pillows"
"John","Rose","Phone Grip, Phone Grip, USB-C Hub"
"John","Patrick","Cable Organizer, Mechanical Keyboard"
"John","Judith","Throw Pillows, Laptop Sleeve"
"John","Henry","External SSD, Bookshelf"
"John","Christina","Document Scanner, Document Scanner"
"John","Douglas","Storage Containers, Storage Containers"
"John","Maria","Wireless Charger, Bath Towels"
"John","Harold","Wireless Mouse"
"John","Nicole","Coffee Maker"
"John","Alexander","WiFi Router, File Cabinet"
"John","Megan","Wireless Earbuds, Wireless Earbuds"
"John","Samuel","Tablet Stand"
"John","Dorothy","Document Scanner, Microphone"
"John","Frank","Wireless Earbuds, File Cabinet, Wireless Earbuds"
"John","Sophia","File Cabinet, Rice Cooker, Rice Cooker, File Cabinet"
"John","Lawrence","WiFi Router"
"John","Alice","Air Purifier, Bluetooth Headphones"
"John","Arthur","Office Chair"
"John","Ruth","Laptop Sleeve, Laptop Sleeve"
"John","Philip","Wireless Mouse, Office Chair, Office Chair"
"John","Diana","Bookshelf, Bookshelf, Throw Pillows"
"John","Roger","Throw Pillows"
"John","Natalie","Wall Clock"
"John","Benjamin","Noise Cancelling Headset, Desk Organizer"
"John","Virginia","Bluetooth Headphones, Wireless Earbuds, Wireless Earbuds"
"John","Bruce","Wireless Mouse, Wireless Presenter, Wireless Presenter"
"John","Madison","Smartphone Case, Coffee Maker"
"John","Adam","Portable Charger, Portable Charger"
"John","Abigail","Kitchen Blender, Gaming Keyboard, Gaming Keyboard"
"John","Gerald","Laptop Sleeve, Laptop Sleeve, Laptop Sleeve"
"John","Lauren","Cable Organizer, Bath Towels, Bath Towels"
"John","Keith","Cable Organizer, WiFi Router, Cable Organizer"
"John","Isabella","Desk Lamp"
"John","Terry","Laptop Stand, Laptop Stand"
"John","Jane","Document Scanner, 4K Monitor, 4K Monitor"
"John","Wayne","Mechanical Keyboard"
"John","Amy","Storage Shelf, Storage Shelf"
"John","Ralph","Food Processor, Food Processor, Throw Pillows"
"John","Cynthia","Standing Desk, 4K Monitor, Standing Desk"
"John","Smith","Wireless Mouse"
"John","Johnson","Power Strip"
"John","Williams","Wireless Charger, Coffee Maker"
"John","Brown","Wireless Mouse"
"John","Jones","Wireless Charger, Wireless Charger"
"John","Garcia","4K Monitor, Power Strip, Power Strip"
"John","Miller","Microphone"
"John","Davis","Desk Organizer, Desk Organizer"
"John","Rodriguez","Wireless Presenter, Smart Watch, Smart Watch, Wireless Presenter"
"John","Martinez","Wall Clock"
"John","Hernandez","Toaster Oven, Bath Towels, Bath Towels"
"John","Lopez","Drawer Unit"
"John","Gonzalez","Storage Shelf, Wireless Earbuds, Storage Shelf"
"John","Wilson","WiFi Router, WiFi Router, Screen Protector"
"John","Anderson","Office Chair"
"John","Thomas","Gaming Mouse Pad, USB-C Hub"
"John","Taylor","Water Bottle"
"John","Moore","Office Chair, Standing Desk"
"John","Jackson","Water Bottle, Coffee Maker, Coffee Maker"
"John","Martin","Cable Organizer, Bath Towels, Bath Towels"
"John","Peter","Wireless Mouse, Monitor Stand, Monitor Stand"
"John","Victoria","Drawer Unit, Food Processor, Drawer Unit"
"John","Raymond","Monitor Stand, Monitor Stand"
"John","Julia","Air Purifier, Screen Protector, Air Purifier"
"John","Scott","Portable Charger"
"John","Grace","Noise Cancelling Headset"
"John","Dennis","Wireless Earbuds, Toaster Oven"
"John","Evelyn","Phone Grip, Phone Grip, Microphone"
"John","Gregory","Computer Speakers"
"John","Anna","Desk Lamp, Office Chair, Desk Lamp"
"John","Walter","Cable Organizer"
"John","Rose","Gaming Keyboard, Gaming Keyboard"
"John","Patrick","Smart Watch, Standing Desk"
"John","Judith","Smart Watch, Smart Watch"
"John","Henry","Throw Pillows, Gaming Mouse Pad"
"John","Christina","4K Monitor"
"John","Douglas","Water Bottle, Wireless Charger"
"John","Maria","Power Strip, Power Strip, Document Scanner"
"John","Harold","Storage Containers, Food Processor"
"John","Nicole","File Cabinet"
"John","Alexander","Water Bottle, Wireless Earbuds, Wireless Earbuds"
"John","Megan","WiFi Router, Smartphone Case"
"John","Samuel","Wall Clock"
"John","Dorothy","Standing Desk, 4K Monitor, Standing Desk"
"John","Frank","Noise Cancelling Headset, External SSD"
"John","Sophia","External SSD, Office Chair, External SSD"
"John","Lawrence","Wireless Mouse, Mechanical Keyboard"
"John","Alice","Keyboard Wrist Rest, Wireless Earbuds"
"John","Arthur","Smart Watch"
"John","Ruth","Noise Cancelling Headset, Gaming Mouse Pad"
"John","Philip","Bath Towels"
"John","Diana","Storage Containers, Drawer Unit"
"John","Roger","Water Bottle"
"John","Natalie","Wireless Mouse, Desk Mat"
"John","Benjamin","Keyboard Wrist Rest"
"John","Virginia","Mechanical Keyboard, External SSD"
"John","Bruce","Smart Watch, Smart Watch"
"John","Madison","Standing Desk, Standing Desk"
"John","Adam","Gaming Mouse Pad, Water Bottle"
"John","Abigail","Gaming Keyboard, Food Processor"
"John","Gerald","USB-C Hub, USB-C Hub"
"John","Lauren","Webcam HD, Storage Containers, Webcam HD"
"John","Keith","Computer Speakers"
"John","Isabella","Kitchen Blender"
"John","Terry","Laptop Sleeve, Phone Grip, Phone Grip"
"John","Jane","WiFi Router, Standing Desk, Standing Desk"
"John","Wayne","Kitchen Blender, Kitchen Blender"
"John","Amy","USB-C Hub, USB-C Hub, USB-C Hub"
"John","Ralph","Office Chair, Mechanical Keyboard"
"John","Cynthia","Wireless Earbuds, Bluetooth Headphones, Wireless Earbuds"
"John","Smith","Desk Lamp, Desk Lamp"
"John","Johnson","Rice Cooker"
"John","Williams","Microphone"
"John","Brown","4K Monitor"
"John","Jones","Wall Clock, Wall Clock, Coffee Maker"
"John","Garcia","Toaster Oven, Wall Clock"
"John","Miller","Tablet Stand, Tablet Stand"
"John","Davis","Wall Clock"
"John","Rodriguez","Smart Watch, Smart Watch"
"John","Martinez","Smartphone Case"
"John","Hernandez","Bath Towels, Laptop Sleeve"
"John","Lopez","Gaming Keyboard, Gaming Keyboard, Phone Grip"
"John","Gonzalez","Microphone, Wireless Charger"
"John","Wilson","Screen Protector"
"John","Anderson","Bath Towels, Bluetooth Headphones, Bath Towels"
"John","Thomas","Wireless Charger, Wireless Charger"
"John","Taylor","Mechanical Keyboard"
"John","Moore","Wireless Charger"
"John","Jackson","USB-C Hub, Microphone"
"John","Martin","Desk Mat, Microphone, Microphone"
"John","Peter","Microphone"
"John","Victoria","Bluetooth Headphones, Bluetooth Headphones, Standing Desk"
"John","Raymond","Kitchen Blender"
"John","Julia","4K Monitor, 4K Monitor, Computer Speakers"
"John","Scott","Electric Kettle, Electric Kettle, Power Strip"
"John","Grace","Microphone"
"John","Dennis","WiFi Router, WiFi Router"
"John","Evelyn","Desk Lamp, Wireless Presenter, Desk Lamp"
"John","Gregory","Wireless Presenter, Noise Cancelling Headset, Noise Cancelling Headset"
"John","Anna","Water Bottle, Water Bottle, Webcam HD"
"John","Walter","Wall Clock, 4K Monitor, Wall Clock"
"John","Rose","External SSD"
"John","Patrick","Bath Towels"
"John","Judith","Smart Watch, Bath Towels"
"John","Henry","Laptop Sleeve, Laptop Sleeve, WiFi Router"
"John","Christina","Smart Watch"
"John","Douglas","Smartphone Case"
"John","Maria","Toaster Oven"
"John","Harold","Storage Containers"
"John","Nicole","Storage Containers, Storage Containers, Storage Containers"
"John","Alexander","Phone Grip"
"John","Megan","Desk Organizer, Desk Organizer, Bluetooth Headphones"
"John","Samuel","Laptop Sleeve, Laptop Sleeve"
"John","Dorothy","Tablet Stand"
"John","Frank","WiFi Router"
"John","Sophia","Mechanical Keyboard"
"John","Lawrence","WiFi Router"
"John","Alice","External SSD"
"John","Arthur","Electric Kettle, Electric Kettle"
"John","Ruth","Desk Organizer, Desk Lamp"
"John","Philip","Smartphone Case, Toaster Oven"
"John","Diana","Wireless Mouse, Food Processor, Wireless Mouse"
"John","Roger","USB-C Hub, Wireless Mouse"
"John","Natalie","Desk Mat, Power Strip"
"John","Benjamin","Storage Containers"
"John","Virginia","Keyboard Wrist Rest, Keyboard Wrist Rest"
"John","Bruce","Storage Shelf, Storage Shelf"
"John","Madison","Gaming Keyboard, Gaming Keyboard"
"John","Adam","USB-C Hub"
"John","Abigail","Desk Organizer, Bluetooth Headphones"
"John","Gerald","Office Chair, Office Chair, Wireless Earbuds"
"John","Lauren","External SSD, Tablet Stand, External SSD, Tablet Stand"
"John","Keith","Desk Lamp, Desk Lamp, Wireless Mouse"
"John","Isabella","Gaming Mouse Pad, File Cabinet, Gaming Mouse Pad"
"John","Terry","Air Purifier, Air Purifier"
"John","Jane","Keyboard Wrist Rest, Kitchen Blender, Keyboard Wrist Rest"
"John","Wayne","Rice Cooker"
"John","Amy","Standing Desk, Drawer Unit"
"John","Ralph","Mechanical Keyboard"
"John","Cynthia","Air Purifier, Air Purifier"
"John","Smith","Screen Protector, Coffee Maker"
"John","Johnson","Cable Organizer, Cable Organizer"
"John","Williams","4K Monitor, 4K Monitor, Mechanical Keyboard"
"John","Brown","Cable Organizer, External SSD"
"John","Jones","USB-C Hub"
"John","Garcia","Noise Cancelling Headset, Laptop Stand, Noise Cancelling Headset"
"John","Miller","Wall Clock, Water Bottle"
"John","Davis","Document Scanner"
"John","Rodriguez","Wireless Mouse, Laptop Sleeve"
"John","Martinez","WiFi Router"
"John","Hernandez","Laptop Sleeve"
"John","Lopez","External SSD"
"John","Gonzalez","Computer Speakers, Computer Speakers"
"John","Wilson","Mechanical Keyboard, Bath Towels"
"John","Anderson","Cable Organizer"
"John","Thomas","4K Monitor"
"John","Taylor","Monitor Stand, Coffee Maker, Coffee Maker"
"John","Moore","Gaming Mouse Pad, Food Processor"
"John","Jackson","External SSD, External SSD, Desk Organizer"
"John","Martin","Laptop Stand"
"John","Peter","Cable Organizer, Webcam HD"
"John","Victoria","4K Monitor, 4K Monitor"
"John","Raymond","Portable Charger"
"John","Julia","Throw Pillows"
"John","Scott","Standing Desk, Document Scanner, Standing Desk"
"John","Grace","Wireless Mouse, Desk Lamp"
"John","Dennis","Laptop Stand"
"John","Evelyn","File Cabinet, Desk Mat, File Cabinet"
"John","Gregory","Wireless Charger, Wireless Mouse"
"John","Anna","Bookshelf, Bookshelf, Mechanical Keyboard"
"John","Walter","Gaming Keyboard, File Cabinet"
"John","Rose","Power Strip"
"John","Patrick","Keyboard Wrist Rest, 4K Monitor"
"John","Judith","Air Purifier, Air Purifier"
"John","Henry","Wireless Mouse"
"John","Christina","Wall Clock, Wall Clock"
"John","Douglas","Noise Cancelling Headset, Desk Lamp"
"John","Maria","Drawer Unit, Phone Grip"
"John","Harold","Coffee Maker, Gaming Keyboard"
"John","Nicole","Wireless Mouse, Phone Grip"
"John","Alexander","Toaster Oven"
"John","Megan","Laptop Sleeve, Water Bottle"
"John","Samuel","Wireless Earbuds"
"John","Dorothy","Portable Charger"
"John","Frank","Wireless Earbuds, Standing Desk"
"John","Sophia","Smart Watch, Smart Watch, Toaster Oven"
"John","Lawrence","Gaming Keyboard, Standing Desk"
"John","Alice","Screen Protector, Monitor Stand"
"John","Arthur","Water Bottle, Storage Containers"
"John","Ruth","Bluetooth Headphones"
"John","Philip","Electric Kettle"
"John","Diana","Portable Charger, Laptop Sleeve"
"John","Roger","Wireless Charger"
"John","Natalie","Standing Desk"
"John","Benjamin","External SSD"
"John","Virginia","Storage Shelf, Keyboard Wrist Rest"
"John","Bruce","Food Processor"
"John","Madison","Rice Cooker, Rice Cooker, Microphone"
"John","Adam","Water Bottle, Water Bottle"
"John","Abigail","Storage Shelf, Portable Charger, Storage Shelf"
"John","Gerald","Desk Mat, Desk Mat"
"John","Lauren","Document Scanner, Electric Kettle, Electric Kettle, Document Scanner"
"John","Keith","Power Strip, Power Strip"
"John","Isabella","External SSD, Throw Pillows, External SSD"
"John","Terry","Kitchen Blender, Noise Cancelling Headset, Kitchen Blender, Noise Cancelling Headset"
"John","Jane","Coffee Maker"
"John","Wayne","Webcam HD, Desk Organizer"
"John","Amy","Webcam HD, Phone Grip, Phone Grip"
"John","Ralph","Coffee Maker"
"John","Cynthia","Portable Charger, Computer Speakers, Computer Speakers"
"John","Smith","Monitor Stand, Bath Towels, Bath Towels"
"John","Johnson","Office Chair, Office Chair"
"John","Williams","USB-C Hub, USB-C Hub, Rice Cooker"
"John","Brown","Storage Shelf, Keyboard Wrist Rest"
"John","Jones","Mechanical Keyboard, Gaming Mouse Pad"
"John","Garcia","External SSD, Air Purifier"
"John","Miller","Webcam HD, External SSD"
"John","Davis","Electric Kettle, Electric Kettle"
"John","Rodriguez","Drawer Unit, Drawer Unit, Electric Kettle"
"John","Martinez","Electric Kettle, Desk Organizer"
"John","Hernandez","4K Monitor"
"John","Lopez","Noise Cancelling Headset, Noise Cancelling Headset"
"John","Gonzalez","Desk Mat"
"John","Wilson","Computer Speakers"
"John","Anderson","Monitor Stand, Wireless Mouse"
"John","Thomas","Bluetooth Headphones, File Cabinet"
"John","Taylor","Food Processor, Food Processor"
"John","Moore","Gaming Mouse Pad"
"John","Jackson","Gaming Keyboard, Desk Lamp"
"John","Martin","Mechanical Keyboard, Monitor Stand"
"John","Peter","Bookshelf"
"John","Victoria","Phone Grip, Phone Grip"
"John","Raymond","Wireless Earbuds"
"John","Julia","Power Strip, Noise Cancelling Headset"
"John","Scott","Smart Watch, Air Purifier, Air Purifier"
"John","Grace","Tablet Stand"
"John","Dennis","File Cabinet"
"John","Evelyn","Wireless Mouse"
"John","Gregory","External SSD"
"John","Anna","Kitchen Blender"
"John","Walter","Document Scanner"
"John","Rose","Keyboard Wrist Rest, Document Scanner, Document Scanner, Keyboard Wrist Rest"
"John","Patrick","Desk Organizer"
"John","Judith","4K Monitor, 4K Monitor, USB-C Hub"
"John","Henry","Electric Kettle"
"John","Christina","Smart Watch, Wall Clock"
"John","Douglas","Power Strip, Power Strip"
"John","Maria","Computer Speakers, Computer Speakers"
"John","Harold","Desk Lamp, Coffee Maker"
"John","Nicole","Mechanical Keyboard, Mechanical Keyboard"
"John","Alexander","Power Strip"
"John","Megan","Tablet Stand, Tablet Stand"
"John","Samuel","Webcam HD, Webcam HD"
"John","Dorothy","Bookshelf, Bookshelf"
"John","Frank","Air Purifier"
"John","Sophia","External SSD, Monitor Stand"
"John","Lawrence","Webcam HD, Webcam HD"
"John","Alice","Wireless Earbuds, External SSD, Wireless Earbuds"
"John","Arthur","Drawer Unit, Screen Protector, Screen Protector"
"John","Ruth","Desk Mat, Desk Mat, Portable Charger"
"John","Philip","4K Monitor, Drawer Unit"
"John","Diana","Desk Lamp, Desk Lamp"
"John","Roger","Document Scanner, File Cabinet, Document Scanner"
"John","Natalie","Electric Kettle, Electric Kettle"
"John","Benjamin","Noise Cancelling Headset, Noise Cancelling Headset, Wireless Charger"
"John","Virginia","Water Bottle, Water Bottle"
"John","Bruce","Noise Cancelling Headset, External SSD"
"John","Madison","Screen Protector, Water Bottle"
"John","Adam","Microphone"
"John","Abigail","Smartphone Case, Smartphone Case"
"John","Gerald","Toaster Oven"
"John","Lauren","Bookshelf"
"John","Keith","Gaming Mouse Pad, Gaming Mouse Pad, Kitchen Blender"
"John","Isabella","Laptop Sleeve, Food Processor, Food Processor"
"John","Terry","Bluetooth Headphones, Bluetooth Headphones, Bluetooth Headphones"
"John","Jane","Portable Charger"
"John","Wayne","Water Bottle"
"John","Amy","WiFi Router, Document Scanner, WiFi Router"
"John","Ralph","Bluetooth Headphones"
"John","Cynthia","Gaming Mouse Pad, Electric Kettle"
"John","Smith","Wireless Earbuds"
"John","Johnson","Mechanical Keyboard, Standing Desk"
"John","Williams","Wireless Presenter, Wireless Presenter"
"John","Brown","Computer Speakers, Screen Protector"
"John","Jones","Mechanical Keyboard, Wall Clock, Wall Clock, Mechanical Keyboard"
"John","Garcia","Kitchen Blender, Office Chair, Kitchen Blender"
"John","Miller","Wireless Earbuds, Wireless Earbuds"
"John","Davis","USB-C Hub"
"John","Rodriguez","Computer Speakers, Webcam HD, Computer Speakers"
"John","Martinez","Standing Desk, Desk Organizer"
"John","Hernandez","WiFi Router, Document Scanner, WiFi Router"
"John","Lopez","Electric Kettle"
"John","Gonzalez","Wireless Earbuds"
"John","Wilson","Wireless Earbuds, Cable Organizer, Wireless Earbuds, Cable Organizer"
"John","Anderson","Throw Pillows, Bluetooth Headphones, Bluetooth Headphones, Throw Pillows"
"John","Thomas","Mechanical Keyboard, Gaming Mouse Pad"
"John","Taylor","Smartphone Case, Smartphone Case"
"John","Moore","4K Monitor, USB-C Hub"
"John","Jackson","Toaster Oven"
"John","Martin","Laptop Sleeve, Smart Watch"
"John","Peter","Storage Shelf, Storage Shelf, Webcam HD"
"John","Victoria","File Cabinet, File Cabinet"
"John","Raymond","Office Chair, Keyboard Wrist Rest"
"John","Julia","Wireless Mouse, Wireless Mouse, 4K Monitor"
"John","Scott","External SSD"
"John","Grace","Keyboard Wrist Rest, File Cabinet, Keyboard Wrist Rest"
"John","Dennis","Desk Mat, Desk Mat"
"John","Evelyn","Desk Organizer, Desk Organizer"
"John","Gregory","Gaming Mouse Pad, Gaming Mouse Pad, Microphone"
"John","Anna","Office Chair"
"John","Walter","Tablet Stand, USB-C Hub"
"John","Rose","Wireless Mouse, Throw Pillows"
"John","Patrick","Gaming Keyboard, Standing Desk, Standing Desk"
"John","Judith","4K Monitor, 4K Monitor"
"John","Henry","Kitchen Blender"
"John","Christina","Desk Lamp"
"John","Douglas","Mechanical Keyboard, Coffee Maker"
"John","Maria","Noise Cancelling Headset, Desk Mat"
"John","Harold","Drawer Unit"
"John","Nicole","USB-C Hub, Microphone"
"John","Alexander","Laptop Sleeve, Desk Mat, Desk Mat"
"John","Megan","File Cabinet"
"John","Samuel","Wireless Charger"
"John","Dorothy","Storage Containers, Phone Grip"
"John","Frank","Throw Pillows, Throw Pillows"
"John","Sophia","Toaster Oven"
"John","Lawrence","Wireless Mouse, Wireless Mouse, USB-C Hub, USB-C Hub"
"John","Alice","Smart Watch, Toaster Oven, Smart Watch"
"John","Arthur","Laptop Sleeve, Microphone, Laptop Sleeve"
"John","Ruth","4K Monitor, Portable Charger"
"John","Philip","Toaster Oven, Desk Organizer, Desk Organizer"
"John","Diana","Power Strip, Bath Towels"
"John","Roger","Tablet Stand, Tablet Stand"
"John","Natalie","Rice Cooker"
"John","Benjamin","Office Chair, Office Chair"
"John","Virginia","Gaming Mouse Pad"
"John","Bruce","Monitor Stand, Toaster Oven"
"John","Madison","Noise Cancelling Headset, Standing Desk, Noise Cancelling Headset"
"John","Adam","4K Monitor, 4K Monitor, Drawer Unit"
"John","Abigail","Water Bottle"
"John","Gerald","Wireless Mouse, Wireless Mouse, Bookshelf"
"John","Lauren","Storage Containers, Storage Containers"
"John","Keith","Water Bottle, Laptop Stand, Water Bottle"
"John","Isabella","Storage Shelf"
"John","Terry","File Cabinet"
"John","Jane","Phone Grip, WiFi Router, Phone Grip"
"John","Wayne","Bath Towels, Document Scanner"
"John","Amy","File Cabinet"
"John","Ralph","Desk Organizer"
"John","Cynthia","Portable Charger, 4K Monitor, 4K Monitor"
"John","Smith","Toaster Oven"
"John","Johnson","Gaming Keyboard, Microphone, Gaming Keyboard, Microphone"
"John","Williams","Standing Desk, Standing Desk"
"John","Brown","Desk Mat, Desk Mat"
"John","Jones","Wireless Presenter, Cable Organizer"
"John","Garcia","Wireless Earbuds"
"John","Miller","Laptop Sleeve, Laptop Sleeve"
"John","Davis","Throw Pillows, Microphone"
"John","Rodriguez","Laptop Stand, Bluetooth Headphones"
"John","Martinez","Gaming Mouse Pad, Computer Speakers"
"John","Hernandez","4K Monitor"
"John","Lopez","Bookshelf"
"John","Gonzalez","External SSD, External SSD"
"John","Wilson","Wireless Mouse"
"John","Anderson","Smartphone Case, Smartphone Case"
"John","Thomas","Air Purifier, Air Purifier, Wireless Mouse"
"John","Taylor","Desk Lamp"
"John","Moore","Coffee Maker"
"John","Jackson","Phone Grip, 4K Monitor"
"John","Martin","Standing Desk, Standing Desk"
"John","Peter","Wireless Presenter, Wireless Presenter, Food Processor, Food Processor"
"John","Victoria","Drawer Unit, Phone Grip, Drawer Unit"
"John","Raymond","Storage Shelf, Desk Organizer, Desk Organizer"
"John","Julia","Wall Clock, Desk Lamp, Desk Lamp"
"John","Scott","Throw Pillows, Air Purifier, Air Purifier, Throw Pillows"
"John","Grace","Keyboard Wrist Rest, Keyboard Wrist Rest"
"John","Dennis","Rice Cooker"
"John","Evelyn","Desk Lamp"
"John","Gregory","Mechanical Keyboard, Laptop Stand"
"John","Anna","Laptop Sleeve"
"John","Walter","Smartphone Case"
"John","Rose","Wireless Charger"
"John","Patrick","Desk Mat, Computer Speakers, Desk Mat"
"John","Judith","Cable Organizer"
"John","Henry","Wireless Charger, Laptop Stand, Wireless Charger, Laptop Stand"
"John","Christina","Toaster Oven"
"John","Douglas","Wireless Earbuds, Toaster Oven"
"John","Maria","Cable Organizer"
"John","Harold","Rice Cooker, Rice Cooker"
"John","Nicole","Laptop Stand, Laptop Stand, Electric Kettle"
"John","Alexander","Portable Charger"
"John","Megan","Office Chair"
"John","Samuel","Food Processor"
"John","Dorothy","Mechanical Keyboard, Smartphone Case"
"John","Frank","Monitor Stand"
"John","Sophia","Gaming Mouse Pad, Wall Clock, Gaming Mouse Pad, Wall Clock"
"John","Lawrence","Electric Kettle"
"John","Alice","Standing Desk, Standing Desk"
"John","Arthur","Noise Cancelling Headset"
"John","Ruth","Wireless Charger"
"John","Philip","Laptop Stand"
"John","Diana","Noise Cancelling Headset, Noise Cancelling Headset, Wireless Charger"
"John","Roger","Kitchen Blender"
"John","Natalie","Laptop Sleeve"
"John","Benjamin","Bath Towels, Bath Towels"
"John","Virginia","Desk Organizer"
"John","Bruce","Tablet Stand, Storage Shelf"
"John","Madison","Bath Towels, Bath Towels"
"John","Adam","Gaming Mouse Pad, Gaming Mouse Pad, Cable Organizer"
"John","Abigail","Bluetooth Headphones"
"John","Gerald","Noise Cancelling Headset, Noise Cancelling Headset"
"John","Lauren","4K Monitor, 4K Monitor"
"John","Keith","Storage Containers, Storage Containers"
"John","Isabella","USB-C Hub, WiFi Router"
"John","Terry","Bluetooth Headphones, Bluetooth Headphones"
"John","Jane","4K Monitor, Storage Shelf, 4K Monitor"
"John","Wayne","Wireless Mouse, Wireless Mouse, Water Bottle"
"John","Amy","Office Chair"
"John","Ralph","Bath Towels, Bath Towels, Bath Towels"
"John","Cynthia","Webcam HD, Webcam HD, Power Strip"
"John","Smith","Cable Organizer, Cable Organizer"
"John","Johnson","Air Purifier, 4K Monitor, Air Purifier, 4K Monitor"
"John","Williams","Smartphone Case, Smartphone Case, Webcam HD, Webcam HD"
"John","Brown","Gaming Keyboard, Toaster Oven"
"John","Jones","Rice Cooker"
"John","Garcia","Storage Shelf"
"John","Miller","Bath Towels"
"John","Davis","Portable Charger, Portable Charger, Keyboard Wrist Rest"
"John","Rodriguez","Microphone, Microphone"
"John","Martinez","Noise Cancelling Headset, Noise Cancelling Headset"
"John","Hernandez","Monitor Stand"
"John","Lopez","USB-C Hub"
"John","Gonzalez","Kitchen Blender, 4K Monitor, 4K Monitor"
"John","Wilson","Storage Shelf, Microphone, Microphone"
"John","Anderson","Storage Shelf, Storage Shelf, Storage Shelf"
"John","Thomas","USB-C Hub, USB-C Hub"
"John","Taylor","Microphone"
"John","Moore","Power Strip"
"John","Jackson","Food Processor, Wireless Presenter"
"John","Martin","Laptop Sleeve, Laptop Sleeve"
"John","Peter","Wall Clock, Cable Organizer, Wall Clock"
"John","Victoria","Portable Charger"
"John","Raymond","Document Scanner, Electric Kettle"
"John","Julia","Computer Speakers, Coffee Maker, Coffee Maker"
"John","Scott","Bath Towels, Desk Lamp"
"John","Grace","Mechanical Keyboard"
"John","Dennis","Standing Desk, Standing Desk, Standing Desk"
"John","Evelyn","Monitor Stand, Monitor Stand"
"John","Gregory","Office Chair, Gaming Keyboard, Gaming Keyboard"
"John","Anna","Smartphone Case"
"John","Walter","Webcam HD"
"John","Rose","Kitchen Blender, Kitchen Blender"
"John","Patrick","Noise Cancelling Headset, Noise Cancelling Headset"
"John","Judith","Smartphone Case, Desk Lamp"
"John","Henry","Desk Lamp"
"John","Christina","Mechanical Keyboard, Mechanical Keyboard, Wireless Presenter"
"John","Douglas","Laptop Sleeve, 4K Monitor, Laptop Sleeve"
"John","Maria","Mechanical Keyboard, Monitor Stand"
"John","Harold","Throw Pillows"
"John","Nicole","Noise Cancelling Headset, Noise Cancelling Headset, Phone Grip"
"John","Alexander","Noise Cancelling Headset, Document Scanner"
"John","Megan","Document Scanner, Desk Mat"
"John","Samuel","Bath Towels"
"John","Dorothy","Standing Desk, Laptop Sleeve, Laptop Sleeve"
"John","Frank","Laptop Stand"
"John","Sophia","Wireless Charger, Wireless Charger, External SSD"
"John","Lawrence","Mechanical Keyboard"
"John","Alice","Standing Desk, Tablet Stand"
"John","Arthur","Desk Lamp, 4K Monitor, 4K Monitor"
"John","Ruth","4K Monitor, 4K Monitor"
"John","Philip","Electric Kettle, Storage Shelf"
"John","Diana","Bookshelf, Desk Mat, Desk Mat"
"John","Roger","Storage Shelf, Storage Shelf, Wireless Earbuds, Wireless Earbuds"
"John","Natalie","Drawer Unit"
"John","Benjamin","Throw Pillows, Throw Pillows"
"John","Virginia","Laptop Stand, Laptop Stand"
"John","Bruce","Food Processor, Food Processor"
"John","Madison","Desk Organizer"
"John","Adam","Desk Mat, Keyboard Wrist Rest"
"John","Abigail","Storage Containers, Webcam HD, Webcam HD"
"John","Gerald","Webcam HD, Bookshelf, Bookshelf"
"John","Lauren","Standing Desk, Bluetooth Headphones"
"John","Keith","Microphone, 4K Monitor"
"John","Isabella","Electric Kettle, File Cabinet, File Cabinet"
"John","Terry","Standing Desk, Kitchen Blender, Standing Desk"
"John","Jane","Smart Watch, Gaming Keyboard"
"John","Wayne","Wall Clock"
"John","Amy","Computer Speakers"
"John","Ralph","Computer Speakers"
"John","Cynthia","Smartphone Case, Microphone"
"John","Smith","Bookshelf"
"John","Johnson","Storage Containers, Phone Grip"
"John","Williams","Toaster Oven, Gaming Mouse Pad, Toaster Oven"
"John","Brown","Phone Grip"
"John","Jones","Webcam HD, Air Purifier"
"John","Garcia","Smartphone Case, Coffee Maker"
"John","Miller","Toaster Oven, 4K Monitor"
"John","Davis","Gaming Mouse Pad, Gaming Mouse Pad, Keyboard Wrist Rest"
"John","Rodriguez","Wireless Charger"
"John","Martinez","Air Purifier, Air Purifier"
"John","Hernandez","Food Processor"
"John","Lopez","Tablet Stand, Tablet Stand"
"John","Gonzalez","Bookshelf"
"John","Wilson","Bluetooth Headphones, Bluetooth Headphones"
"John","Anderson","Smartphone Case, Smartphone Case"
"John","Thomas","Smart Watch, Wireless Charger"
"John","Taylor","USB-C Hub, Phone Grip"
"John","Moore","Bookshelf, Air Purifier"
"John","Jackson","Electric Kettle, Electric Kettle"
"John","Martin","Wireless Charger, Wireless Charger"
"John","Peter","Bookshelf, Coffee Maker, Coffee Maker"
"John","Victoria","Coffee Maker"
"John","Raymond","Portable Charger"
"John","Julia","Kitchen Blender"
"John","Scott","Monitor Stand, Monitor Stand"
"John","Grace","Wireless Presenter"
"John","Dennis","Food Processor, Food Processor"
"John","Evelyn","Storage Shelf, Storage Shelf"
"John","Gregory","USB-C Hub"
"John","Anna","Webcam HD, Webcam HD"
"John","Walter","4K Monitor, 4K Monitor, Water Bottle"
"John","Rose","Gaming Keyboard"
"John","Patrick","File Cabinet, Desk Lamp"
"John","Judith","Kitchen Blender, Microphone"
"John","Henry","Wireless Earbuds, Food Processor"
"John","Christina","Noise Cancelling Headset"
"John","Douglas","File Cabinet, File Cabinet, Smart Watch"
"John","Maria","Document Scanner, Desk Lamp"
"John","Harold","Kitchen Blender"
"John","Nicole","Standing Desk, Standing Desk"
"John","Alexander","Wall Clock, Wall Clock, Tablet Stand, Tablet Stand"
"John","Megan","Wireless Mouse, Smart Watch"
"John","Samuel","Wireless Presenter, Wireless Mouse"
"John","Dorothy","Wall Clock, Mechanical Keyboard, Wall Clock"
"John","Frank","File Cabinet"
"John","Sophia","Standing Desk, Office Chair, Standing Desk"
"John","Lawrence","Laptop Stand, Screen Protector, Laptop Stand"
"John","Alice","Wireless Charger"
"John","Arthur","Document Scanner"
"John","Ruth","Food Processor"
"John","Philip","Smart Watch, Smart Watch"
"John","Diana","External SSD, External SSD, Screen Protector, Screen Protector"
"John","Roger","Gaming Mouse Pad, Desk Mat"
"John","Natalie","Wireless Charger"
"John","Benjamin","Coffee Maker, Coffee Maker"
"John","Virginia","Mechanical Keyboard, Mechanical Keyboard"
"John","Bruce","Storage Shelf, Document Scanner, Document Scanner"
"John","Madison","Portable Charger, Portable Charger, Computer Speakers"
"John","Adam","Power Strip, Smartphone Case"
"John","Abigail","Laptop Stand, Document Scanner, Laptop Stand"
"John","Gerald","Monitor Stand, Monitor Stand, Tablet Stand, Tablet Stand"
"John","Lauren","Drawer Unit"
"John","Keith","External SSD"
"John","Isabella","Smart Watch"
"John","Terry","Wireless Presenter, Keyboard Wrist Rest"
"John","Jane","Throw Pillows"
"John","Wayne","Wireless Presenter, WiFi Router"
"John","Amy","Desk Lamp, Rice Cooker"
"John","Ralph","Kitchen Blender, Kitchen Blender"
"John","Cynthia","Bluetooth Headphones, Office Chair"
"John","Smith","Food Processor"
"John","Johnson","Webcam HD, Webcam HD"
"John","Williams","Throw Pillows"
"John","Brown","Desk Lamp, Phone Grip, Phone Grip"
"John","Jones","Rice Cooker, Rice Cooker, WiFi Router"
"John","Garcia","Wireless Charger, Wall Clock"
"John","Miller","Kitchen Blender"
"John","Davis","Webcam HD"
"John","Rodriguez","Cable Organizer, Wireless Earbuds, Cable Organizer"
"John","Martinez","Electric Kettle, Electric Kettle, WiFi Router"
"John","Hernandez","Throw Pillows"
"John","Lopez","Wireless Presenter"
"John","Gonzalez","Monitor Stand"
"John","Wilson","Wireless Presenter"
"John","Anderson","Noise Cancelling Headset"
"John","Thomas","Drawer Unit"
"John","Taylor","Desk Organizer"
"John","Moore","Computer Speakers, Webcam HD"
"John","Jackson","Desk Mat, Laptop Stand, Laptop Stand"
"John","Martin","WiFi Router, WiFi Router"
"John","Peter","Standing Desk, Standing Desk"
"John","Victoria","Phone Grip, Phone Grip"
"John","Raymond","Document Scanner, USB-C Hub, Document Scanner, USB-C Hub"
"John","Julia","Wireless Charger, Portable Charger, Portable Charger"
"John","Scott","Phone Grip, Food Processor"
"John","Grace","Desk Lamp"
"John","Dennis","Drawer Unit, Drawer Unit, Desk Lamp"
"John","Evelyn","USB-C Hub, USB-C Hub"
"John","Gregory","Power Strip, Desk Organizer, Desk Organizer"
"John","Anna","Rice Cooker"
"John","Walter","Bath Towels, Bath Towels, Wall Clock"
"John","Rose","Storage Containers, Food Processor, Food Processor, Storage Containers"
"John","Patrick","4K Monitor, Desk Organizer"
"John","Judith","Coffee Maker, Coffee Maker"
"John","Henry","Storage Containers, Water Bottle"
"John","Christina","Screen Protector"
"John","Douglas","Webcam HD, Smartphone Case, Smartphone Case"
"John","Maria","Bookshelf, Standing Desk"
"John","Harold","Laptop Sleeve, 4K Monitor"
"John","Nicole","Document Scanner, File Cabinet"
"John","Alexander","Coffee Maker, Smart Watch"
"John","Megan","Desk Lamp, 4K Monitor, Desk Lamp, 4K Monitor"
"John","Samuel","Wall Clock"
"John","Dorothy","Screen Protector, Keyboard Wrist Rest, Keyboard Wrist Rest, Screen Protector"
"John","Frank","Desk Organizer, Desk Organizer"
"John","Sophia","Drawer Unit, Drawer Unit"
"John","Lawrence","Phone Grip"
"John","Alice","Toaster Oven"
"John","Arthur","USB-C Hub"
"John","Ruth","Bath Towels, Bath Towels, Air Purifier"
"John","Philip","Smartphone Case, Smartphone Case, Rice Cooker"
"John","Diana","Phone Grip, Phone Grip"
"John","Roger","Office Chair, Office Chair, Gaming Keyboard, Gaming Keyboard"
"John","Natalie","Computer Speakers"
"John","Benjamin","Computer Speakers"
"John","Virginia","Coffee Maker"
"John","Bruce","Smart Watch, Microphone, Smart Watch"
"John","Madison","Power Strip, Keyboard Wrist Rest"
"John","Adam","WiFi Router, WiFi Router"
"John","Abigail","File Cabinet, External SSD"
"John","Gerald","Electric Kettle, Coffee Maker, Coffee Maker"
"John","Lauren","Wireless Presenter, Wireless Earbuds, Wireless Presenter"
"John","Keith","4K Monitor"
"John","Isabella","Water Bottle, Water Bottle"
"John","Terry","Desk Lamp, Document Scanner"
"John","Jane","Standing Desk, Standing Desk"
"John","Wayne","Monitor Stand, Monitor Stand"
"John","Amy","Noise Cancelling Headset"
"John","Ralph","Microphone, Microphone"
"John","Cynthia","Keyboard Wrist Rest"
"John","Smith","Gaming Mouse Pad, Phone Grip, Gaming Mouse Pad"
"John","Johnson","Air Purifier, Air Purifier, Desk Lamp, Desk Lamp"
"John","Williams","Electric Kettle, Electric Kettle"
"John","Brown","Wall Clock"
"John","Jones","Desk Organizer, Desk Organizer, Phone Grip"
"John","Garcia","Microphone"
"John","Miller","Computer Speakers"
"John","Davis","Smart Watch"
"John","Rodriguez","Wireless Charger, Phone Grip"
"John","Martinez","Screen Protector"
"John","Hernandez","Smart Watch"
"John","Lopez","Laptop Sleeve, Laptop Sleeve"
"John","Gonzalez","Webcam HD, Webcam HD, Tablet Stand"
"John","Wilson","Standing Desk, Standing Desk"
"John","Anderson","Food Processor"
"John","Thomas","Air Purifier, Screen Protector"
"John","Taylor","Air Purifier, Coffee Maker"
"John","Moore","Noise Cancelling Headset"
"John","Jackson","Monitor Stand"
"John","Martin","Throw Pillows, Desk Lamp, Desk Lamp"
"John","Peter","Water Bottle, Coffee Maker"
"John","Victoria","Wireless Mouse"
"John","Raymond","Standing Desk, Standing Desk, Wireless Earbuds"
"John","Julia","Smartphone Case, Computer Speakers, Computer Speakers"
"John","Scott","Office Chair, Office Chair"
"John","Grace","External SSD, Desk Lamp, Desk Lamp, External SSD"
"John","Dennis","Air Purifier"
"John","Evelyn","Laptop Stand"
"John","Gregory","Bookshelf, Bookshelf"
"John","Anna","Throw Pillows"
"John","Walter","Monitor Stand, Monitor Stand"
"John","Rose","Kitchen Blender"
"John","Patrick","Rice Cooker"
"John","Judith","4K Monitor, 4K Monitor, Bath Towels"
"John","Henry","Desk Organizer"
"John","Christina","Throw Pillows"
"John","Douglas","Portable Charger"
"John","Maria","External SSD"
"John","Harold","Laptop Stand, Wireless Earbuds"
"John","Nicole","Air Purifier, Desk Mat, Air Purifier, Desk Mat"
"John","Alexander","Keyboard Wrist Rest"
"John","Megan","Document Scanner"
"John","Samuel","Storage Containers"
"John","Dorothy","Webcam HD, Storage Containers, Webcam HD"
"John","Frank","Electric Kettle, Computer Speakers, Computer Speakers"
"John","Sophia","Noise Cancelling Headset, Bluetooth Headphones, Bluetooth Headphones"
"John","Lawrence","Electric Kettle"
"John","Alice","Computer Speakers, Desk Lamp"
"John","Arthur","Throw Pillows, Drawer Unit, Drawer Unit"
"John","Ruth","Webcam HD, Coffee Maker"
"John","Philip","Kitchen Blender, Cable Organizer, Cable Organizer"
"John","Diana","File Cabinet, Coffee Maker, Coffee Maker"
"John","Roger","Gaming Keyboard"
"John","Natalie","Wireless Earbuds"
"John","Benjamin","Monitor Stand, Monitor Stand, Throw Pillows, Throw Pillows"
"John","Virginia","Office Chair, Bluetooth Headphones, Office Chair"
"John","Bruce","Bookshelf, Bookshelf"
"John","Madison","Microphone"
"John","Adam","Wireless Charger"
"John","Abigail","WiFi Router, Gaming Mouse Pad"
"John","Gerald","Storage Shelf, Noise Cancelling Headset, Storage Shelf"
"John","Lauren","Standing Desk, Standing Desk"
"John","Keith","Desk Organizer, Coffee Maker"
"John","Isabella","Gaming Mouse Pad"
"John","Terry","Bath Towels, USB-C Hub, Bath Towels"
"John","Jane","4K Monitor"
"John","Wayne","Storage Containers, Storage Containers, Bath Towels, Bath Towels"
"John","Amy","4K Monitor"
"John","Ralph","Microphone, Microphone"
"John","Cynthia","Gaming Keyboard"
"John","Smith","Webcam HD, Webcam HD, Noise Cancelling Headset"
"John","Johnson","Food Processor, Wall Clock, Wall Clock, Food Processor"
"John","Williams","Phone Grip, External SSD"
"John","Brown","USB-C Hub, Water Bottle, Water Bottle"
"John","Jones","Smartphone Case"
"John","Garcia","Wireless Charger, Wireless Charger"
"John","Miller","Electric Kettle"
"John","Davis","Gaming Keyboard"
"John","Rodriguez","Webcam HD, USB-C Hub"
"John","Martinez","Laptop Stand, Monitor Stand"
"John","Hernandez","Bluetooth Headphones, Screen Protector, Screen Protector"
"John","Lopez","Wireless Earbuds, Electric Kettle"
"John","Gonzalez","Desk Mat, Laptop Sleeve, Desk Mat"
"John","Wilson","Wireless Earbuds, Wireless Earbuds"
"John","Anderson","Office Chair, Office Chair"
"John","Thomas","Portable Charger, Document Scanner, Document Scanner"
"John","Taylor","Coffee Maker, Smartphone Case"
"John","Moore","Mechanical Keyboard, Mechanical Keyboard, Drawer Unit, Drawer Unit"
"John","Jackson","Office Chair"
"John","Martin","Coffee Maker, Noise Cancelling Headset"
"John","Peter","Gaming Mouse Pad"
"John","Victoria","Tablet Stand"
"John","Raymond","Computer Speakers, Computer Speakers, Wall Clock, Wall Clock"
"John","Julia","Toaster Oven, Storage Containers"
"John","Scott","Kitchen Blender"
"John","Grace","Computer Speakers, Wireless Presenter"
"John","Dennis","Mechanical Keyboard, WiFi Router"
"John","Evelyn","File Cabinet"
"John","Gregory","Smartphone Case, Smartphone Case, Laptop Sleeve, Laptop Sleeve"
"John","Anna","Tablet Stand, Keyboard Wrist Rest"
"John","Walter","USB-C Hub"
"John","Rose","Rice Cooker, Rice Cooker"
"John","Patrick","Office Chair"
"John","Judith","Cable Organizer"
"John","Henry","Microphone"
"John","Christina","Bluetooth Headphones"
"John","Douglas","Electric Kettle, Rice Cooker, Rice Cooker"
"John","Maria","File Cabinet, Keyboard Wrist Rest"
"John","Harold","Laptop Sleeve"
"John","Nicole","Webcam HD, Webcam HD"
"John","Alexander","Storage Containers, Kitchen Blender, Storage Containers, Kitchen Blender"
"John","Megan","Kitchen Blender"
"John","Samuel","Gaming Mouse Pad, Gaming Mouse Pad"
"John","Dorothy","Gaming Mouse Pad"
"John","Frank","Electric Kettle"
"John","Sophia","Phone Grip, Storage Containers"
"John","Lawrence","4K Monitor, Bath Towels, Bath Towels"
"John","Alice","4K Monitor, Kitchen Blender"
"John","Arthur","Throw Pillows"
"John","Ruth","Desk Lamp"
"John","Philip","Tablet Stand, Wireless Earbuds, Wireless Earbuds"
"John","Diana","Noise Cancelling Headset, Noise Cancelling Headset"
"John","Roger","Document Scanner"
"John","Natalie","Document Scanner, Wireless Charger, Wireless Charger"
"John","Benjamin","Bath Towels"
"John","Virginia","Desk Organizer, Wireless Earbuds, Desk Organizer, Wireless Earbuds"
"John","Bruce","Rice Cooker, Wireless Charger, Wireless Charger"
"John","Madison","Document Scanner"
"John","Adam","Phone Grip, Phone Grip"
"John","Abigail","Mechanical Keyboard, Portable Charger, Portable Charger"
"John","Gerald","Laptop Sleeve, Monitor Stand"
"John","Lauren","Office Chair"
"John","Keith","Bath Towels, Bath Towels"
"John","Isabella","Computer Speakers, Bluetooth Headphones, Bluetooth Headphones"
"John","Terry","Bluetooth Headphones"
"John","Jane","Toaster Oven, Storage Containers, Toaster Oven"
"John","Wayne","Tablet Stand, Tablet Stand"
"John","Amy","4K Monitor"
"John","Ralph","Noise Cancelling Headset"
"John","Cynthia","Bluetooth Headphones"
"John","Smith","Drawer Unit, Phone Grip, Phone Grip"
"John","Johnson","Toaster Oven, Gaming Mouse Pad, Gaming Mouse Pad"
"John","Williams","Noise Cancelling Headset, Standing Desk"
"John","Brown","Storage Containers, Storage Containers, Bath Towels"
"John","Jones","Keyboard Wrist Rest"
"John","Garcia","Storage Shelf, Wireless Mouse, Wireless Mouse"
"John","Miller","Wireless Charger, File Cabinet"
"John","Davis","Wireless Charger, Monitor Stand"
"John","Rodriguez","Tablet Stand, Phone Grip, Phone Grip"
"John","Martinez","Bluetooth Headphones, Bluetooth Headphones"
"John","Hernandez","Bath Towels, Desk Organizer"
"John","Lopez","Storage Shelf, Electric Kettle, Storage Shelf, Electric Kettle"
"John","Gonzalez","Microphone, Microphone"
"John","Wilson","Gaming Keyboard, Monitor Stand, Monitor Stand"
"John","Anderson","Rice Cooker"
"John","Thomas","Cable Organizer"
"John","Taylor","USB-C Hub"
"John","Moore","Monitor Stand, Monitor Stand, Wireless Earbuds"
"John","Jackson","Wireless Earbuds, Wireless Earbuds"
"John","Martin","WiFi Router"
"John","Peter","Storage Containers"
"John","Victoria","Food Processor"
"John","Raymond","Power Strip"
"John","Julia","Wireless Mouse, Mechanical Keyboard"
"John","Scott","Portable Charger, Portable Charger, Smart Watch"
"John","Grace","Desk Organizer"
"John","Dennis","Portable Charger"
"John","Evelyn","Bluetooth Headphones"
"John","Gregory","Bath Towels, Power Strip, Bath Towels"
"John","Anna","Wireless Charger"
"John","Walter","Phone Grip, Air Purifier"
"John","Rose","Gaming Mouse Pad"
"John","Patrick","Microphone, Desk Organizer, Microphone"
"John","Judith","4K Monitor, Monitor Stand, Monitor Stand"
"John","Henry","Tablet Stand"
"John","Christina","Air Purifier, Air Purifier, Air Purifier"
"John","Douglas","Toaster Oven, Toaster Oven, 4K Monitor"
"John","Maria","Power Strip, Power Strip"
"John","Harold","Air Purifier, Tablet Stand, Tablet Stand, Air Purifier"
"John","Nicole","Tablet Stand, Tablet Stand"
"John","Alexander","Keyboard Wrist Rest, Bath Towels"
"John","Megan","Rice Cooker"
"John","Samuel","External SSD, Cable Organizer, External SSD, Cable Organizer"
"John","Dorothy","Kitchen Blender, Kitchen Blender"
"John","Frank","WiFi Router"
"John","Sophia","Gaming Keyboard"
"John","Lawrence","Wireless Earbuds, Wall Clock, Wireless Earbuds"
"John","Alice","4K Monitor"
"John","Arthur","Rice Cooker"
"John","Ruth","Storage Containers"
"John","Philip","Throw Pillows, Cable Organizer"
"John","Diana","Tablet Stand"
"John","Roger","Bookshelf"
"John","Natalie","Standing Desk"
"John","Benjamin","Electric Kettle, Electric Kettle, Screen Protector"
"John","Virginia","Noise Cancelling Headset, Bluetooth Headphones, Bluetooth Headphones"
"John","Bruce","Screen Protector"
"John","Madison","Document Scanner"
"John","Adam","Monitor Stand"
"John","Abigail","Bookshelf, Drawer Unit, Bookshelf"
"John","Gerald","Office Chair, Standing Desk, Office Chair"
"John","Lauren","File Cabinet, Monitor Stand, File Cabinet"
"John","Keith","Kitchen Blender, Standing Desk, Standing Desk"
"John","Isabella","Water Bottle, Water Bottle, Smartphone Case"
"John","Terry","Wireless Mouse"
"John","Jane","Mechanical Keyboard, Gaming Keyboard, Gaming Keyboard"
"John","Wayne","Office Chair"
"John","Amy","Storage Shelf, Kitchen Blender, Storage Shelf, Kitchen Blender"
"John","Ralph","Document Scanner, Monitor Stand"
"John","Cynthia","Throw Pillows, Throw Pillows"
"John","Smith","USB-C Hub"
"John","Johnson","Desk Mat, Desk Mat"
"John","Williams","Wireless Charger, Wireless Charger"
"John","Brown","Computer Speakers, Laptop Stand"
"John","Jones","Air Purifier, Cable Organizer"
"John","Garcia","Rice Cooker"
"John","Miller","Wireless Charger, Office Chair, Wireless Charger"
"John","Davis","External SSD, External SSD"
"John","Rodriguez","Wireless Presenter"
"John","Martinez","USB-C Hub, USB-C Hub"
"John","Hernandez","Document Scanner, Computer Speakers"
"John","Lopez","USB-C Hub"
"John","Gonzalez","Electric Kettle, Electric Kettle"
"John","Wilson","Water Bottle"
"John","Anderson","Standing Desk, Standing Desk"
"John","Thomas","Office Chair, Power Strip, Office Chair"
"John","Taylor","Computer Speakers, Tablet Stand, Computer Speakers, Tablet Stand"
"John","Moore","Gaming Keyboard, File Cabinet, File Cabinet"
"John","Jackson","Air Purifier, Monitor Stand"
"John","Martin","Wireless Mouse, Wireless Mouse, 4K Monitor"
"John","Peter","Bookshelf, Bookshelf, Storage Shelf"
"John","Victoria","Wireless Charger, External SSD"
"John","Raymond","Desk Mat, Water Bottle"
"John","Julia","Desk Lamp, Noise Cancelling Headset, Noise Cancelling Headset"
"John","Scott","Water Bottle, Water Bottle, Gaming Keyboard"
"John","Grace","Air Purifier, Air Purifier"
"John","Dennis","External SSD, External SSD"
"John","Evelyn","Bath Towels"
"John","Gregory","Storage Shelf, Storage Shelf, Air Purifier"
"John","Anna","Mechanical Keyboard, Air Purifier, Mechanical Keyboard, Air Purifier"
"John","Walter","Desk Organizer, Water Bottle"
"John","Rose","4K Monitor, 4K Monitor"
"John","Patrick","File Cabinet, File Cabinet, Coffee Maker, Coffee Maker"
"John","Judith","External SSD"
"John","Henry","Desk Organizer"
"John","Christina","Cable Organizer, Cable Organizer"
"John","Douglas","Laptop Sleeve, WiFi Router, WiFi Router"
"John","Maria","Smartphone Case"
"John","Harold","Bookshelf, Monitor Stand, Monitor Stand"
"John","Nicole","Throw Pillows, Food Processor, Food Processor, Throw Pillows"
"John","Alexander","Portable Charger, Portable Charger"
"John","Megan","Kitchen Blender, Kitchen Blender"
"John","Samuel","Bath Towels"
"John","Dorothy","Power Strip"
"John","Frank","Smartphone Case, Rice Cooker, Smartphone Case"
"John","Sophia","Gaming Mouse Pad, Kitchen Blender, Kitchen Blender, Gaming Mouse Pad"
"John","Lawrence","Coffee Maker, Portable Charger, Portable Charger"
"John","Alice","Webcam HD"
"John","Arthur","Tablet Stand"
"John","Ruth","Wireless Earbuds"
"John","Philip","Throw Pillows"
"John","Diana","Power Strip"
"John","Roger","Bluetooth Headphones, Air Purifier"
"John","Natalie","Webcam HD, Webcam HD"
"John","Benjamin","Kitchen Blender, Drawer Unit"
"John","Virginia","Wireless Charger, Wireless Charger"
"John","Bruce","Wireless Mouse, Mechanical Keyboard"
"John","Madison","Wall Clock, Smartphone Case"
"John","Adam","Wall Clock, Air Purifier, Air Purifier"
"John","Abigail","4K Monitor"
"John","Gerald","Bluetooth Headphones"
"John","Lauren","Gaming Mouse Pad, WiFi Router, WiFi Router, Gaming Mouse Pad"
"John","Keith","Smartphone Case, Storage Containers"
"John","Isabella","Noise Cancelling Headset, Gaming Keyboard"
"John","Terry","Wireless Earbuds"
"John","Jane","External SSD"
"John","Wayne","Computer Speakers"
"John","Amy","Storage Containers, Power Strip"
"John","Ralph","Laptop Sleeve, Monitor Stand"
"John","Cynthia","Coffee Maker, Coffee Maker"
"John","Smith","Document Scanner, Document Scanner"
"John","Johnson","Desk Organizer, Desk Organizer"
"John","Williams","Office Chair, Phone Grip"
"John","Brown","Kitchen Blender"
"John","Jones","Desk Organizer"
"John","Garcia","WiFi Router, WiFi Router"
"John","Miller","Smartphone Case, Water Bottle"
"John","Davis","Webcam HD, Storage Containers"
"John","Rodriguez","Storage Shelf, Coffee Maker"
"John","Martinez","Microphone"
"John","Hernandez","Kitchen Blender, Document Scanner"
"John","Lopez","Noise Cancelling Headset, Laptop Stand, Laptop Stand"
"John","Gonzalez","Phone Grip, Wireless Mouse, Phone Grip, Wireless Mouse"
"John","Wilson","Rice Cooker, Rice Cooker"
"John","Anderson","Gaming Mouse Pad, Gaming Mouse Pad"
"John","Thomas","External SSD, USB-C Hub, External SSD, USB-C Hub"
"John","Taylor","Bluetooth Headphones, Wireless Presenter"
"John","Moore","Keyboard Wrist Rest, Keyboard Wrist Rest, Wireless Charger, Wireless Charger"
"John","Jackson","Storage Containers, Storage Containers"
"John","Martin","Monitor Stand, Mechanical Keyboard"
"John","Peter","Power Strip"
"John","Victoria","Laptop Sleeve"
"John","Raymond","Wireless Presenter, Throw Pillows"
"John","Julia","WiFi Router"
"John","Scott","Air Purifier"
"John","Grace","Throw Pillows"
"John","Dennis","Bluetooth Headphones, Bluetooth Headphones, Bookshelf"
"John","Evelyn","Phone Grip, Laptop Stand"
"John","Gregory","File Cabinet"
"John","Anna","Screen Protector"
"John","Walter","Water Bottle, Webcam HD"
"John","Rose","Wireless Earbuds, Wireless Earbuds"
"John","Patrick","Wireless Earbuds"
"John","Judith","Kitchen Blender"
"John","Henry","Mechanical Keyboard, Mechanical Keyboard"
"John","Christina","Standing Desk, Storage Shelf, Storage Shelf"
"John","Douglas","WiFi Router, Bookshelf"
"John","Maria","External SSD"
"John","Harold","Desk Organizer"
"John","Nicole","Storage Containers, Storage Shelf, Storage Shelf"
"John","Alexander","Air Purifier, Air Purifier"
"John","Megan","Kitchen Blender"
"John","Samuel","Coffee Maker, Coffee Maker"
"John","Dorothy","Microphone"
"John","Frank","Power Strip, File Cabinet"
"John","Sophia","Microphone, Rice Cooker, Rice Cooker"
"John","Lawrence","Gaming Keyboard"
"John","Alice","Laptop Stand, Desk Mat"
"John","Arthur","Microphone, Microphone"
"John","Ruth","Monitor Stand"
"John","Philip","Portable Charger, Portable Charger"
"John","Diana","Gaming Keyboard, Desk Organizer, Desk Organizer"
"John","Roger","Throw Pillows, 4K Monitor, Throw Pillows"
"John","Natalie","Portable Charger, Document Scanner, Portable Charger, Document Scanner"
"John","Benjamin","Storage Containers, Tablet Stand, Storage Containers"
"John","Virginia","Desk Mat, Storage Containers, Storage Containers"
"John","Bruce","Desk Organizer, Desk Organizer, Drawer Unit, Drawer Unit"
"John","Madison","Rice Cooker"
"John","Adam","Rice Cooker, Webcam HD, Rice Cooker"
"John","Abigail","Computer Speakers"
